0x00000000,global_tags
0x00000001,rasterizer\rasterizer_cache_file_globals
0x00000002,hf2p\global_textures_list
0x00000003,hf2p\global_files_list
0x00000004,globals\globals
0x0000009E,fx\scenery_fx\havok\havok_collection
0x0000009F,sound\sound_classes
0x000000A0,sound\global_fx
0x000000A1,sound\sound_mix
0x000000A2,sound\combat_dialogue_constants
0x000000A3,sound\default
0x000000A4,sound\ui_sounds
0x000000A5,ai\ai_dialogue_globals
0x000000A6,ai\normal
0x000000A7,ai\bunkering
0x000000A8,ai\assaulting
0x000000A9,globals\ai_globals
0x000000AA,globals\default_unit_camera_track
0x000000AB,sound\weapons\frag_grenade\frag_throw
0x000000AC,objects\weapons\grenade\frag_grenade\frag_grenade
0x000000AD,objects\weapons\grenade\frag_grenade\frag_grenade
0x000000AE,sound\weapons\plasma_grenade\throwgren
0x000000AF,objects\weapons\grenade\plasma_grenade\plasma_grenade
0x000000B0,objects\weapons\grenade\plasma_grenade\plasma_grenade
0x000000B1,sound\weapons\claymore_grenade\claymore_throw
0x000000B2,objects\weapons\grenade\claymore_grenade\claymore_grenade
0x000000B3,objects\weapons\grenade\claymore_grenade\claymore_grenade
0x000000B4,sound\weapons\firebomb\firebomb_throw
0x000000B5,objects\weapons\grenade\firebomb_grenade\firebomb_grenade
0x000000B6,objects\weapons\grenade\firebomb_grenade\projectiles\firebomb_grenade
0x000000B7,ui\hud
0x000000B8,ui\editor
0x000000B9,ui\dialog
0x000000BA,rasterizer\plasma_noise
0x000000BB,ui\main_menu
0x000000BC,ui\multiplayer
0x000000BD,ui\chud\globals
0x000000BE,ui\global_strings\damage_strings
0x000000BF,hf2p\strings\main_strings
0x000000C0,hf2p\strings\settings_strings
0x000000C1,hf2p\strings\lobby_strings
0x000000C2,hf2p\strings\emblem_editor_strings
0x000000C3,hf2p\strings\carousel_strings
0x000000C4,hf2p\strings\consumable_strings
0x000000C5,hf2p\strings\weapon_strings
0x000000C6,hf2p\strings\ingame_strings
0x000000C7,hf2p\strings\armor_strings
0x000000C8,hf2p\strings\message_strings
0x000000C9,hf2p\strings\buy_strings
0x000000CA,hf2p\strings\game_mode_strings
0x000000CB,hf2p\strings\map_strings
0x000000CC,hf2p\strings\loading_strings
0x000000CD,hf2p\strings\tip_strings
0x000000CE,hf2p\strings\level_strings
0x000000CF,hf2p\strings\profile_strings
0x000000D0,hf2p\strings\class_strings
0x000000D1,hf2p\strings\manufacturer_strings
0x000000D2,hf2p\strings\medal_strings
0x000000D3,hf2p\strings\playlist_strings
0x000000D4,hf2p\strings\damage_reporting_type_strings
0x000000D5,hf2p\strings\challenge_strings
0x000000D6,hf2p\strings\career_strings
0x000000D7,hf2p\strings\mod_strings
0x000000D8,hf2p\strings\label_strings
0x000000D9,hf2p\strings\market_strings
0x000000DA,hf2p\strings\emblem_strings
0x000000DB,objects\characters\masterchief\fx\coop_teleport
0x000000DC,sound\weapons\battle_rifle\flashlight
0x000000DD,globals\damage_responses\default
0x000000DE,objects\characters\masterchief\mp_masterchief\fp\fp
0x000000DF,objects\characters\masterchief\mp_masterchief\fp_body\fp_body
0x000000E0,objects\characters\masterchief\mp_masterchief\mp_masterchief
0x000000E1,sound\game_sfx\ui\binoculars\binocs_in_click
0x000000E2,sound\game_sfx\ui\binoculars\binocs_out_click
0x000000E3,objects\characters\elite\mp_elite\mp_elite
0x000000E4,objects\characters\masterchief\mp_masterchief\mp_masterchief_ui
0x000000E5,objects\characters\elite\mp_elite\mp_elite_ui
0x000000E6,objects\characters\masterchief\mp_masterchief\mp_masterchief_manikin
0x000000E7,objects\characters\elite\mp_elite\mp_elite_manikin
0x000000E8,objects\characters\masterchief\mp_masterchief\mp_masterchief_podium
0x000000E9,objects\characters\elite\mp_elite\mp_elite_podium
0x000000EA,objects\characters\mp_spartan_female\mp_spartan_female
0x000000EB,objects\characters\mp_spartan_female\mp_spartan_female_ui
0x000000EC,objects\characters\mp_spartan_female\mp_spartan_female_manikin
0x000000ED,objects\characters\mp_spartan_female\mp_spartan_female_podium
0x000000EE,globals\falling
0x000000EF,globals\collision_damage\landing_soft
0x000000F0,globals\collision_damage\landing_hard
0x000000F1,globals\hs_damage
0x000000F2,globals\distance
0x000000F3,sound\materials\liquid\water_med
0x000000F4,sound\materials\liquid\water_large
0x000000F5,sound\materials\liquid\vehicle_water_looping\vehicle_water_looping
0x000000F6,fx\material_effects\materials\liquid\liquid
0x000000F7,fx\water\default_small
0x000000F8,fx\water\default_medium
0x000000F9,fx\water\default_large
0x000000FA,sound\materials\soft\soft_organic_cloth\cloth_hits
0x000000FB,sound\materials\soft\soft_organic_cloth\cloth_hits_med
0x000000FC,sound\materials\soft\soft_organic_cloth\cloth_looping\cloth_looping
0x000000FD,fx\material_effects\materials\soft\soft_organic_cloth
0x000000FE,sound\materials\soft\organic_flesh\melee_impact
0x000000FF,sound\materials\soft\soft_organic_plant\soft_organic_plant_hits_actor
0x00000100,sound\materials\soft\soft_organic_plant_leafy_dynamic\soft_organic_plant_leafy_dynamic\soft_organic_plant_leafy_dynamic
0x00000101,sound\materials\soft\soft_organic_plant\soft_organic_plant_hits_actee
0x00000102,fx\material_effects\materials\soft\soft_organic_plant
0x00000103,sound\materials\hard\metal_thick\metal_thick_med
0x00000104,sound\materials\soft\terrain_snow\snow_small
0x00000105,sound\materials\soft\terrain_snow\snow_medium
0x00000106,sound\materials\soft\terrain_snow\snow_large
0x00000107,sound\materials\soft\terrain_snow\snow_looping\snow_looping
0x00000108,fx\material_effects\materials\soft\terrain_snow
0x00000109,sound\materials\tough\terrain_dirt\dirt_small
0x0000010A,sound\materials\tough\terrain_dirt\dirt_med
0x0000010B,sound\materials\tough\terrain_dirt\dirt_large
0x0000010C,sound\materials\tough\terrain_dirt\dirt_looping\dirt_looping
0x0000010D,fx\material_effects\materials\tough\terrain_dirt
0x0000010E,sound\materials\tough\rubber\rubber_small
0x0000010F,sound\materials\tough\rubber\rubber_med
0x00000110,sound\materials\tough\plastic_looping\plastic_looping
0x00000111,fx\material_effects\materials\tough\inorganic_rubber
0x00000112,sound\materials\havok\tire\tire_hits
0x00000113,fx\material_effects\materials\tough\inorganic_rubber_hum_tire
0x00000114,fx\material_effects\materials\tough\inorganic_plastic
0x00000115,sound\materials\tough\squish_hits
0x00000116,fx\material_effects\materials\tough\tough_floodflesh
0x00000117,sound\materials\tough\organic_wood\wood_small
0x00000118,sound\materials\tough\organic_wood\wood_med
0x00000119,fx\material_effects\materials\tough\organic_wood
0x0000011A,sound\materials\tough\terrain_grass\grass_small
0x0000011B,sound\materials\tough\terrain_grass\grass_med
0x0000011C,sound\materials\tough\terrain_grass\grass_looping\grass_looping
0x0000011D,sound\materials\tough\terrain_mud\mud_small
0x0000011E,sound\materials\tough\terrain_mud\mud_med
0x0000011F,sound\materials\tough\terrain_mud\mud_looping\mud_looping
0x00000120,sound\materials\tough\terrain_gravel\gravel_small
0x00000121,sound\materials\tough\terrain_gravel\gravel_med
0x00000122,sound\materials\tough\terrain_gravel\gravel_looping\gravel_looping
0x00000123,sound\materials\tough\terrain_sand\sand_small
0x00000124,sound\materials\tough\terrain_sand\sand_med
0x00000125,sound\materials\tough\terrain_sand\sand_looping\sand_looping
0x00000126,sound\materials\hard\terrain_stone\stone_small
0x00000127,sound\materials\hard\terrain_stone\stone_med
0x00000128,sound\materials\hard\metal_solid\metal_solid_large
0x00000129,sound\materials\hard\terrain_stone\stone_looping\stone_looping
0x0000012A,fx\material_effects\materials\hard\terrain_stone
0x0000012B,sound\materials\hard\metal_thin\metal_thin_small
0x0000012C,sound\materials\hard\metal_thin\metal_thin_med_h3
0x0000012D,sound\materials\hard\metal_thin\metal_thin_large
0x0000012E,sound\materials\hard\metal_thin\metal_thin_looping\metal_thin_looping
0x0000012F,fx\material_effects\materials\hard\metal_thin
0x00000130,sound\materials\hard\metal_thin\human_weap_melee
0x00000131,sound\materials\hard\metal_thick\vehicle_hit_human
0x00000132,sound\materials\hard\metal_thin\metal_thin_cov_small
0x00000133,sound\materials\hard\metal_thin\metal_thin_cov_elite_small
0x00000134,sound\materials\hard\metal_thin\metal_thin_cov_elite_small_looping\metal_thin_cov_elite_small_looping
0x00000135,fx\material_effects\materials\hard\metal_thin_cov_elite
0x00000136,sound\materials\hard\metal_thin\cov_weap_melee
0x00000137,sound\materials\hard\metal_thick\metal_thick_small
0x00000138,sound\materials\hard\metal_thick\metal_thick_looping\metal_thick_looping
0x00000139,fx\material_effects\materials\hard\metal_thick
0x0000013A,fx\material_effects\materials\hard\hard_metal_thick_hum_scorpion_tread
0x0000013B,fx\material_effects\materials\hard\metal_thick_cov
0x0000013C,sound\materials\hard\metal_thick\hard_metal_thick_cov_hunter
0x0000013D,sound\materials\hard\metal_thick\hit_ghost_small
0x0000013E,sound\materials\hard\metal_thick\hit_ghost
0x0000013F,sound\materials\hard\metal_thick\metal_thick_for_small
0x00000140,sound\materials\hard\metal_thick\metal_thick_for_small_looping\metal_thick_for_small_looping
0x00000141,fx\material_effects\materials\hard\metal_thick_for_sentinel
0x00000142,sound\materials\hard\metal_solid\metal_solid_small_h3_actee
0x00000143,sound\materials\hard\metal_solid\metal_solid_med_h3_actee
0x00000144,sound\materials\hard\metal_solid\metal_solid_looping\metal_solid_looping
0x00000145,fx\material_effects\materials\hard\metal_solid
0x00000146,sound\materials\hard\terrain_concrete\concrete_small
0x00000147,sound\materials\hard\terrain_concrete\concrete_melee
0x00000148,sound\materials\hard\terrain_concrete\concrete_looping\concrete_looping
0x00000149,fx\material_effects\materials\hard\terrain_concrete
0x0000014A,sound\materials\hard\terrain_ice\ice_small
0x0000014B,sound\materials\hard\terrain_ice\ice_med
0x0000014C,sound\materials\hard\terrain_ice\ice_large
0x0000014D,sound\materials\hard\terrain_ice\ice_looping\ice_looping
0x0000014E,globals\glass
0x0000014F,sound\materials\brittle\glass\glass_small
0x00000150,sound\materials\brittle\glass\glass_med
0x00000151,sound\materials\brittle\glass\glass_large
0x00000152,sound\materials\brittle\glass\glass_looping\glass_looping
0x00000153,fx\material_effects\materials\brittle\glass
0x00000154,sound\materials\energy\energy_small
0x00000155,sound\materials\energy\energy_medium
0x00000156,sound\materials\energy\blue_plasma_looping\blue_plasma_looping
0x00000157,fx\material_effects\materials\energy\energy
0x00000158,sound\materials\hard\metal_thin\metal_thin_hum_grating_small
0x00000159,sound\materials\hard\metal_thin\metal_thin_hum_grating_med
0x0000015A,sound\materials\tough\terrain_underbrush\underbrush_med
0x0000015B,sound\materials\tough\terrain_underbrush\underbrush_looping\underbrush_looping
0x0000015C,sound\materials\tough\organic_wood\wood_looping\wood_looping
0x0000015D,sound\materials\tough\terrain_carpet\carpet_hit_med
0x0000015E,globals\glass_thick
0x0000015F,fx\material_effects\materials\tough\inorganic_rubber_hum_tire_mongoose
0x00000160,sound\materials\hard\metal_solid\metal_solid_small
0x00000161,sound\materials\hard\metal_solid\metal_solid_med
0x00000162,sound\materials\hard\metal_thin\metal_thin_fence
0x00000163,fx\material_effects\materials\hard\hard_metal_thick_cov_chopper_wheel
0x00000164,sound\materials\hard\metal_thin\metal_thin_hum_railing
0x00000165,sound\materials\hard\metal_thick\metal_thick_hum_hollow_tank_med
0x00000166,sound\materials\hard\metal_thick\metal_thick_hum_hollow_tank_large
0x00000167,sound\materials\hard\metal_thick\metal_thick_hum_hollow_med_looping\metal_thick_hum_hollow_med_looping
0x00000168,fx\material_effects\materials\hard\metal_thick_hum_hollow_med
0x00000169,sound\materials\hard\metal_thin\metal_thin_gas_can
0x0000016A,fx\material_effects\objects\havok\blitzcan
0x0000016B,sound\materials\hard\metal_thin\hum_object_rattly_small
0x0000016C,sound\materials\hard\metal_thin\hum_object_rattly_med
0x0000016D,sound\materials\hard\metal_thin\metal_thin_rattly_looping\metal_thin_rattly_looping
0x0000016E,fx\material_effects\materials\hard\metal_thin_hum_obj_rattly
0x0000016F,sound\weapons\flag\flag_drop
0x00000170,sound\weapons\flag\melee_flag
0x00000171,fx\material_effects\objects\weapons\flag
0x00000172,fx\material_effects\materials\hard\metal_thick_hum_hollow_huge
0x00000173,sound\materials\soft\cardboard\cardboard_hits_small_actee
0x00000174,sound\materials\soft\cardboard\cardboard_hits_med_actee
0x00000175,sound\materials\soft\cardboard\cardboard_smooth_looping\cardboard_smooth_looping
0x00000176,fx\material_effects\materials\soft\soft_inorganic_cardboard
0x00000177,sound\materials\havok\hubcap_hit
0x00000178,sound\materials\havok\hubcap_looping\hubcap_looping
0x00000179,fx\material_effects\objects\havok\hubcap
0x0000017A,sound\materials\submerged_default_material\submerged_thud_small
0x0000017B,sound\materials\submerged_default_material\submerged_thud_large
0x0000017C,sound\materials\tough\terrain_floodflesh\floodflesh_hit_small
0x0000017D,sound\materials\tough\terrain_floodflesh\floodflesh_hits_med
0x0000017E,sound\materials\tough\terrain_floodflesh\floodflesh_looping\floodflesh_looping
0x0000017F,sound\materials\tough\terrain_floodflesh\floodflesh_hit_small_wet
0x00000180,sound\materials\tough\terrain_floodflesh\floodflesh_hits_wet_med
0x00000181,sound\materials\tough\terrain_floodflesh\floodflesh_wet_looping\floodflesh_wet_looping
0x00000182,sound\materials\tough\terrain_floodflesh\floodflesh_hit_dry_small
0x00000183,sound\materials\tough\terrain_floodflesh\floodflesh_dry_med
0x00000184,sound\materials\soft\soft_organic_plant_bushy_dynamic\soft_organic_plant_bushy_dyn_hits\plant_bushy_dyn_hit
0x00000185,sound\materials\soft\soft_organic_plant_bushy_dynamic\soft_organic_plant_bushy_dyn_looping\soft_organic_plant_bushy_dyn_looping
0x00000186,sound\materials\soft\soft_organic_plant_bushy_dynamic\soft_organic_plant_bushy_dyn_hits\plant_bushy_dyn_melee
0x00000187,fx\material_effects\materials\soft\soft_organic_plant_bushy_dynamic
0x00000188,sound\materials\soft\soft_organic_plant_leafy_dynamic\soft_organic_plant_leafy_dynamic_hits
0x00000189,fx\material_effects\materials\soft\soft_organic_plant_leafy_dynamic
0x0000018A,sound\materials\tough\tough_organic_wood_sapling_dynamic\tough_organic_wood_sapling_dyn_hits
0x0000018B,fx\material_effects\materials\tough\tough_organic_wood_sapling_dynamic
0x0000018C,sound\materials\tough\tough_organic_wood_tree_dynamic\tough_organic_wood_tree_dynamic_hits
0x0000018D,sound\materials\tough\tough_organic_wood_tree_dynamic\organic_wood_tree_dyn_looping\organic_wood_tree_dyn_looping
0x0000018E,fx\material_effects\materials\tough\tough_organic_wood_tree_dynamic
0x0000018F,sound\materials\gear\soccer_ball\soccerball_hits
0x00000190,sound\materials\gear\soccer_ball\tire_rolling_soccer_ball\tire_rolling_soccer_ball
0x00000191,fx\material_effects\objects\havok\soccer_ball
0x00000192,sound\materials\energy\cortana_melee
0x00000193,multiplayer\multiplayer_globals
0x00000194,multiplayer\survival_mode_globals
0x00000195,objects\cinematics\cinematic_anchor\cinematic_anchor
0x00000196,globals\rasterizer_globals
0x00000197,globals\default
0x00000198,globals\podium_globals
0x00000199,globals\default_wind
0x0000019A,globals\collision_damage\collision
0x0000019B,globals\collision_damage\default
0x0000019C,globals\effect_globals
0x0000019D,globals\game_progression
0x0000019E,globals\global_achievements
0x0000019F,globals\input_globals
0x000005D4,objects\weapons\grenade\firebomb_grenade\projectiles\primary_impact
0x00000604,ui\ui_shared_globals
0x00000612,hf2p\texture_render_list
0x00000616,ui\halox\scoreboard\dead_player_ui
0x0000066E,ui\global_strings\global_strings
0x0000066F,ui\global_strings\halo_online
0x00000670,ui\default_sounds
0x0000067F,sound\game_sfx\multiplayer\player_respawn
0x00000733,hf2p\ui\lights\armor_01
0x00000734,hf2p\ui\lights\equipment_01
0x00000735,hf2p\ui\lights\primary_weapon_01
0x00000736,hf2p\ui\lights\secondary_weapon_01
0x00000737,hf2p\ui\lights\armor_02
0x00000738,hf2p\ui\lights\equipment_02
0x00000739,hf2p\ui\lights\primary_weapon_02
0x0000073A,hf2p\ui\lights\secondary_weapon_02
0x0000073B,hf2p\ui\binks\preview_invisibility
0x0000073C,hf2p\ui\binks\preview_bubbleshield
0x0000073D,hf2p\ui\binks\preview_powerdrain
0x0000073E,hf2p\ui\binks\preview_jammer
0x0000073F,hf2p\ui\binks\preview_placeholder
0x00000740,hf2p\ui\binks\preview_tripmine
0x00000741,hf2p\ui\binks\preview_bombrun
0x00000742,hf2p\ui\binks\preview_vision
0x00000743,hf2p\ui\binks\preview_regenerator
0x00000744,hf2p\ui\binks\preview_instantcover
0x00000745,hf2p\ui\binks\preview_concussive_blast
0x00000746,hf2p\ui\binks\preview_hologram
0x00000747,hf2p\ui\binks\preview_adrenaline
0x00000748,objects\characters\masterchief\mp_masterchief\mp_masterchief_manikin
0x00000749,objects\characters\elite\mp_elite\mp_elite_manikin
0x0000074D,objects\weapons\rifle\assault_rifle\assault_rifle
0x0000074E,objects\weapons\rifle\assault_rifle\assault_rifle_v1\assault_rifle_v1
0x0000074F,objects\weapons\rifle\assault_rifle\assault_rifle_v2\assault_rifle_v2
0x00000750,objects\weapons\rifle\assault_rifle\assault_rifle_v3\assault_rifle_v3
0x00000751,objects\weapons\rifle\assault_rifle\assault_rifle_v4\assault_rifle_v4
0x00000752,objects\weapons\rifle\assault_rifle\assault_rifle_v5\assault_rifle_v5
0x00000753,objects\weapons\rifle\assault_rifle\assault_rifle_v6\assault_rifle_v6
0x00000754,objects\weapons\rifle\battle_rifle\battle_rifle
0x00000755,objects\weapons\rifle\battle_rifle\battle_rifle_v1\battle_rifle_v1
0x00000756,objects\weapons\rifle\battle_rifle\battle_rifle_v2\battle_rifle_v2
0x00000757,objects\weapons\rifle\battle_rifle\battle_rifle_v3\battle_rifle_v3
0x00000758,objects\weapons\rifle\battle_rifle\battle_rifle_v4\battle_rifle_v4
0x00000759,objects\weapons\rifle\battle_rifle\battle_rifle_v5\battle_rifle_v5
0x0000075A,objects\weapons\rifle\battle_rifle\battle_rifle_v6\battle_rifle_v6
0x0000075B,objects\weapons\rifle\dmr\dmr
0x0000075C,objects\weapons\rifle\dmr\dmr_v1\dmr_v1
0x0000075D,objects\weapons\rifle\dmr\dmr_v2\dmr_v2
0x0000075E,objects\weapons\rifle\dmr\dmr_v3\dmr_v3
0x0000075F,objects\weapons\rifle\dmr\dmr_v4\dmr_v4
0x00000760,objects\weapons\rifle\dmr\dmr_v5\dmr_v5
0x00000761,objects\weapons\rifle\dmr\dmr_v6\dmr_v6
0x00000762,objects\weapons\rifle\covenant_carbine\covenant_carbine
0x00000763,objects\weapons\rifle\covenant_carbine\covenant_carbine_v1\covenant_carbine_v1
0x00000764,objects\weapons\rifle\covenant_carbine\covenant_carbine_v2\covenant_carbine_v2
0x00000765,objects\weapons\rifle\covenant_carbine\covenant_carbine_v3\covenant_carbine_v3
0x00000766,objects\weapons\rifle\covenant_carbine\covenant_carbine_v4\covenant_carbine_v4
0x00000767,objects\weapons\rifle\covenant_carbine\covenant_carbine_v5\covenant_carbine_v5
0x00000768,objects\weapons\rifle\covenant_carbine\covenant_carbine_v6\covenant_carbine_v6
0x00000769,objects\weapons\rifle\smg\smg
0x0000076A,objects\weapons\rifle\smg\smg_v1\smg_v1
0x0000076B,objects\weapons\rifle\smg\smg_v2\smg_v2
0x0000076C,objects\weapons\rifle\smg\smg_v3\smg_v3
0x0000076D,objects\weapons\rifle\smg\smg_v4\smg_v4
0x0000076E,objects\weapons\rifle\smg\smg_v5\smg_v5
0x0000076F,objects\weapons\rifle\smg\smg_v6\smg_v6
0x00000770,objects\weapons\rifle\plasma_rifle\plasma_rifle
0x00000771,objects\weapons\rifle\plasma_rifle\plasma_rifle_v1\plasma_rifle_v1
0x00000772,objects\weapons\rifle\plasma_rifle\plasma_rifle_v2\plasma_rifle_v2
0x00000773,objects\weapons\rifle\plasma_rifle\plasma_rifle_v3\plasma_rifle_v3
0x00000774,objects\weapons\rifle\plasma_rifle\plasma_rifle_v4\plasma_rifle_v4
0x00000775,objects\weapons\rifle\plasma_rifle\plasma_rifle_v5\plasma_rifle_v5
0x00000776,objects\weapons\rifle\plasma_rifle\plasma_rifle_v6\plasma_rifle_v6
0x00000777,objects\weapons\pistol\magnum\magnum
0x00000778,objects\weapons\pistol\magnum\magnum_v1\magnum_v1
0x00000779,objects\weapons\pistol\magnum\magnum_v2\magnum_v2
0x0000077A,objects\weapons\pistol\magnum\magnum_v3\magnum_v3
0x0000077B,objects\weapons\pistol\excavator\excavator
0x0000077C,objects\weapons\pistol\excavator\excavator_v1\excavator_v1
0x0000077D,objects\weapons\pistol\excavator\excavator_v2\excavator_v2
0x0000077E,objects\weapons\pistol\excavator\excavator_v3\excavator_v3
0x0000077F,objects\weapons\pistol\plasma_pistol\plasma_pistol
0x00000780,objects\weapons\pistol\plasma_pistol\plasma_pistol_v1\plasma_pistol_v1
0x00000781,objects\weapons\pistol\plasma_pistol\plasma_pistol_v2\plasma_pistol_v2
0x00000782,objects\weapons\pistol\plasma_pistol\plasma_pistol_v3\plasma_pistol_v3
0x00000783,objects\weapons\grenade\frag_grenade\frag_grenade
0x00000784,objects\weapons\grenade\plasma_grenade\plasma_grenade
0x00000785,objects\weapons\grenade\claymore_grenade\claymore_grenade
0x00000786,objects\weapons\grenade\firebomb_grenade\firebomb_grenade
0x00000787,objects\weapons\rifle\battle_rifle\battle_rifle_v7\battle_rifle_v7
0x0000078B,sound\game_sfx\armor_sounds\armor_sounds
0x00000790,objects\equipment\hologram\bipeds\masterchief_hologram
0x00000E20,objects\characters\masterchief\masterchief_podium
0x00000E22,objects\characters\elite\mp_elite\mp_elite_podium
0x00000F66,objects\weapons\pistol\plasma_pistol\plasma_pistol
0x00000F67,objects\weapons\pistol\needler\needler
0x00000F68,objects\weapons\support_high\flak_cannon\flak_cannon
0x00000F6A,objects\weapons\turret\plasma_cannon\plasma_cannon
0x00000F6D,objects\weapons\rifle\covenant_carbine\covenant_carbine
0x00000F6E,objects\weapons\support_low\brute_shot\brute_shot
0x00000F6F,objects\weapons\rifle\spike_rifle\spike_rifle
0x00000F73,objects\weapons\pistol\excavator\excavator
0x00000F78,objects\weapons\rifle\beam_rifle\beam_rifle
0x00000F7B,objects\weapons\melee\gravity_hammer\gravity_hammer
0x00000F7D,objects\weapons\turret\plasma_cannon\plasma_cannon
0x00000F85,objects\vehicles\shade\shade
0x00000F86,objects\vehicles\ghost\ghost
0x00000F87,objects\vehicles\brute_chopper\brute_chopper
0x00000F88,objects\vehicles\wraith\wraith
0x00000F89,objects\vehicles\banshee\banshee
0x00000F8D,objects\weapons\rifle\assault_rifle\assault_rifle
0x00000F8E,objects\vehicles\warthog\warthog
0x00000F94,objects\weapons\rifle\plasma_rifle\plasma_rifle
0x00000F9D,multiplayer\random_player_names
0x00000F9E,multiplayer\team_names
0x00000F9F,objects\characters\masterchief\mp_masterchief\armor\air_assault
0x00000FA0,objects\characters\masterchief\mp_masterchief\armor\nihard
0x00000FA1,objects\characters\masterchief\mp_masterchief\armor\gladiator
0x00000FA2,objects\characters\masterchief\mp_masterchief\armor\mac
0x00000FA3,objects\characters\masterchief\mp_masterchief\armor\juggernaut
0x00000FA4,objects\characters\masterchief\mp_masterchief\armor\dutch
0x00000FA5,objects\characters\masterchief\mp_masterchief\armor\chameleon
0x00000FA6,objects\characters\masterchief\mp_masterchief\armor\halberd
0x00000FA7,objects\characters\masterchief\mp_masterchief\armor\cyclops
0x00000FA8,objects\characters\masterchief\mp_masterchief\armor\scanner
0x00000FA9,objects\characters\masterchief\mp_masterchief\armor\hoplite
0x00000FAA,objects\characters\masterchief\mp_masterchief\armor\ballista
0x00000FAB,objects\characters\masterchief\mp_masterchief\armor\strider
0x00000FAC,objects\characters\masterchief\mp_masterchief\armor\demo
0x00000FAD,objects\characters\masterchief\mp_masterchief\armor\orbital
0x00000FAE,objects\characters\masterchief\mp_masterchief\armor\spectrum
0x00000FAF,objects\characters\masterchief\mp_masterchief\armor\gungnir
0x00000FB0,objects\characters\masterchief\mp_masterchief\armor\hammerhead
0x00000FB1,objects\characters\masterchief\mp_masterchief\armor\oracle
0x00000FB2,objects\characters\masterchief\mp_masterchief\armor\widow_maker
0x00000FB3,objects\characters\masterchief\mp_masterchief\fp_armor\orbital
0x00000FB4,objects\characters\masterchief\mp_masterchief\fp_armor\nihard
0x00000FB5,objects\characters\masterchief\mp_masterchief\fp_armor\gladiator
0x00000FB6,objects\characters\masterchief\mp_masterchief\fp_armor\mac
0x00000FB7,objects\characters\masterchief\mp_masterchief\fp_armor\juggernaut
0x00000FB8,objects\characters\masterchief\mp_masterchief\fp_armor\dutch
0x00000FB9,objects\characters\masterchief\mp_masterchief\fp_armor\chameleon
0x00000FBA,objects\characters\masterchief\mp_masterchief\fp_armor\scanner
0x00000FBB,objects\characters\masterchief\mp_masterchief\fp_armor\hoplite
0x00000FBC,objects\characters\masterchief\mp_masterchief\fp_armor\ballista
0x00000FBD,objects\characters\masterchief\mp_masterchief\fp_armor\strider
0x00000FBE,objects\characters\masterchief\mp_masterchief\fp_armor\demo
0x00000FBF,objects\characters\masterchief\mp_masterchief\fp_armor\spectrum
0x00000FC0,objects\characters\masterchief\mp_masterchief\fp_armor\gungnir
0x00000FC1,objects\characters\masterchief\mp_masterchief\fp_armor\oracle
0x00000FC2,objects\characters\masterchief\mp_masterchief\fp_armor\widow_maker
0x00000FC4,objects\characters\elite\mp_elite\armor\base
0x00000FC5,objects\characters\elite\mp_elite\armor\cutlass
0x00000FC6,objects\characters\elite\mp_elite\armor\cordylus
0x00000FC7,objects\characters\elite\mp_elite\armor\saiphos
0x00000FC8,objects\characters\elite\mp_elite\armor\istirus
0x00000FC9,objects\characters\elite\mp_elite\armor\platyrhi
0x00000FCA,objects\characters\elite\mp_elite\armor\chalaro
0x00000FCB,objects\characters\elite\mp_elite\armor\calidarum
0x00000FCC,objects\characters\elite\mp_elite\armor\uromastix
0x00000FCD,objects\characters\elite\mp_elite\armor\tankmode_elite
0x00000FCE,objects\characters\elite\mp_elite\armor\cerronsi
0x00000FD0,objects\equipment\jammer_equipment\jammer_equipment
0x00000FD1,objects\equipment\powerdrain_equipment\powerdrain_equipment
0x00000FD2,objects\equipment\invisibility_equipment\invisibility_equipment
0x00000FD3,objects\equipment\invisibility_vehicle_equipment\invisibility_vehicle_equipment
0x00000FD4,objects\equipment\bubbleshield_equipment\bubbleshield_equipment
0x00000FD5,objects\equipment\superflare_equipment\superflare_equipment
0x00000FD6,objects\equipment\regenerator_equipment\regenerator_equipment
0x00000FD7,objects\equipment\tripmine_equipment\tripmine_equipment
0x00000FD8,objects\equipment\autoturret_equipment\autoturret_equipment
0x00000FD9,objects\equipment\instantcover_equipment\instantcover_equipment_mp
0x00000FDA,objects\equipment\forcedreload_equipment\forcedreload_equipment
0x00000FDB,objects\equipment\concussiveblast_equipment\concussiveblast_equipment
0x00000FDC,objects\equipment\tankmode_equipment\tankmode_equipment
0x00000FDD,objects\equipment\magpulse_equipment\magpulse_equipment
0x00000FDE,objects\equipment\hologram_equipment\hologram_equipment
0x00000FDF,objects\equipment\reactive_armor_equipment\reactive_armor_equipment
0x00000FE0,objects\equipment\bombrun_equipment\bombrun_equipment
0x00000FE1,objects\equipment\armorlock_equipment\armorlock_equipment
0x00000FE2,objects\equipment\adrenaline_equipment\adrenaline_equipment
0x00000FE3,objects\equipment\lightningstrike_equipment\lightningstrike_equipment
0x00000FE4,objects\equipment\scrambler_equipment\scrambler_equipment
0x00000FE5,objects\equipment\weapon_jammer_equipment\weapon_jammer_equipment
0x00000FE6,objects\equipment\ammopack_equipment\ammopack_equipment
0x00000FE7,objects\equipment\vision_equipment\vision_equipment
0x00000FE8,objects\equipment\bubbleshield_equipment\bubbleshield_equipment_tutorial
0x00000FE9,objects\equipment\vision_equipment\vision_equipment_tutorial
0x00000FEA,multiplayer\global_multiplayer_messages
0x00000FEB,objects\weapons\rifle\battle_rifle\battle_rifle
0x00000FEC,objects\weapons\rifle\smg\smg
0x00000FED,objects\weapons\melee\energy_blade\energy_blade
0x00000FEE,objects\weapons\pistol\magnum\magnum
0x00000FEF,objects\weapons\support_high\rocket_launcher\rocket_launcher
0x00000FF0,objects\weapons\rifle\shotgun\shotgun
0x00000FF1,objects\weapons\rifle\sniper_rifle\sniper_rifle
0x00000FF2,objects\weapons\melee\energy_blade\energy_blade_useless
0x00000FF3,objects\weapons\support_high\spartan_laser\spartan_laser
0x00000FF4,objects\weapons\turret\flamethrower\flamethrower
0x00000FF5,objects\weapons\turret\missile_pod\missile_pod
0x00000FF6,objects\weapons\rifle\dmr\dmr
0x00000FF7,objects\weapons\rifle\assault_rifle\assault_rifle_v1\assault_rifle_v1
0x00000FF8,objects\weapons\rifle\assault_rifle\assault_rifle_v2\assault_rifle_v2
0x00000FF9,objects\weapons\rifle\assault_rifle\assault_rifle_v3\assault_rifle_v3
0x00000FFA,objects\weapons\rifle\assault_rifle\assault_rifle_v4\assault_rifle_v4
0x00000FFB,objects\weapons\rifle\assault_rifle\assault_rifle_v5\assault_rifle_v5
0x00000FFC,objects\weapons\rifle\assault_rifle\assault_rifle_v6\assault_rifle_v6
0x00000FFD,objects\weapons\rifle\battle_rifle\battle_rifle_v1\battle_rifle_v1
0x00000FFE,objects\weapons\rifle\battle_rifle\battle_rifle_v2\battle_rifle_v2
0x00000FFF,objects\weapons\rifle\battle_rifle\battle_rifle_v3\battle_rifle_v3
0x00001000,objects\weapons\rifle\battle_rifle\battle_rifle_v4\battle_rifle_v4
0x00001001,objects\weapons\rifle\battle_rifle\battle_rifle_v5\battle_rifle_v5
0x00001002,objects\weapons\rifle\battle_rifle\battle_rifle_v6\battle_rifle_v6
0x00001003,objects\weapons\rifle\dmr\dmr_v1\dmr_v1
0x00001004,objects\weapons\rifle\dmr\dmr_v2\dmr_v2
0x00001005,objects\weapons\rifle\dmr\dmr_v3\dmr_v3
0x00001006,objects\weapons\rifle\dmr\dmr_v4\dmr_v4
0x00001007,objects\weapons\rifle\dmr\dmr_v5\dmr_v5
0x00001008,objects\weapons\rifle\dmr\dmr_v6\dmr_v6
0x00001009,objects\weapons\rifle\smg\smg_v1\smg_v1
0x0000100A,objects\weapons\rifle\smg\smg_v2\smg_v2
0x0000100B,objects\weapons\rifle\smg\smg_v3\smg_v3
0x0000100C,objects\weapons\rifle\smg\smg_v4\smg_v4
0x0000100D,objects\weapons\rifle\smg\smg_v5\smg_v5
0x0000100E,objects\weapons\rifle\smg\smg_v6\smg_v6
0x0000100F,objects\weapons\rifle\plasma_rifle\plasma_rifle_v1\plasma_rifle_v1
0x00001010,objects\weapons\rifle\plasma_rifle\plasma_rifle_v2\plasma_rifle_v2
0x00001011,objects\weapons\rifle\plasma_rifle\plasma_rifle_v3\plasma_rifle_v3
0x00001012,objects\weapons\rifle\plasma_rifle\plasma_rifle_v4\plasma_rifle_v4
0x00001013,objects\weapons\rifle\plasma_rifle\plasma_rifle_v5\plasma_rifle_v5
0x00001014,objects\weapons\rifle\plasma_rifle\plasma_rifle_v6\plasma_rifle_v6
0x00001015,objects\weapons\rifle\covenant_carbine\covenant_carbine_v1\covenant_carbine_v1
0x00001016,objects\weapons\rifle\covenant_carbine\covenant_carbine_v2\covenant_carbine_v2
0x00001017,objects\weapons\rifle\covenant_carbine\covenant_carbine_v3\covenant_carbine_v3
0x00001018,objects\weapons\rifle\covenant_carbine\covenant_carbine_v4\covenant_carbine_v4
0x00001019,objects\weapons\rifle\covenant_carbine\covenant_carbine_v5\covenant_carbine_v5
0x0000101A,objects\weapons\rifle\covenant_carbine\covenant_carbine_v6\covenant_carbine_v6
0x0000101B,objects\weapons\pistol\excavator\excavator_v1\excavator_v1
0x0000101C,objects\weapons\pistol\excavator\excavator_v2\excavator_v2
0x0000101D,objects\weapons\pistol\excavator\excavator_v3\excavator_v3
0x0000101E,objects\weapons\pistol\magnum\magnum_v1\magnum_v1
0x0000101F,objects\weapons\pistol\magnum\magnum_v2\magnum_v2
0x00001020,objects\weapons\pistol\magnum\magnum_v3\magnum_v3
0x00001021,objects\weapons\pistol\plasma_pistol\plasma_pistol_v1\plasma_pistol_v1
0x00001022,objects\weapons\pistol\plasma_pistol\plasma_pistol_v2\plasma_pistol_v2
0x00001023,objects\weapons\pistol\plasma_pistol\plasma_pistol_v3\plasma_pistol_v3
0x00001024,objects\weapons\rifle\needle_rifle\needle_rifle
0x00001025,objects\weapons\rifle\battle_rifle\battle_rifle_v7\battle_rifle_v7
0x00001026,objects\vehicles\mongoose\mongoose
0x00001028,objects\vehicles\hornet\hornet
0x00001029,objects\vehicles\warthog\warthog_snow
0x0000102B,objects\levels\dlc\sidewinder\hornet_lite\hornet_lite
0x0000102E,multiplayer\game_engine_settings
0x0000102F,objects\characters\monitor\monitor_editor
0x00001030,objects\ui\editor_gizmo\editor_gizmo
0x00001031,objects\weapons\multiplayer\flag\flag
0x00001032,objects\weapons\multiplayer\ball\ball
0x00001033,objects\weapons\multiplayer\assault_bomb\assault_bomb
0x00001034,objects\multi\vip\vip_boundary
0x00001035,multiplayer\in_game_multiplayer_messages
0x00001036,objects\weapons\grenade\plasma_grenade\plasma_grenade2
0x00001037,multiplayer\vehicle_autoflip
0x00001038,multiplayer\safety_booster
0x00001039,sound\game_sfx\multiplayer\transport
0x0000103A,sound\game_sfx\ui\death_gurgle
0x0000103B,sound\game_sfx\multiplayer\comm_fail
0x0000103C,sound\game_sfx\multiplayer\comm_loop_mp\comm_loop_mp
0x0000103D,sound\game_sfx\multiplayer\countdown_for_respawn
0x0000103E,sound\game_sfx\multiplayer\teleporter_activate
0x0000103F,sound\game_sfx\ui\flag_fail
0x00001040,objects\vehicles\warthog\turrets\chaingun\weapon\chaingun_turret
0x00001041,objects\weapons\turret\machinegun_turret\machinegun_turret
0x00001042,objects\weapons\turret\machinegun_turret\machinegun_turret_integrated
0x00001043,objects\weapons\turret\plasma_cannon\plasma_cannon_integrated
0x00001044,objects\vehicles\warthog\turrets\gauss\weapon\gauss_turret
0x00001045,objects\vehicles\mauler\anti_infantry\weapon\anti_infantry
0x00001046,objects\levels\multi\shrine\behemoth\weapon\behemoth_chaingun_turret
0x00001047,objects\equipment\autoturret\autoturret
0x00001048,objects\vehicles\warthog\warthog_gauss
0x00001049,objects\vehicles\banshee\weapon\banshee_bomb
0x0000104A,objects\weapons\support_high\rocket_launcher\projectiles\rocket
0x0000104B,objects\weapons\turret\missile_pod\projectiles\missile_pod_missile
0x0000104C,objects\vehicles\wraith\turrets\mortar\mortar_turret_charged
0x0000104E,objects\weapons\support_low\brute_shot\projectiles\grenade\grenade
0x0000104F,objects\vehicles\hornet\weapon\hornet_missile
0x00001050,objects\weapons\support_high\flak_cannon\projectiles\flak_bolt\flak_bolt
0x00001051,objects\equipment\bombrun_equipment\projectiles\bombrun_grenade
0x00001052,objects\equipment\tripmine\tripmine
0x00001053,objects\equipment\powerdrain\powerdrain
0x00001054,objects\equipment\superflare\superflare
0x00001055,objects\equipment\scrambler\scrambler
0x00001056,objects\equipment\weapon_jammer\weapon_jammer
0x00001057,multiplayer\hill\hill
0x00001058,fx\scenery_fx\explosions\human_explosion_huge\human_explosion_huge
0x00001059,objects\weapons\multiplayer\assault_bomb\damage_effects\bomb_explosion
0x0000105A,multiplayer\sandbox\cursor_impact
0x0000105B,objects\multi\shaders\koth_shield
0x0000105C,ui\chud\multiplayer_intro\summary_slayer
0x0000105D,ui\chud\multiplayer_intro\summary_oddball
0x0000105E,ui\chud\multiplayer_intro\summary_king
0x0000105F,ui\chud\multiplayer_intro\summary_editor
0x00001060,ui\chud\multiplayer_intro\summary_vip
0x00001061,ui\chud\multiplayer_intro\summary_juggernaut
0x00001062,ui\chud\multiplayer_intro\summary_territories
0x00001063,ui\chud\multiplayer_intro\summary_infection
0x00001064,globals\simulation_interpolation\biped_default
0x00001065,globals\simulation_interpolation\vehicle_default
0x00001066,globals\simulation_interpolation\crate_default
0x00001067,globals\simulation_interpolation\item_default
0x00001068,globals\simulation_interpolation\projectile_default
0x00001069,globals\simulation_interpolation\object_default
0x0000106A,sound\music\postmatch_new\spartan_hero\postmatch_spartan_hero
0x0000106B,sound\music\postmatch_new\spartan_engage\postmatch_spartan_engage
0x0000106C,sound\music\postmatch_new\headhunters\postmatch_headhunters
0x00001359,objects\equipment\regenerator\regenerator
0x000013B0,objects\equipment\powerdrain\powerdrain
0x000014E7,objects\weapons\support_low\sentinel_gun\sentinel_gun
0x000014E8,objects\weapons\turret\missile_pod\missile_pod_integrated
0x000014FC,objects\equipment\instantcover_equipment\instantcover_equipment
0x00001613,objects\powerups\ammo_packs\ammo_large\ammo_large
0x00001614,objects\powerups\ammo_packs\ammo_small\ammo_small
0x000018F7,objects\powerups\shotgun_ammo\shotgun_ammo
0x00001989,objects\powerups\sniper_rifle_ammo\sniper_rifle_ammo
0x00002160,multiplayer\in_game_survival_messages
0x00002258,levels\ui\mainmenu\mainmenu
0x00002259,levels\dlc\bunkerworld\bunkerworld
0x0000225A,levels\dlc\bunkerworld\bunkerworld
0x0000225B,levels\dlc\bunkerworld\bunker_design
0x0000225C,levels\dlc\bunkerworld\bunkerworld_bunkerworld_cubemaps
0x0000225D,levels\dlc\bunkerworld\wind_bunkerworld
0x0000225E,levels\dlc\bunkerworld\sky\bunkerworld
0x00002278,objects\weapons\turret\machinegun_turret\machinegun_turret
0x00002279,objects\equipment\gravlift_equipment\gravlift_equipment
0x0000227A,objects\multi\powerups\powerup_blue\powerup_blue
0x0000227B,objects\multi\powerups\powerup_red\powerup_red
0x0000227C,objects\multi\powerups\powerup_yellow\powerup_yellow
0x0000270D,objects\equipment\gravlift\gravlift
0x00002E05,levels\dlc\bunkerworld\bunkerworld
0x00002E10,levels\multi\chill\chill
0x00002E11,levels\multi\chill\chill
0x00002E12,levels\multi\chill\chill_design
0x00002E13,levels\multi\chill\chill_chill_cubemaps
0x00002E14,levels\multi\chill\sky\sky
0x000030CE,levels\multi\chill\chill
0x000030D8,levels\multi\cyberdyne\cyberdyne
0x000030D9,levels\multi\cyberdyne\cyberdyne
0x000030DA,levels\multi\cyberdyne\cyberdyne_design
0x000030DB,levels\multi\cyberdyne\cyberdyne_cyberdyne_cubemaps
0x000030DC,levels\multi\cyberdyne\sky\sky
0x000030EC,objects\levels\multi\cyberdyne\security_camera\security_camera
0x000033F9,levels\multi\cyberdyne\cyberdyne
0x000033FF,levels\multi\guardian\guardian
0x00003400,levels\multi\guardian\guardian
0x00003401,levels\multi\guardian\guardian_design
0x00003402,levels\multi\guardian\guardian_guardian_cubemaps
0x00003403,levels\multi\guardian\wind_guardian
0x00003404,levels\multi\guardian\sky\sky
0x0000365A,levels\multi\guardian\guardian
0x0000365B,levels\multi\s3d_edge\s3d_edge
0x0000365C,levels\multi\s3d_edge\s3d_edge
0x0000365D,levels\multi\s3d_edge\s3d_edge_design
0x0000365E,levels\multi\s3d_edge\s3d_edge_s3d_edge_cubemaps
0x0000365F,levels\multi\s3d_edge\sky\sky
0x00003835,levels\multi\s3d_edge\s3d_edge
0x0000383A,levels\multi\s3d_turf\s3d_turf
0x0000383B,levels\multi\s3d_turf\s3d_turf
0x0000383C,levels\multi\s3d_turf\s3d_turf_design
0x0000383D,levels\multi\s3d_turf\s3d_turf_s3d_turf_cubemaps
0x0000383E,levels\multi\s3d_turf\sky\sky
0x00003846,objects\powerups\smg_ammo\smg_ammo
0x00003847,objects\powerups\pistol_ammo\pistol_ammo
0x00003848,objects\powerups\battle_rifle_ammo\br_ammo
0x00003C47,levels\multi\s3d_turf\s3d_turf
0x00003C4E,levels\multi\s3d_reactor\s3d_reactor
0x00003C4F,levels\multi\s3d_reactor\s3d_reactor
0x00003C50,levels\multi\s3d_reactor\s3d_reactor_design
0x00003C51,levels\multi\s3d_reactor\s3d_reactor_s3d_reactor_cubemaps
0x00003C52,levels\multi\s3d_reactor\wind_reactor
0x00003C53,levels\multi\s3d_reactor\sky\sky
0x00003C5F,objects\powerups\over_shield\over_shield
0x00003F0C,levels\multi\s3d_reactor\s3d_reactor
0x00003F0E,levels\multi\s3d_avalanche\s3d_avalanche
0x00003F0F,levels\multi\s3d_avalanche\s3d_avalanche
0x00003F10,levels\multi\s3d_avalanche\s3d_avalanche_design
0x00003F11,levels\multi\s3d_avalanche\s3d_avalanche_s3d_avalanche_cubemaps
0x00003F12,levels\multi\s3d_avalanche\wind_avalanche
0x00003F13,levels\multi\s3d_avalanche\sky\sky
0x00003F16,objects\weapons\turret\missile_pod\missile_pod
0x000040D6,levels\multi\s3d_avalanche\s3d_avalanche
0x000040D7,levels\multi\riverworld\riverworld
0x000040D8,levels\multi\riverworld\riverworld
0x000040D9,levels\multi\riverworld\riverworld_design
0x000040DA,levels\multi\riverworld\riverworld_riverworld_cubemaps
0x000040DB,levels\multi\riverworld\wind_riverworld
0x000040DC,levels\multi\riverworld\sky\riverworld
0x00004288,levels\multi\riverworld\riverworld
0x00004298,levels\ui\mainmenu\mainmenu
0x00004299,levels\ui\mainmenu\mainmenu_mainmenu_cubemaps
0x0000429A,levels\ui\mainmenu\sky\sky
0x000042A8,objects\characters\odst\odst
0x000042A9,objects\characters\marine\marine
0x000042AA,levels\ui\mainmenu\objects\hornet\hornet
0x0000444A,levels\ui\mainmenu\mainmenu
