0x00000000,global_tags
0x00000004,sound\music\postmatch_new\headhunters\postmatch_headhunters
0x00000005,sound\music\postmatch_new\spartan_engage\postmatch_spartan_engage
0x00000006,sound\music\postmatch_new\spartan_hero\postmatch_spartan_hero
0x00000010,rasterizer\rasterizer_cache_file_globals
0x00000011,hf2p\global_textures_list
0x00000012,hf2p\global_files_list
0x00000013,globals\globals
0x000000AD,fx\scenery_fx\havok\havok_collection
0x000000AE,sound\sound_classes
0x000000AF,sound\global_fx
0x000000B0,sound\sound_mix
0x000000B1,sound\combat_dialogue_constants
0x000000B2,sound\default
0x000000B3,sound\ui_sounds
0x000000B4,ai\ai_dialogue_globals
0x000000B5,ai\normal
0x000000B6,ai\bunkering
0x000000B7,ai\assaulting
0x000000B8,globals\ai_globals
0x000000B9,globals\default_unit_camera_track
0x000000BA,sound\weapons\frag_grenade\frag_throw
0x000000BB,objects\weapons\grenade\frag_grenade\frag_grenade
0x000000BC,objects\weapons\grenade\frag_grenade\frag_grenade
0x000000BD,sound\weapons\plasma_grenade\throwgren
0x000000BE,objects\weapons\grenade\plasma_grenade\plasma_grenade
0x000000BF,objects\weapons\grenade\plasma_grenade\plasma_grenade
0x000000C0,sound\weapons\claymore_grenade\claymore_throw
0x000000C1,objects\weapons\grenade\claymore_grenade\claymore_grenade
0x000000C2,objects\weapons\grenade\claymore_grenade\claymore_grenade
0x000000C3,sound\weapons\firebomb\firebomb_throw
0x000000C4,ui\hud
0x000000C5,ui\editor
0x000000C6,ui\dialog
0x000000C7,rasterizer\plasma_noise
0x000000C8,ui\main_menu
0x000000C9,ui\multiplayer
0x000000CA,ui\chud\globals
0x000000CB,ui\global_strings\damage_strings
0x000000CC,hf2p\strings\main_strings
0x000000CD,hf2p\strings\settings_strings
0x000000CE,hf2p\strings\lobby_strings
0x000000CF,hf2p\strings\emblem_editor_strings
0x000000D0,hf2p\strings\carousel_strings
0x000000D1,hf2p\strings\consumable_strings
0x000000D2,hf2p\strings\weapon_strings
0x000000D3,hf2p\strings\ingame_strings
0x000000D4,hf2p\strings\armor_strings
0x000000D5,hf2p\strings\message_strings
0x000000D6,hf2p\strings\buy_strings
0x000000D7,hf2p\strings\game_mode_strings
0x000000D8,hf2p\strings\map_strings
0x000000D9,hf2p\strings\loading_strings
0x000000DA,hf2p\strings\tip_strings
0x000000DB,hf2p\strings\level_strings
0x000000DC,hf2p\strings\profile_strings
0x000000DD,hf2p\strings\class_strings
0x000000DE,hf2p\strings\manufacturer_strings
0x000000DF,hf2p\strings\medal_strings
0x000000E0,hf2p\strings\playlist_strings
0x000000E1,hf2p\strings\damage_reporting_type_strings
0x000000E2,hf2p\strings\challenge_strings
0x000000E3,hf2p\strings\career_strings
0x000000E4,hf2p\strings\mod_strings
0x000000E5,hf2p\strings\label_strings
0x000000E6,hf2p\strings\market_strings
0x000000E7,hf2p\strings\emblem_strings
0x000000E8,hf2p\strings\system_message_strings
0x000000E9,objects\characters\masterchief\fx\coop_teleport
0x000000EA,sound\weapons\battle_rifle\flashlight
0x000000EB,globals\damage_responses\default
0x000000EC,objects\characters\masterchief\mp_masterchief\fp\fp
0x000000ED,objects\characters\masterchief\mp_masterchief\fp_body\fp_body
0x000000EE,objects\characters\masterchief\mp_masterchief\mp_masterchief
0x000000EF,sound\game_sfx\ui\binoculars\binocs_in_click
0x000000F0,sound\game_sfx\ui\binoculars\binocs_out_click
0x000000F1,objects\characters\elite\mp_elite\mp_elite
0x000000F2,objects\characters\masterchief\mp_masterchief\mp_masterchief_ui
0x000000F3,objects\characters\elite\mp_elite\mp_elite_ui
0x000000F4,objects\characters\masterchief\mp_masterchief\mp_masterchief_manikin
0x000000F5,objects\characters\elite\mp_elite\mp_elite_manikin
0x000000F6,objects\characters\masterchief\mp_masterchief\mp_masterchief_podium
0x000000F7,objects\characters\elite\mp_elite\mp_elite_podium
0x000000F8,objects\characters\mp_spartan_female\mp_spartan_female
0x000000F9,objects\characters\mp_spartan_female\mp_spartan_female_ui
0x000000FA,objects\characters\mp_spartan_female\mp_spartan_female_manikin
0x000000FB,objects\characters\mp_spartan_female\mp_spartan_female_podium
0x000000FC,globals\falling
0x000000FD,globals\collision_damage\landing_soft
0x000000FE,globals\collision_damage\landing_hard
0x000000FF,globals\hs_damage
0x00000100,globals\distance
0x00000101,sound\materials\liquid\water_med
0x00000102,sound\materials\liquid\water_large
0x00000103,sound\materials\liquid\vehicle_water_looping\vehicle_water_looping
0x00000104,fx\material_effects\materials\liquid\liquid
0x00000105,fx\water\default_small
0x00000106,fx\water\default_medium
0x00000107,fx\water\default_large
0x00000108,sound\materials\soft\soft_organic_cloth\cloth_hits
0x00000109,sound\materials\soft\soft_organic_cloth\cloth_hits_med
0x0000010A,sound\materials\soft\soft_organic_cloth\cloth_looping\cloth_looping
0x0000010B,fx\material_effects\materials\soft\soft_organic_cloth
0x0000010C,sound\materials\soft\organic_flesh\melee_impact
0x0000010D,sound\materials\soft\soft_organic_plant\soft_organic_plant_hits_actor
0x0000010E,sound\materials\soft\soft_organic_plant_leafy_dynamic\soft_organic_plant_leafy_dynamic\soft_organic_plant_leafy_dynamic
0x0000010F,sound\materials\soft\soft_organic_plant\soft_organic_plant_hits_actee
0x00000110,fx\material_effects\materials\soft\soft_organic_plant
0x00000111,sound\materials\hard\metal_thick\metal_thick_med
0x00000112,sound\materials\soft\terrain_snow\snow_small
0x00000113,sound\materials\soft\terrain_snow\snow_medium
0x00000114,sound\materials\soft\terrain_snow\snow_large
0x00000115,sound\materials\soft\terrain_snow\snow_looping\snow_looping
0x00000116,fx\material_effects\materials\soft\terrain_snow
0x00000117,sound\materials\tough\terrain_dirt\dirt_small
0x00000118,sound\materials\tough\terrain_dirt\dirt_med
0x00000119,sound\materials\tough\terrain_dirt\dirt_large
0x0000011A,sound\materials\tough\terrain_dirt\dirt_looping\dirt_looping
0x0000011B,fx\material_effects\materials\tough\terrain_dirt
0x0000011C,sound\materials\tough\rubber\rubber_small
0x0000011D,sound\materials\tough\rubber\rubber_med
0x0000011E,sound\materials\tough\plastic_looping\plastic_looping
0x0000011F,fx\material_effects\materials\tough\inorganic_rubber
0x00000120,sound\materials\havok\tire\tire_hits
0x00000121,fx\material_effects\materials\tough\inorganic_rubber_hum_tire
0x00000122,fx\material_effects\materials\tough\inorganic_plastic
0x00000123,sound\materials\tough\squish_hits
0x00000124,fx\material_effects\materials\tough\tough_floodflesh
0x00000125,sound\materials\tough\organic_wood\wood_small
0x00000126,sound\materials\tough\organic_wood\wood_med
0x00000127,fx\material_effects\materials\tough\organic_wood
0x00000128,sound\materials\tough\terrain_grass\grass_small
0x00000129,sound\materials\tough\terrain_grass\grass_med
0x0000012A,sound\materials\tough\terrain_grass\grass_looping\grass_looping
0x0000012B,sound\materials\tough\terrain_mud\mud_small
0x0000012C,sound\materials\tough\terrain_mud\mud_med
0x0000012D,sound\materials\tough\terrain_mud\mud_looping\mud_looping
0x0000012E,sound\materials\tough\terrain_gravel\gravel_small
0x0000012F,sound\materials\tough\terrain_gravel\gravel_med
0x00000130,sound\materials\tough\terrain_gravel\gravel_looping\gravel_looping
0x00000131,sound\materials\tough\terrain_sand\sand_small
0x00000132,sound\materials\tough\terrain_sand\sand_med
0x00000133,sound\materials\tough\terrain_sand\sand_looping\sand_looping
0x00000134,sound\materials\hard\terrain_stone\stone_small
0x00000135,sound\materials\hard\terrain_stone\stone_med
0x00000136,sound\materials\hard\metal_solid\metal_solid_large
0x00000137,sound\materials\hard\terrain_stone\stone_looping\stone_looping
0x00000138,fx\material_effects\materials\hard\terrain_stone
0x00000139,sound\materials\hard\metal_thin\metal_thin_small
0x0000013A,sound\materials\hard\metal_thin\metal_thin_med_h3
0x0000013B,sound\materials\hard\metal_thin\metal_thin_large
0x0000013C,sound\materials\hard\metal_thin\metal_thin_looping\metal_thin_looping
0x0000013D,fx\material_effects\materials\hard\metal_thin
0x0000013E,sound\materials\hard\metal_thin\human_weap_melee
0x0000013F,sound\materials\hard\metal_thick\vehicle_hit_human
0x00000140,sound\materials\hard\metal_thin\metal_thin_cov_small
0x00000141,sound\materials\hard\metal_thin\metal_thin_cov_elite_small
0x00000142,sound\materials\hard\metal_thin\metal_thin_cov_elite_small_looping\metal_thin_cov_elite_small_looping
0x00000143,fx\material_effects\materials\hard\metal_thin_cov_elite
0x00000144,sound\materials\hard\metal_thin\cov_weap_melee
0x00000145,sound\materials\hard\metal_thick\metal_thick_small
0x00000146,sound\materials\hard\metal_thick\metal_thick_looping\metal_thick_looping
0x00000147,fx\material_effects\materials\hard\metal_thick
0x00000148,fx\material_effects\materials\hard\hard_metal_thick_hum_scorpion_tread
0x00000149,fx\material_effects\materials\hard\metal_thick_cov
0x0000014A,sound\materials\hard\metal_thick\hard_metal_thick_cov_hunter
0x0000014B,sound\materials\hard\metal_thick\hit_ghost_small
0x0000014C,sound\materials\hard\metal_thick\hit_ghost
0x0000014D,sound\materials\hard\metal_thick\metal_thick_for_small
0x0000014E,sound\materials\hard\metal_thick\metal_thick_for_small_looping\metal_thick_for_small_looping
0x0000014F,fx\material_effects\materials\hard\metal_thick_for_sentinel
0x00000150,sound\materials\hard\metal_solid\metal_solid_small_h3_actee
0x00000151,sound\materials\hard\metal_solid\metal_solid_med_h3_actee
0x00000152,sound\materials\hard\metal_solid\metal_solid_looping\metal_solid_looping
0x00000153,fx\material_effects\materials\hard\metal_solid
0x00000154,sound\materials\hard\terrain_concrete\concrete_small
0x00000155,sound\materials\hard\terrain_concrete\concrete_melee
0x00000156,sound\materials\hard\terrain_concrete\concrete_looping\concrete_looping
0x00000157,fx\material_effects\materials\hard\terrain_concrete
0x00000158,sound\materials\hard\terrain_ice\ice_small
0x00000159,sound\materials\hard\terrain_ice\ice_med
0x0000015A,sound\materials\hard\terrain_ice\ice_large
0x0000015B,sound\materials\hard\terrain_ice\ice_looping\ice_looping
0x0000015C,globals\glass
0x0000015D,sound\materials\brittle\glass\glass_small
0x0000015E,sound\materials\brittle\glass\glass_med
0x0000015F,sound\materials\brittle\glass\glass_large
0x00000160,sound\materials\brittle\glass\glass_looping\glass_looping
0x00000161,fx\material_effects\materials\brittle\glass
0x00000162,sound\materials\energy\energy_small
0x00000163,sound\materials\energy\energy_medium
0x00000164,sound\materials\energy\blue_plasma_looping\blue_plasma_looping
0x00000165,fx\material_effects\materials\energy\energy
0x00000166,sound\materials\hard\metal_thin\metal_thin_hum_grating_small
0x00000167,sound\materials\hard\metal_thin\metal_thin_hum_grating_med
0x00000168,sound\materials\tough\terrain_underbrush\underbrush_med
0x00000169,sound\materials\tough\terrain_underbrush\underbrush_looping\underbrush_looping
0x0000016A,sound\materials\tough\organic_wood\wood_looping\wood_looping
0x0000016B,sound\materials\tough\terrain_carpet\carpet_hit_med
0x0000016C,globals\glass_thick
0x0000016D,fx\material_effects\materials\tough\inorganic_rubber_hum_tire_mongoose
0x0000016E,sound\materials\hard\metal_solid\metal_solid_small
0x0000016F,sound\materials\hard\metal_solid\metal_solid_med
0x00000170,sound\materials\hard\metal_thin\metal_thin_fence
0x00000171,fx\material_effects\materials\hard\hard_metal_thick_cov_chopper_wheel
0x00000172,sound\materials\hard\metal_thin\metal_thin_hum_railing
0x00000173,sound\materials\hard\metal_thick\metal_thick_hum_hollow_tank_med
0x00000174,sound\materials\hard\metal_thick\metal_thick_hum_hollow_tank_large
0x00000175,sound\materials\hard\metal_thick\metal_thick_hum_hollow_med_looping\metal_thick_hum_hollow_med_looping
0x00000176,fx\material_effects\materials\hard\metal_thick_hum_hollow_med
0x00000177,sound\materials\hard\metal_thin\metal_thin_gas_can
0x00000178,fx\material_effects\objects\havok\blitzcan
0x00000179,sound\materials\hard\metal_thin\hum_object_rattly_small
0x0000017A,sound\materials\hard\metal_thin\hum_object_rattly_med
0x0000017B,sound\materials\hard\metal_thin\metal_thin_rattly_looping\metal_thin_rattly_looping
0x0000017C,fx\material_effects\materials\hard\metal_thin_hum_obj_rattly
0x0000017D,sound\weapons\flag\flag_drop
0x0000017E,sound\weapons\flag\melee_flag
0x0000017F,fx\material_effects\objects\weapons\flag
0x00000180,fx\material_effects\materials\hard\metal_thick_hum_hollow_huge
0x00000181,sound\materials\soft\cardboard\cardboard_hits_small_actee
0x00000182,sound\materials\soft\cardboard\cardboard_hits_med_actee
0x00000183,sound\materials\soft\cardboard\cardboard_smooth_looping\cardboard_smooth_looping
0x00000184,fx\material_effects\materials\soft\soft_inorganic_cardboard
0x00000185,sound\materials\havok\hubcap_hit
0x00000186,sound\materials\havok\hubcap_looping\hubcap_looping
0x00000187,fx\material_effects\objects\havok\hubcap
0x00000188,sound\materials\submerged_default_material\submerged_thud_small
0x00000189,sound\materials\submerged_default_material\submerged_thud_large
0x0000018A,sound\materials\tough\terrain_floodflesh\floodflesh_hit_small
0x0000018B,sound\materials\tough\terrain_floodflesh\floodflesh_hits_med
0x0000018C,sound\materials\tough\terrain_floodflesh\floodflesh_looping\floodflesh_looping
0x0000018D,sound\materials\tough\terrain_floodflesh\floodflesh_hit_small_wet
0x0000018E,sound\materials\tough\terrain_floodflesh\floodflesh_hits_wet_med
0x0000018F,sound\materials\tough\terrain_floodflesh\floodflesh_wet_looping\floodflesh_wet_looping
0x00000190,sound\materials\tough\terrain_floodflesh\floodflesh_hit_dry_small
0x00000191,sound\materials\tough\terrain_floodflesh\floodflesh_dry_med
0x00000192,sound\materials\soft\soft_organic_plant_bushy_dynamic\soft_organic_plant_bushy_dyn_hits\plant_bushy_dyn_hit
0x00000193,sound\materials\soft\soft_organic_plant_bushy_dynamic\soft_organic_plant_bushy_dyn_looping\soft_organic_plant_bushy_dyn_looping
0x00000194,sound\materials\soft\soft_organic_plant_bushy_dynamic\soft_organic_plant_bushy_dyn_hits\plant_bushy_dyn_melee
0x00000195,fx\material_effects\materials\soft\soft_organic_plant_bushy_dynamic
0x00000196,sound\materials\soft\soft_organic_plant_leafy_dynamic\soft_organic_plant_leafy_dynamic_hits
0x00000197,fx\material_effects\materials\soft\soft_organic_plant_leafy_dynamic
0x00000198,sound\materials\tough\tough_organic_wood_sapling_dynamic\tough_organic_wood_sapling_dyn_hits
0x00000199,fx\material_effects\materials\tough\tough_organic_wood_sapling_dynamic
0x0000019A,sound\materials\tough\tough_organic_wood_tree_dynamic\tough_organic_wood_tree_dynamic_hits
0x0000019B,sound\materials\tough\tough_organic_wood_tree_dynamic\organic_wood_tree_dyn_looping\organic_wood_tree_dyn_looping
0x0000019C,fx\material_effects\materials\tough\tough_organic_wood_tree_dynamic
0x0000019D,sound\materials\gear\soccer_ball\soccerball_hits
0x0000019E,sound\materials\gear\soccer_ball\tire_rolling_soccer_ball\tire_rolling_soccer_ball
0x0000019F,fx\material_effects\objects\havok\soccer_ball
0x000001A0,sound\materials\energy\cortana_melee
0x000001A1,multiplayer\multiplayer_globals
0x000001A2,multiplayer\survival_mode_globals
0x000001A3,hf2p\globals
0x000001A4,objects\cinematics\cinematic_anchor\cinematic_anchor
0x000001A5,globals\rasterizer_globals
0x000001A6,globals\default
0x000001A7,globals\podium_globals
0x000001A8,globals\default_wind
0x000001A9,globals\collision_damage\collision
0x000001AA,globals\collision_damage\default
0x000001AB,globals\effect_globals
0x000001AC,globals\game_progression
0x000001AD,globals\global_achievements
0x000001AE,globals\input_globals
0x000004A0,objects\weapons\grenade\claymore_grenade\projectiles\claymore_grenade_fragment
0x000005C3,ui\ui_shared_globals
0x000005D1,hf2p\texture_render_list
0x000005D5,ui\halox\scoreboard\dead_player_ui
0x0000062D,ui\global_strings\global_strings
0x0000062E,ui\global_strings\halo_online
0x0000062F,ui\default_sounds
0x0000063E,sound\game_sfx\multiplayer\player_respawn
0x000006F2,hf2p\ui\lights\armor_01
0x000006F3,hf2p\ui\lights\equipment_01
0x000006F4,hf2p\ui\lights\primary_weapon_01
0x000006F5,hf2p\ui\lights\secondary_weapon_01
0x000006F6,hf2p\ui\lights\armor_02
0x000006F7,hf2p\ui\lights\equipment_02
0x000006F8,hf2p\ui\lights\primary_weapon_02
0x000006F9,hf2p\ui\lights\secondary_weapon_02
0x000006FA,hf2p\ui\binks\preview_invisibility
0x000006FB,hf2p\ui\binks\preview_bubbleshield
0x000006FC,hf2p\ui\binks\preview_powerdrain
0x000006FD,hf2p\ui\binks\preview_jammer
0x000006FE,hf2p\ui\binks\preview_placeholder
0x000006FF,hf2p\ui\binks\preview_tripmine
0x00000700,hf2p\ui\binks\preview_bombrun
0x00000701,hf2p\ui\binks\preview_vision
0x00000702,hf2p\ui\binks\preview_regenerator
0x00000703,hf2p\ui\binks\preview_instantcover
0x00000704,hf2p\ui\binks\preview_concussive_blast
0x00000705,hf2p\ui\binks\preview_hologram
0x00000706,hf2p\ui\binks\preview_adrenaline
0x00000707,objects\characters\masterchief\mp_masterchief\mp_masterchief_manikin
0x00000709,objects\characters\elite\mp_elite\mp_elite_manikin
0x00000711,sound\game_sfx\armor_sounds\armor_sounds
0x00000716,objects\equipment\hologram\bipeds\masterchief_hologram
0x00000BD2,objects\characters\masterchief\masterchief_podium
0x00000BD4,objects\characters\elite\mp_elite\mp_elite_podium
0x00000D18,objects\weapons\pistol\needler\needler
0x00000D1B,objects\weapons\turret\plasma_cannon\plasma_cannon
0x00000D1E,objects\weapons\rifle\covenant_carbine\covenant_carbine
0x00000D1F,objects\weapons\support_low\brute_shot\brute_shot
0x00000D29,objects\weapons\rifle\beam_rifle\beam_rifle
0x00000D2C,objects\weapons\melee\gravity_hammer\gravity_hammer
0x00000D2E,objects\weapons\turret\plasma_cannon\plasma_cannon
0x00000D37,objects\vehicles\ghost\ghost
0x00000D38,objects\vehicles\brute_chopper\brute_chopper
0x00000D39,objects\vehicles\wraith\wraith
0x00000D3A,objects\vehicles\banshee\banshee
0x00000D3E,objects\weapons\rifle\assault_rifle\assault_rifle
0x00000D3F,objects\vehicles\warthog\warthog
0x00000D45,objects\weapons\rifle\plasma_rifle\plasma_rifle
0x00000D4E,multiplayer\random_player_names
0x00000D4F,multiplayer\team_names
0x00000D50,objects\equipment\jammer_equipment\jammer_equipment
0x00000D51,objects\equipment\powerdrain_equipment\powerdrain_equipment
0x00000D52,objects\equipment\invisibility_equipment\invisibility_equipment
0x00000D53,objects\equipment\invisibility_equipment\invisibility_vehicle_equipment
0x00000D54,objects\equipment\bubbleshield_equipment\bubbleshield_equipment
0x00000D55,objects\equipment\superflare_equipment\superflare_equipment
0x00000D56,objects\equipment\regenerator_equipment\regenerator_equipment
0x00000D57,objects\equipment\tripmine_equipment\tripmine_equipment
0x00000D58,objects\equipment\autoturret_equipment\autoturret_equipment
0x00000D59,objects\equipment\instantcover_equipment\instantcover_equipment_mp
0x00000D5A,objects\equipment\forcedreload_equipment\forcedreload_equipment
0x00000D5B,objects\equipment\concussiveblast_equipment\concussiveblast_equipment
0x00000D5C,objects\equipment\tankmode_equipment\tankmode_equipment
0x00000D5D,objects\equipment\magpulse_equipment\magpulse_equipment
0x00000D5E,objects\equipment\hologram_equipment\hologram_equipment
0x00000D5F,objects\equipment\reactivearmor_equipment\reactivearmor_equipment
0x00000D60,objects\equipment\bombrun_equipment\bombrun_equipment
0x00000D61,objects\equipment\armorlock_equipment\armorlock_equipment
0x00000D62,objects\equipment\adrenaline_equipment\adrenaline_equipment
0x00000D63,objects\equipment\lightningstrike_equipment\lightningstrike_equipment
0x00000D64,objects\equipment\scrambler_equipment\scrambler_equipment
0x00000D65,objects\equipment\weaponjammer_equipment\weaponjammer_equipment
0x00000D66,objects\equipment\ammopack_equipment\ammopack_equipment
0x00000D67,objects\equipment\vision_equipment\vision_equipment
0x00000D68,objects\equipment\bubbleshield_equipment\bubbleshield_equipment_tutorial
0x00000D69,objects\equipment\vision_equipment\vision_equipment_tutorial
0x00000D6A,multiplayer\global_multiplayer_messages
0x00000D6B,objects\weapons\rifle\battle_rifle\battle_rifle
0x00000D6C,objects\weapons\rifle\smg\smg
0x00000D6D,objects\weapons\melee\energy_blade\energy_blade
0x00000D6E,objects\weapons\pistol\magnum\magnum
0x00000D6F,objects\weapons\support_high\rocket_launcher\rocket_launcher
0x00000D70,objects\weapons\rifle\shotgun\shotgun
0x00000D71,objects\weapons\rifle\sniper_rifle\sniper_rifle
0x00000D72,objects\weapons\melee\energy_blade\energy_blade_useless
0x00000D73,objects\weapons\support_high\spartan_laser\spartan_laser
0x00000D74,objects\weapons\turret\missile_pod\missile_pod
0x00000D75,objects\weapons\rifle\dmr\dmr
0x00000D76,objects\weapons\rifle\assault_rifle\assault_rifle_v1
0x00000D77,objects\weapons\rifle\assault_rifle\assault_rifle_v2
0x00000D78,objects\weapons\rifle\assault_rifle\assault_rifle_v3
0x00000D79,objects\weapons\rifle\assault_rifle\assault_rifle_v4
0x00000D7A,objects\weapons\rifle\assault_rifle\assault_rifle_v6
0x00000D7B,objects\weapons\rifle\battle_rifle\battle_rifle_v1
0x00000D7C,objects\weapons\rifle\battle_rifle\battle_rifle_v2
0x00000D7D,objects\weapons\rifle\battle_rifle\battle_rifle_v4
0x00000D7E,objects\weapons\rifle\battle_rifle\battle_rifle_v5
0x00000D7F,objects\weapons\rifle\battle_rifle\battle_rifle_v6
0x00000D80,objects\weapons\rifle\dmr\dmr_v1
0x00000D81,objects\weapons\rifle\dmr\dmr_v2
0x00000D82,objects\weapons\rifle\dmr\dmr_v3
0x00000D83,objects\weapons\rifle\dmr\dmr_v4
0x00000D84,objects\weapons\rifle\dmr\dmr_v6
0x00000D85,objects\weapons\rifle\smg\smg_v1
0x00000D86,objects\weapons\rifle\smg\smg_v2
0x00000D87,objects\weapons\rifle\smg\smg_v3
0x00000D88,objects\weapons\rifle\smg\smg_v5
0x00000D89,objects\weapons\pistol\magnum\magnum_v1
0x00000D8A,objects\weapons\pistol\magnum\magnum_v2
0x00000D8B,objects\weapons\pistol\magnum\magnum_v3
0x00000D8C,objects\weapons\rifle\battle_rifle\battle_rifle_v7
0x00000D8D,objects\vehicles\mongoose\mongoose
0x00000D8F,objects\vehicles\hornet\hornet
0x00000D90,objects\vehicles\warthog\warthog_snow
0x00000D92,objects\levels\dlc\sidewinder\hornet_lite\hornet_lite
0x00000D95,objects\characters\masterchief\masterchief_female_podium
0x00000D96,multiplayer\game_engine_settings
0x00000D97,objects\characters\monitor\monitor_editor
0x00000D98,objects\ui\editor_gizmo\editor_gizmo
0x00000D99,objects\weapons\multiplayer\flag\flag
0x00000D9A,objects\multi\vip\vip_boundary
0x00000D9B,multiplayer\in_game_multiplayer_messages
0x00000D9C,objects\weapons\grenade\plasma_grenade\plasma_grenade2
0x00000D9D,multiplayer\vehicle_autoflip
0x00000D9E,multiplayer\safety_booster
0x00000D9F,sound\game_sfx\multiplayer\transport
0x00000DA0,sound\game_sfx\ui\death_gurgle
0x00000DA1,sound\game_sfx\multiplayer\comm_fail
0x00000DA2,sound\game_sfx\multiplayer\comm_loop_mp\comm_loop_mp
0x00000DA3,sound\game_sfx\multiplayer\countdown_for_respawn
0x00000DA4,sound\game_sfx\multiplayer\teleporter_activate
0x00000DA5,sound\game_sfx\ui\flag_fail
0x00000DA6,objects\vehicles\warthog\turrets\chaingun\weapon\chaingun_turret
0x00000DA7,objects\weapons\turret\machinegun_turret\machinegun_turret
0x00000DA8,objects\weapons\turret\machinegun_turret\machinegun_turret_integrated
0x00000DA9,objects\weapons\turret\plasma_cannon\plasma_cannon_integrated
0x00000DAA,objects\vehicles\warthog\turrets\gauss\weapon\gauss_turret
0x00000DAB,objects\levels\multi\shrine\behemoth\weapon\behemoth_chaingun_turret
0x00000DAC,objects\equipment\autoturret\autoturret
0x00000DAD,objects\vehicles\warthog\warthog_gauss
0x00000DAE,objects\vehicles\banshee\weapon\banshee_bomb
0x00000DAF,objects\weapons\support_high\rocket_launcher\projectiles\rocket
0x00000DB0,objects\weapons\turret\missile_pod\projectiles\missile_pod_missile
0x00000DB1,objects\vehicles\wraith\turrets\mortar\mortar_turret_charged
0x00000DB3,objects\weapons\support_low\brute_shot\projectiles\grenade\grenade
0x00000DB6,objects\vehicles\hornet\weapon\hornet_missile
0x00000DB8,objects\equipment\bombrun\projectiles\bombrun_grenade
0x00000DB9,objects\equipment\tripmine\tripmine
0x00000DBA,objects\equipment\powerdrain\powerdrain
0x00000DBB,objects\equipment\superflare\superflare
0x00000DBC,objects\equipment\scrambler\scrambler
0x00000DBD,objects\equipment\weaponjammer\weaponjammer
0x00000DBE,multiplayer\hill\hill
0x00000DBF,fx\scenery_fx\explosions\human_explosion_huge\human_explosion_huge
0x00000DC0,objects\weapons\multiplayer\assault_bomb\damage_effects\bomb_explosion
0x00000DC1,multiplayer\sandbox\cursor_impact
0x00000DC2,objects\multi\shaders\koth_shield
0x00000DC3,ui\chud\multiplayer_intro\summary_slayer
0x00000DC4,ui\chud\multiplayer_intro\summary_oddball
0x00000DC5,ui\chud\multiplayer_intro\summary_king
0x00000DC6,ui\chud\multiplayer_intro\summary_editor
0x00000DC7,ui\chud\multiplayer_intro\summary_vip
0x00000DC8,ui\chud\multiplayer_intro\summary_juggernaut
0x00000DC9,ui\chud\multiplayer_intro\summary_territories
0x00000DCA,ui\chud\multiplayer_intro\summary_infection
0x00000DCB,globals\simulation_interpolation\biped_default
0x00000DCC,globals\simulation_interpolation\vehicle_default
0x00000DCD,globals\simulation_interpolation\crate_default
0x00000DCE,globals\simulation_interpolation\item_default
0x00000DCF,globals\simulation_interpolation\projectile_default
0x00000DD0,globals\simulation_interpolation\object_default
0x00000DD4,objects\equipment\jammer\jammer
0x00000E98,objects\equipment\bubbleshield\bubbleshield
0x00000EF5,objects\equipment\regenerator\regenerator
0x00000F32,objects\equipment\tripmine\projectiles\tripmine_material_fx
0x00000F4D,objects\equipment\autoturret\autoturret_beam
0x00000F52,objects\equipment\autoturret\projectiles\autoturret_beam
0x0000101D,objects\vehicles\pelican\pelican_rocket_pod\pelican_rocket_pod
0x0000101F,objects\vehicles\pelican\pelican_rocket_pod\weapon\pelican_rocket_pod
0x00001021,objects\vehicles\wraith\turrets\anti_infantry\weapon\wraith_anti_infantry_turret
0x00001024,objects\vehicles\ghost\weapon\ghost_gun
0x00001025,objects\vehicles\banshee\weapon\banshee_gun
0x00001026,objects\vehicles\wraith\turrets\mortar\mortar_turret
0x00001027,objects\vehicles\wraith\turrets\anti_air\anti_air_turret
0x0000102C,objects\vehicles\brute_chopper\weapon\chopper_gun
0x0000102F,objects\weapons\turret\missile_pod\missile_pod_integrated
0x00001030,objects\vehicles\hornet\weapon\hornet_missile
0x00001041,objects\equipment\instantcover_equipment\instantcover_equipment
0x00001042,objects\equipment\invincibility_equipment\invincibility_equipment
0x00001044,objects\equipment\instantcover\instantcover
0x000010CF,objects\equipment\instantcover\instantcover_mp
0x00001148,objects\equipment\ammopack\ammopack
0x00001159,objects\powerups\ammo_packs\ammo_large\ammo_large
0x0000115A,objects\powerups\ammo_packs\ammo_small\ammo_small
0x0000115B,objects\weapons\rifle\assault_rifle\projectiles\assault_rifle_bullet
0x00001266,objects\powerups\rocket_launcher_ammo\rocket_launcher_ammo
0x00001360,objects\weapons\rifle\battle_rifle\projectiles\battle_rifle_bullet
0x000013C3,objects\weapons\rifle\covenant_carbine\projectiles\carbine_slug\carbine_slug
0x00001436,objects\weapons\rifle\dmr\projectiles\dmr_bullet
0x00001493,objects\weapons\rifle\plasma_rifle\projectiles\plasma_rifle_bolt
0x00001502,objects\powerups\shotgun_ammo\shotgun_ammo
0x00001503,objects\weapons\rifle\shotgun\projectiles\shotgun_bullet
0x00001554,objects\weapons\rifle\smg\projectiles\smg_bullet
0x000015A2,objects\powerups\sniper_rifle_ammo\sniper_rifle_ammo
0x000015A3,objects\weapons\rifle\sniper_rifle\projectiles\sniper_bullet
0x00001672,objects\weapons\pistol\magnum\projectiles\magnum_bullet
0x000016AF,objects\powerups\needler_ammo\needler_ammo
0x000016B0,objects\weapons\pistol\needler\projectiles\needler_shard\needler_shard
0x00001767,objects\weapons\turret\machinegun_turret\projectiles\machinegun_turret_bullet
0x00001815,objects\weapons\rifle\beam_rifle\projectiles\beam_rifle_beam
0x00001868,objects\weapons\support_high\spartan_laser\projectiles\spartan_laser_tracer
0x0000186A,objects\weapons\support_high\spartan_laser\projectiles\spartan_laser_beam
0x00001948,objects\weapons\rifle\assault_rifle\projectiles\assault_rifle_bullet_v1
0x00001969,objects\weapons\rifle\assault_rifle\projectiles\assault_rifle_bullet_v2
0x0000198A,objects\weapons\rifle\assault_rifle\projectiles\assault_rifle_bullet_v3
0x000019A6,objects\weapons\rifle\assault_rifle\projectiles\assault_rifle_bullet_v4
0x000019C5,objects\weapons\rifle\assault_rifle\projectiles\assault_rifle_bullet_v6
0x000019E2,objects\weapons\rifle\battle_rifle\projectiles\battle_rifle_bullet_v1
0x000019FC,objects\weapons\rifle\battle_rifle\projectiles\battle_rifle_bullet_v2
0x00001A13,objects\weapons\rifle\battle_rifle\projectiles\battle_rifle_bullet_v4
0x00001A38,objects\weapons\rifle\battle_rifle\projectiles\battle_rifle_bullet_v5
0x00001A4F,objects\weapons\rifle\battle_rifle\projectiles\battle_rifle_bullet_v6
0x00001A6E,objects\weapons\rifle\dmr\projectiles\dmr_bullet_v1
0x00001A91,objects\weapons\rifle\dmr\projectiles\dmr_bullet_v2
0x00001AAE,objects\weapons\rifle\dmr\projectiles\dmr_bullet_v3
0x00001AC4,objects\weapons\rifle\dmr\projectiles\dmr_bullet_v4
0x00001AE3,objects\weapons\rifle\dmr\projectiles\dmr_bullet_v6
0x00001B01,objects\weapons\rifle\smg\projectiles\smg_bullet_v1
0x00001B1E,objects\weapons\rifle\smg\projectiles\smg_bullet_v2
0x00001B35,objects\weapons\rifle\smg\projectiles\smg_bullet_v3
0x00001B49,objects\weapons\rifle\smg\projectiles\smg_bullet_v5
0x00001B5B,objects\weapons\pistol\magnum\projectiles\magnum_bullet_v1
0x00001B73,objects\weapons\pistol\magnum\projectiles\magnum_bullet_v2
0x00001B86,objects\weapons\pistol\magnum\projectiles\magnum_bullet_v3
0x00001BB0,objects\vehicles\warthog\turrets\chaingun\weapon\bullet
0x00001BBD,objects\weapons\turret\plasma_cannon\projectiles\plasma_cannon_bolt
0x00001BF3,objects\vehicles\warthog\turrets\gauss\weapon\gauss_bullet
0x00001C0B,objects\levels\multi\shrine\behemoth\weapon\behemoth_chaingun_bullet
0x00001CC2,multiplayer\in_game_survival_messages
0x00001CC3,objects\characters\masterchief\mp_masterchief\armor\air_assault
0x00001CC4,objects\characters\masterchief\mp_masterchief\armor\ballista
0x00001CC5,objects\characters\masterchief\mp_masterchief\armor\blaster
0x00001CC6,objects\characters\masterchief\mp_masterchief\armor\boxhead
0x00001CC7,objects\characters\masterchief\mp_masterchief\armor\bushido
0x00001CC8,objects\characters\masterchief\mp_masterchief\armor\buzzsaw
0x00001CC9,objects\characters\masterchief\mp_masterchief\armor\cain
0x00001CCA,objects\characters\masterchief\mp_masterchief\armor\chameleon
0x00001CCB,objects\characters\masterchief\mp_masterchief\armor\cyclops
0x00001CCC,objects\characters\masterchief\mp_masterchief\armor\defender
0x00001CCD,objects\characters\masterchief\mp_masterchief\armor\demo
0x00001CCE,objects\characters\masterchief\mp_masterchief\armor\diablo
0x00001CCF,objects\characters\masterchief\mp_masterchief\armor\dutch
0x00001CD0,objects\characters\masterchief\mp_masterchief\armor\dynamo
0x00001CD1,objects\characters\masterchief\mp_masterchief\armor\enigma
0x00001CD2,objects\characters\masterchief\mp_masterchief\armor\eod
0x00001CD3,objects\characters\masterchief\mp_masterchief\armor\eva
0x00001CD4,objects\characters\masterchief\mp_masterchief\armor\excavator
0x00001CD5,objects\characters\masterchief\mp_masterchief\armor\explorer
0x00001CD6,objects\characters\masterchief\mp_masterchief\armor\extractor
0x00001CD7,objects\characters\masterchief\mp_masterchief\armor\gargoyle
0x00001CD8,objects\characters\masterchief\mp_masterchief\armor\ghoul
0x00001CD9,objects\characters\masterchief\mp_masterchief\armor\gladiator
0x00001CDA,objects\characters\masterchief\mp_masterchief\armor\goku
0x00001CDB,objects\characters\masterchief\mp_masterchief\armor\guardian
0x00001CDC,objects\characters\masterchief\mp_masterchief\armor\gungnir
0x00001CDD,objects\characters\masterchief\mp_masterchief\armor\halberd
0x00001CDE,objects\characters\masterchief\mp_masterchief\armor\hammerhead
0x00001CDF,objects\characters\masterchief\mp_masterchief\armor\hellcat
0x00001CE0,objects\characters\masterchief\mp_masterchief\armor\hoplite
0x00001CE1,objects\characters\masterchief\mp_masterchief\armor\iron
0x00001CE2,objects\characters\masterchief\mp_masterchief\armor\jawbone
0x00001CE3,objects\characters\masterchief\mp_masterchief\armor\juggernaut
0x00001CE4,objects\characters\masterchief\mp_masterchief\armor\knight
0x00001CE5,objects\characters\masterchief\mp_masterchief\armor\lancer
0x00001CE6,objects\characters\masterchief\mp_masterchief\armor\lotus
0x00001CE7,objects\characters\masterchief\mp_masterchief\armor\mac
0x00001CE8,objects\characters\masterchief\mp_masterchief\armor\major
0x00001CE9,objects\characters\masterchief\mp_masterchief\armor\mantis
0x00001CEA,objects\characters\masterchief\mp_masterchief\armor\mercenary
0x00001CEB,objects\characters\masterchief\mp_masterchief\armor\mirmillion
0x00001CEC,objects\characters\masterchief\mp_masterchief\armor\mongoose
0x00001CED,objects\characters\masterchief\mp_masterchief\armor\navigator
0x00001CEE,objects\characters\masterchief\mp_masterchief\armor\nihard
0x00001CEF,objects\characters\masterchief\mp_masterchief\armor\ninja
0x00001CF0,objects\characters\masterchief\mp_masterchief\armor\omni
0x00001CF1,objects\characters\masterchief\mp_masterchief\armor\optimus
0x00001CF2,objects\characters\masterchief\mp_masterchief\armor\oracle
0x00001CF3,objects\characters\masterchief\mp_masterchief\armor\orbital
0x00001CF4,objects\characters\masterchief\mp_masterchief\armor\paladin
0x00001CF5,objects\characters\masterchief\mp_masterchief\armor\panther
0x00001CF6,objects\characters\masterchief\mp_masterchief\armor\pharaoh
0x00001CF7,objects\characters\masterchief\mp_masterchief\armor\pilot
0x00001CF8,objects\characters\masterchief\mp_masterchief\armor\poncho
0x00001CF9,objects\characters\masterchief\mp_masterchief\armor\prophet
0x00001CFA,objects\characters\masterchief\mp_masterchief\armor\pulse
0x00001CFB,objects\characters\masterchief\mp_masterchief\armor\ranger
0x00001CFC,objects\characters\masterchief\mp_masterchief\armor\razor
0x00001CFD,objects\characters\masterchief\mp_masterchief\armor\recon
0x00001CFE,objects\characters\masterchief\mp_masterchief\armor\renegade
0x00001CFF,objects\characters\masterchief\mp_masterchief\armor\rhino
0x00001D00,objects\characters\masterchief\mp_masterchief\armor\rogue
0x00001D01,objects\characters\masterchief\mp_masterchief\armor\rookie
0x00001D02,objects\characters\masterchief\mp_masterchief\armor\scanner
0x00001D03,objects\characters\masterchief\mp_masterchief\armor\scout
0x00001D04,objects\characters\masterchief\mp_masterchief\armor\seeker
0x00001D05,objects\characters\masterchief\mp_masterchief\armor\shark
0x00001D06,objects\characters\masterchief\mp_masterchief\armor\silencer
0x00001D07,objects\characters\masterchief\mp_masterchief\armor\silverback
0x00001D08,objects\characters\masterchief\mp_masterchief\armor\solar
0x00001D09,objects\characters\masterchief\mp_masterchief\armor\spectrum
0x00001D0A,objects\characters\masterchief\mp_masterchief\armor\stealth
0x00001D0B,objects\characters\masterchief\mp_masterchief\armor\strider
0x00001D0C,objects\characters\masterchief\mp_masterchief\armor\swat
0x00001D0D,objects\characters\masterchief\mp_masterchief\armor\tanker
0x00001D0E,objects\characters\masterchief\mp_masterchief\armor\triage
0x00001D0F,objects\characters\masterchief\mp_masterchief\armor\utility
0x00001D10,objects\characters\masterchief\mp_masterchief\armor\vortex
0x00001D11,objects\characters\masterchief\mp_masterchief\armor\warrior
0x00001D12,objects\characters\masterchief\mp_masterchief\armor\wasp
0x00001D13,objects\characters\masterchief\mp_masterchief\armor\widow_maker
0x00001D14,objects\characters\mp_spartan_female\armor\air_assault
0x00001D15,objects\characters\mp_spartan_female\armor\ballista
0x00001D16,objects\characters\mp_spartan_female\armor\blaster
0x00001D17,objects\characters\mp_spartan_female\armor\boxhead
0x00001D18,objects\characters\mp_spartan_female\armor\bushido
0x00001D19,objects\characters\mp_spartan_female\armor\buzzsaw
0x00001D1A,objects\characters\mp_spartan_female\armor\cain
0x00001D1B,objects\characters\mp_spartan_female\armor\chameleon
0x00001D1C,objects\characters\mp_spartan_female\armor\cyclops
0x00001D1D,objects\characters\mp_spartan_female\armor\defender
0x00001D1E,objects\characters\mp_spartan_female\armor\demo
0x00001D1F,objects\characters\mp_spartan_female\armor\diablo
0x00001D20,objects\characters\mp_spartan_female\armor\dutch
0x00001D21,objects\characters\mp_spartan_female\armor\dynamo
0x00001D22,objects\characters\mp_spartan_female\armor\enigma
0x00001D23,objects\characters\mp_spartan_female\armor\eod
0x00001D24,objects\characters\mp_spartan_female\armor\eva
0x00001D25,objects\characters\mp_spartan_female\armor\excavator
0x00001D26,objects\characters\mp_spartan_female\armor\explorer
0x00001D27,objects\characters\mp_spartan_female\armor\extractor
0x00001D28,objects\characters\mp_spartan_female\armor\gargoyle
0x00001D29,objects\characters\mp_spartan_female\armor\ghoul
0x00001D2A,objects\characters\mp_spartan_female\armor\gladiator
0x00001D2B,objects\characters\mp_spartan_female\armor\goku
0x00001D2C,objects\characters\mp_spartan_female\armor\guardian
0x00001D2D,objects\characters\mp_spartan_female\armor\gungnir
0x00001D2E,objects\characters\mp_spartan_female\armor\halberd
0x00001D2F,objects\characters\mp_spartan_female\armor\hammerhead
0x00001D30,objects\characters\mp_spartan_female\armor\hellcat
0x00001D31,objects\characters\mp_spartan_female\armor\hoplite
0x00001D32,objects\characters\mp_spartan_female\armor\iron
0x00001D33,objects\characters\mp_spartan_female\armor\jawbone
0x00001D34,objects\characters\mp_spartan_female\armor\juggernaut
0x00001D35,objects\characters\mp_spartan_female\armor\knight
0x00001D36,objects\characters\mp_spartan_female\armor\lancer
0x00001D37,objects\characters\mp_spartan_female\armor\lotus
0x00001D38,objects\characters\mp_spartan_female\armor\mac
0x00001D39,objects\characters\mp_spartan_female\armor\major
0x00001D3A,objects\characters\mp_spartan_female\armor\mantis
0x00001D3B,objects\characters\mp_spartan_female\armor\mercenary
0x00001D3C,objects\characters\mp_spartan_female\armor\mirmillion
0x00001D3D,objects\characters\mp_spartan_female\armor\mongoose
0x00001D3E,objects\characters\mp_spartan_female\armor\navigator
0x00001D3F,objects\characters\mp_spartan_female\armor\nihard
0x00001D40,objects\characters\mp_spartan_female\armor\ninja
0x00001D41,objects\characters\mp_spartan_female\armor\omni
0x00001D42,objects\characters\mp_spartan_female\armor\optimus
0x00001D43,objects\characters\mp_spartan_female\armor\oracle
0x00001D44,objects\characters\mp_spartan_female\armor\orbital
0x00001D45,objects\characters\mp_spartan_female\armor\paladin
0x00001D46,objects\characters\mp_spartan_female\armor\panther
0x00001D47,objects\characters\mp_spartan_female\armor\pharaoh
0x00001D48,objects\characters\mp_spartan_female\armor\pilot
0x00001D49,objects\characters\mp_spartan_female\armor\poncho
0x00001D4A,objects\characters\mp_spartan_female\armor\prophet
0x00001D4B,objects\characters\mp_spartan_female\armor\pulse
0x00001D4C,objects\characters\mp_spartan_female\armor\ranger
0x00001D4D,objects\characters\mp_spartan_female\armor\razor
0x00001D4E,objects\characters\mp_spartan_female\armor\recon
0x00001D4F,objects\characters\mp_spartan_female\armor\renegade
0x00001D50,objects\characters\mp_spartan_female\armor\rhino
0x00001D51,objects\characters\mp_spartan_female\armor\rogue
0x00001D52,objects\characters\mp_spartan_female\armor\rookie
0x00001D53,objects\characters\mp_spartan_female\armor\scanner
0x00001D54,objects\characters\mp_spartan_female\armor\scout
0x00001D55,objects\characters\mp_spartan_female\armor\shark
0x00001D56,objects\characters\mp_spartan_female\armor\silencer
0x00001D57,objects\characters\mp_spartan_female\armor\silverback
0x00001D58,objects\characters\mp_spartan_female\armor\solar
0x00001D59,objects\characters\mp_spartan_female\armor\spectrum
0x00001D5A,objects\characters\mp_spartan_female\armor\stealth
0x00001D5B,objects\characters\mp_spartan_female\armor\strider
0x00001D5C,objects\characters\mp_spartan_female\armor\swat
0x00001D5D,objects\characters\mp_spartan_female\armor\tanker
0x00001D5E,objects\characters\mp_spartan_female\armor\triage
0x00001D5F,objects\characters\mp_spartan_female\armor\utility
0x00001D60,objects\characters\mp_spartan_female\armor\vortex
0x00001D61,objects\characters\mp_spartan_female\armor\warrior
0x00001D62,objects\characters\mp_spartan_female\armor\wasp
0x00001D63,objects\characters\mp_spartan_female\armor\widow_maker
0x000026F5,levels\ui\mainmenu\mainmenu_mainmenu_cubemaps
0x000027EC,levels\ui\mainmenu\mainmenu
0x000027ED,levels\ui\mainmenu\mainmenu
0x000027EE,levels\ui\mainmenu\sky\sky
0x0000281E,objects\characters\odst\odst
0x0000281F,objects\characters\marine\marine
0x00002820,levels\ui\mainmenu\objects\hornet\hornet
0x00002898,objects\vehicles\pelican\pelican_rocket_pod02\pelican_rocket_pod02
0x00002899,objects\weapons\turret\machinegun_turret\machinegun_turret
0x000028A0,objects\vehicles\pelican\pelican_rocket_pod\weapon\projectiles\pelican_rocket
0x0000291A,objects\vehicles\warthog\turrets\chaingun\chaingun
0x0000291B,objects\vehicles\warthog\turrets\gauss\gauss
0x0000291C,objects\vehicles\warthog\turrets\troop\troop
0x00002BC0,objects\vehicles\hornet\projectile\hornet_bullet
0x00002D29,levels\ui\mainmenu\mainmenu
0x00002D32,levels\multi\guardian\guardian
0x00002D33,levels\multi\guardian\guardian
0x00002D34,levels\multi\guardian\guardian_design
0x00002D35,levels\multi\guardian\guardian_guardian_cubemaps
0x00002D36,levels\multi\guardian\wind_guardian
0x00002D37,levels\multi\guardian\sky\sky
0x00002D51,objects\equipment\gravlift_equipment\gravlift_equipment
0x00002D52,objects\multi\powerups\powerup_blue\powerup_blue
0x00002D53,objects\multi\powerups\powerup_red\powerup_red
0x00002D54,objects\multi\powerups\powerup_yellow\powerup_yellow
0x00002FF4,objects\equipment\gravlift\gravlift
0x0000328A,levels\multi\guardian\guardian
0x0000328C,levels\multi\riverworld\riverworld
0x0000328D,levels\multi\riverworld\riverworld
0x0000328E,levels\multi\riverworld\riverworld_design
0x0000328F,levels\multi\riverworld\riverworld_riverworld_cubemaps
0x00003290,levels\multi\riverworld\wind_riverworld
0x00003291,levels\multi\riverworld\sky\riverworld
0x00003838,levels\multi\riverworld\riverworld
0x0000383A,levels\multi\chill\chill
0x0000383B,levels\multi\chill\chill
0x0000383C,levels\multi\chill\chill_design
0x0000383D,levels\multi\chill\chill_chill_cubemaps
0x0000383E,levels\multi\chill\sky\sky
0x000039CB,levels\multi\chill\chill
0x000039CD,levels\dlc\bunkerworld\bunkerworld
0x000039CE,levels\dlc\bunkerworld\bunkerworld
0x000039CF,levels\dlc\bunkerworld\bunker_design
0x000039D0,levels\dlc\bunkerworld\bunkerworld_bunkerworld_cubemaps
0x000039D1,levels\dlc\bunkerworld\wind_bunkerworld
0x000039D2,levels\dlc\bunkerworld\sky\bunkerworld
0x00003D9E,levels\dlc\bunkerworld\bunkerworld
0x00003D9F,levels\multi\s3d_avalanche\s3d_avalanche
0x00003DA0,levels\multi\s3d_avalanche\s3d_avalanche
0x00003DA1,levels\multi\s3d_avalanche\s3d_avalanche_design
0x00003DA2,levels\multi\s3d_avalanche\s3d_avalanche_s3d_avalanche_cubemaps
0x00003DA3,levels\multi\s3d_avalanche\wind_avalanche
0x00003DA4,levels\multi\s3d_avalanche\sky\sky
0x00003DA6,objects\weapons\turret\missile_pod\missile_pod
0x00004121,levels\multi\s3d_avalanche\s3d_avalanche
0x00004123,levels\multi\s3d_edge\s3d_edge
0x00004124,levels\multi\s3d_edge\s3d_edge
0x00004125,levels\multi\s3d_edge\s3d_edge_design
0x00004126,levels\multi\s3d_edge\s3d_edge_s3d_edge_cubemaps
0x00004127,levels\multi\s3d_edge\sky\sky
0x000042BD,levels\multi\s3d_edge\s3d_edge
0x000042BF,levels\multi\s3d_reactor\s3d_reactor
0x000042C0,levels\multi\s3d_reactor\s3d_reactor
0x000042C1,levels\multi\s3d_reactor\s3d_reactor_design
0x000042C2,levels\multi\s3d_reactor\s3d_reactor_s3d_reactor_cubemaps
0x000042C3,levels\multi\s3d_reactor\wind_reactor
0x000042C4,levels\multi\s3d_reactor\sky\sky
0x000042CF,objects\powerups\over_shield\over_shield
0x000044F9,levels\multi\s3d_reactor\s3d_reactor
0x000044FD,levels\multi\s3d_turf\s3d_turf
0x000044FE,levels\multi\s3d_turf\s3d_turf
0x000044FF,levels\multi\s3d_turf\s3d_turf_design
0x00004500,levels\multi\s3d_turf\s3d_turf_s3d_turf_cubemaps
0x00004501,levels\multi\s3d_turf\sky\sky
0x00004509,objects\powerups\smg_ammo\smg_ammo
0x0000450A,objects\powerups\pistol_ammo\pistol_ammo
0x0000450B,objects\powerups\battle_rifle_ammo\battle_rifle_ammo
0x0000475C,levels\multi\s3d_turf\s3d_turf
0x00004760,levels\multi\cyberdyne\cyberdyne
0x00004761,levels\multi\cyberdyne\cyberdyne
0x00004762,levels\multi\cyberdyne\cyberdyne_design
0x00004763,levels\multi\cyberdyne\cyberdyne_cyberdyne_cubemaps
0x00004764,levels\multi\cyberdyne\sky\sky
0x00004773,objects\levels\multi\cyberdyne\security_camera\security_camera
0x00004A2D,levels\multi\cyberdyne\cyberdyne
0x00004A33,levels\multi\zanzibar\zanzibar
0x00004A34,levels\multi\zanzibar\zanzibar
0x00004A35,levels\multi\zanzibar\zanzibar_design
0x00004A36,levels\multi\zanzibar\zanzibar_zanzibar_cubemaps
0x00004A37,levels\multi\zanzibar\wind_zanzibar
0x00004A38,levels\multi\zanzibar\sky\sky
0x00004CC2,levels\multi\zanzibar\zanzibar
0x00004CC3,levels\multi\deadlock\deadlock
0x00004CC4,levels\multi\deadlock\deadlock
0x00004CC5,levels\multi\deadlock\deadlock_design
0x00004CC6,levels\multi\deadlock\deadlock_deadlock_cubemaps
0x00004CC7,levels\multi\deadlock\wind_deadlock
0x00004CC8,levels\multi\deadlock\sky\deadlock
0x00004E64,levels\multi\deadlock\deadlock
