0x00000000,global_tags
0x00000001,rasterizer\rasterizer_cache_file_globals
0x00000002,hf2p\global_textures_list
0x00000003,hf2p\global_files_list
0x00000004,globals\globals
0x000000C7,fx\scenery_fx\havok\havok_collection
0x000000C8,sound\sound_classes
0x000000C9,sound\global_fx
0x000000CA,sound\sound_mix
0x000000CB,sound\combat_dialogue_constants
0x000000CC,sound\default
0x000000CD,sound\ui_sounds
0x000000CE,ai\ai_dialogue_globals
0x000000CF,ai\normal
0x000000D0,ai\bunkering
0x000000D1,ai\assaulting
0x000000D2,globals\ai_globals
0x000000D3,globals\default_unit_camera_track
0x000000D4,sound\weapons\frag_grenade\frag_throw
0x000000D5,objects\weapons\grenade\frag_grenade\frag_grenade
0x000000D6,objects\weapons\grenade\frag_grenade\frag_grenade
0x000000D7,sound\weapons\plasma_grenade\throwgren
0x000000D8,objects\weapons\grenade\plasma_grenade\plasma_grenade
0x000000D9,objects\weapons\grenade\plasma_grenade\plasma_grenade
0x000000DA,sound\weapons\claymore_grenade\claymore_throw
0x000000DB,objects\weapons\grenade\claymore_grenade\claymore_grenade
0x000000DC,objects\weapons\grenade\claymore_grenade\claymore_grenade
0x000000DD,sound\weapons\firebomb\firebomb_throw
0x000000DE,objects\weapons\grenade\firebomb_grenade\firebomb_grenade
0x000000DF,objects\weapons\grenade\firebomb_grenade\projectiles\firebomb_grenade
0x000000E0,ui\hud
0x000000E1,ui\editor
0x000000E2,ui\dialog
0x000000E3,rasterizer\plasma_noise
0x000000E4,ui\main_menu
0x000000E5,ui\multiplayer
0x000000E6,ui\chud\globals
0x000000E7,ui\global_strings\damage_strings
0x000000E8,hf2p\strings\main_strings
0x000000E9,hf2p\strings\settings_strings
0x000000EA,hf2p\strings\lobby_strings
0x000000EB,hf2p\strings\emblem_editor_strings
0x000000EC,hf2p\strings\carousel_strings
0x000000ED,hf2p\strings\consumable_strings
0x000000EE,hf2p\strings\weapon_strings
0x000000EF,hf2p\strings\ingame_strings
0x000000F0,hf2p\strings\armor_strings
0x000000F1,hf2p\strings\message_strings
0x000000F2,hf2p\strings\buy_strings
0x000000F3,hf2p\strings\game_mode_strings
0x000000F4,hf2p\strings\map_strings
0x000000F5,hf2p\strings\loading_strings
0x000000F6,hf2p\strings\tip_strings
0x000000F7,hf2p\strings\level_strings
0x000000F8,hf2p\strings\profile_strings
0x000000F9,hf2p\strings\class_strings
0x000000FA,hf2p\strings\manufacturer_strings
0x000000FB,hf2p\strings\medal_strings
0x000000FC,hf2p\strings\playlist_strings
0x000000FD,hf2p\strings\damage_reporting_type_strings
0x000000FE,hf2p\strings\challenge_strings
0x000000FF,hf2p\strings\career_strings
0x00000100,hf2p\strings\mod_strings
0x00000101,hf2p\strings\label_strings
0x00000102,hf2p\strings\market_strings
0x00000103,hf2p\strings\emblem_strings
0x00000104,hf2p\strings\system_message_strings
0x00000105,objects\characters\masterchief\fx\coop_teleport
0x00000106,sound\weapons\battle_rifle\flashlight
0x00000107,globals\damage_responses\default
0x00000108,objects\characters\masterchief\mp_masterchief\fp\fp
0x00000109,objects\characters\masterchief\mp_masterchief\fp_body\fp_body
0x0000010A,objects\characters\masterchief\mp_masterchief\mp_masterchief
0x0000010B,sound\game_sfx\ui\binoculars\binocs_in_click
0x0000010C,sound\game_sfx\ui\binoculars\binocs_out_click
0x0000010D,objects\characters\elite\mp_elite\fp_arms\fp_arms
0x0000010E,objects\characters\elite\mp_elite\fp_body\fp_body
0x0000010F,objects\characters\elite\mp_elite\mp_elite
0x00000110,objects\characters\masterchief\mp_masterchief\mp_masterchief_ui
0x00000111,objects\characters\elite\mp_elite\mp_elite_ui
0x00000112,objects\characters\masterchief\mp_masterchief\mp_masterchief_manikin
0x00000113,objects\characters\elite\mp_elite\mp_elite_manikin
0x00000114,objects\characters\masterchief\mp_masterchief\mp_masterchief_podium
0x00000115,objects\characters\elite\mp_elite\mp_elite_podium
0x00000116,objects\characters\mp_spartan_female\mp_spartan_female
0x00000117,objects\characters\mp_spartan_female\mp_spartan_female_ui
0x00000118,objects\characters\mp_spartan_female\mp_spartan_female_manikin
0x00000119,objects\characters\mp_spartan_female\mp_spartan_female_podium
0x0000011A,globals\falling
0x0000011B,globals\collision_damage\landing_soft
0x0000011C,globals\collision_damage\landing_hard
0x0000011D,globals\hs_damage
0x0000011E,globals\distance
0x0000011F,sound\materials\liquid\water_med
0x00000120,sound\materials\liquid\water_large
0x00000121,sound\materials\liquid\vehicle_water_looping\vehicle_water_looping
0x00000122,fx\material_effects\materials\liquid\liquid
0x00000123,fx\water\default_small
0x00000124,fx\water\default_medium
0x00000125,fx\water\default_large
0x00000126,sound\materials\soft\soft_organic_cloth\cloth_hits
0x00000127,sound\materials\soft\soft_organic_cloth\cloth_hits_med
0x00000128,sound\materials\soft\soft_organic_cloth\cloth_looping\cloth_looping
0x00000129,fx\material_effects\materials\soft\soft_organic_cloth
0x0000012A,sound\materials\soft\organic_flesh\melee_impact
0x0000012B,sound\materials\soft\soft_organic_plant\soft_organic_plant_hits_actor
0x0000012C,sound\materials\soft\soft_organic_plant_leafy_dynamic\soft_organic_plant_leafy_dynamic\soft_organic_plant_leafy_dynamic
0x0000012D,sound\materials\soft\soft_organic_plant\soft_organic_plant_hits_actee
0x0000012E,fx\material_effects\materials\soft\soft_organic_plant
0x0000012F,sound\materials\hard\metal_thick\metal_thick_med
0x00000130,sound\materials\soft\terrain_snow\snow_small
0x00000131,sound\materials\soft\terrain_snow\snow_medium
0x00000132,sound\materials\soft\terrain_snow\snow_large
0x00000133,sound\materials\soft\terrain_snow\snow_looping\snow_looping
0x00000134,fx\material_effects\materials\soft\terrain_snow
0x00000135,sound\materials\tough\terrain_dirt\dirt_small
0x00000136,sound\materials\tough\terrain_dirt\dirt_med
0x00000137,sound\materials\tough\terrain_dirt\dirt_large
0x00000138,sound\materials\tough\terrain_dirt\dirt_looping\dirt_looping
0x00000139,fx\material_effects\materials\tough\terrain_dirt
0x0000013A,sound\materials\tough\rubber\rubber_small
0x0000013B,sound\materials\tough\rubber\rubber_med
0x0000013C,sound\materials\tough\plastic_looping\plastic_looping
0x0000013D,fx\material_effects\materials\tough\inorganic_rubber
0x0000013E,sound\materials\havok\tire\tire_hits
0x0000013F,fx\material_effects\materials\tough\inorganic_rubber_hum_tire
0x00000140,fx\material_effects\materials\tough\inorganic_plastic
0x00000141,sound\materials\tough\squish_hits
0x00000142,fx\material_effects\materials\tough\tough_floodflesh
0x00000143,sound\materials\tough\organic_wood\wood_small
0x00000144,sound\materials\tough\organic_wood\wood_med
0x00000145,fx\material_effects\materials\tough\organic_wood
0x00000146,sound\materials\tough\terrain_grass\grass_small
0x00000147,sound\materials\tough\terrain_grass\grass_med
0x00000148,sound\materials\tough\terrain_grass\grass_looping\grass_looping
0x00000149,sound\materials\tough\terrain_mud\mud_small
0x0000014A,sound\materials\tough\terrain_mud\mud_med
0x0000014B,sound\materials\tough\terrain_mud\mud_looping\mud_looping
0x0000014C,sound\materials\tough\terrain_gravel\gravel_small
0x0000014D,sound\materials\tough\terrain_gravel\gravel_med
0x0000014E,sound\materials\tough\terrain_gravel\gravel_looping\gravel_looping
0x0000014F,sound\materials\tough\terrain_sand\sand_small
0x00000150,sound\materials\tough\terrain_sand\sand_med
0x00000151,sound\materials\tough\terrain_sand\sand_looping\sand_looping
0x00000152,sound\materials\hard\terrain_stone\stone_small
0x00000153,sound\materials\hard\terrain_stone\stone_med
0x00000154,sound\materials\hard\metal_solid\metal_solid_large
0x00000155,sound\materials\hard\terrain_stone\stone_looping\stone_looping
0x00000156,fx\material_effects\materials\hard\terrain_stone
0x00000157,sound\materials\hard\metal_thin\metal_thin_small
0x00000158,sound\materials\hard\metal_thin\metal_thin_med_h3
0x00000159,sound\materials\hard\metal_thin\metal_thin_large
0x0000015A,sound\materials\hard\metal_thin\metal_thin_looping\metal_thin_looping
0x0000015B,fx\material_effects\materials\hard\metal_thin
0x0000015C,sound\materials\hard\metal_thin\human_weap_melee
0x0000015D,sound\materials\hard\metal_thick\vehicle_hit_human
0x0000015E,sound\materials\hard\metal_thin\metal_thin_cov_small
0x0000015F,sound\materials\hard\metal_thin\metal_thin_cov_elite_small
0x00000160,sound\materials\hard\metal_thin\metal_thin_cov_elite_small_looping\metal_thin_cov_elite_small_looping
0x00000161,fx\material_effects\materials\hard\metal_thin_cov_elite
0x00000162,sound\materials\hard\metal_thin\cov_weap_melee
0x00000163,sound\materials\hard\metal_thick\metal_thick_small
0x00000164,sound\materials\hard\metal_thick\metal_thick_looping\metal_thick_looping
0x00000165,fx\material_effects\materials\hard\metal_thick
0x00000166,fx\material_effects\materials\hard\hard_metal_thick_hum_scorpion_tread
0x00000167,fx\material_effects\materials\hard\metal_thick_cov
0x00000168,sound\materials\hard\metal_thick\hard_metal_thick_cov_hunter
0x00000169,sound\materials\hard\metal_thick\hit_ghost_small
0x0000016A,sound\materials\hard\metal_thick\hit_ghost
0x0000016B,sound\materials\hard\metal_thick\metal_thick_for_small
0x0000016C,sound\materials\hard\metal_thick\metal_thick_for_small_looping\metal_thick_for_small_looping
0x0000016D,fx\material_effects\materials\hard\metal_thick_for_sentinel
0x0000016E,sound\materials\hard\metal_solid\metal_solid_small_h3_actee
0x0000016F,sound\materials\hard\metal_solid\metal_solid_med_h3_actee
0x00000170,sound\materials\hard\metal_solid\metal_solid_looping\metal_solid_looping
0x00000171,fx\material_effects\materials\hard\metal_solid
0x00000172,sound\materials\hard\terrain_concrete\concrete_small
0x00000173,sound\materials\hard\terrain_concrete\concrete_melee
0x00000174,sound\materials\hard\terrain_concrete\concrete_looping\concrete_looping
0x00000175,fx\material_effects\materials\hard\terrain_concrete
0x00000176,sound\materials\hard\terrain_ice\ice_small
0x00000177,sound\materials\hard\terrain_ice\ice_med
0x00000178,sound\materials\hard\terrain_ice\ice_large
0x00000179,sound\materials\hard\terrain_ice\ice_looping\ice_looping
0x0000017A,globals\glass
0x0000017B,sound\materials\brittle\glass\glass_small
0x0000017C,sound\materials\brittle\glass\glass_med
0x0000017D,sound\materials\brittle\glass\glass_large
0x0000017E,sound\materials\brittle\glass\glass_looping\glass_looping
0x0000017F,fx\material_effects\materials\brittle\glass
0x00000180,sound\materials\energy\energy_small
0x00000181,sound\materials\energy\energy_medium
0x00000182,sound\materials\energy\blue_plasma_looping\blue_plasma_looping
0x00000183,fx\material_effects\materials\energy\energy
0x00000184,sound\materials\hard\metal_thin\metal_thin_hum_grating_small
0x00000185,sound\materials\hard\metal_thin\metal_thin_hum_grating_med
0x00000186,sound\materials\tough\terrain_underbrush\underbrush_med
0x00000187,sound\materials\tough\terrain_underbrush\underbrush_looping\underbrush_looping
0x00000188,sound\materials\tough\organic_wood\wood_looping\wood_looping
0x00000189,sound\materials\tough\terrain_carpet\carpet_hit_med
0x0000018A,globals\glass_thick
0x0000018B,fx\material_effects\materials\tough\inorganic_rubber_hum_tire_mongoose
0x0000018C,sound\materials\hard\metal_solid\metal_solid_small
0x0000018D,sound\materials\hard\metal_solid\metal_solid_med
0x0000018E,sound\materials\hard\metal_thin\metal_thin_fence
0x0000018F,fx\material_effects\materials\hard\hard_metal_thick_cov_chopper_wheel
0x00000190,sound\materials\hard\metal_thin\metal_thin_hum_railing
0x00000191,sound\materials\hard\metal_thick\metal_thick_hum_hollow_tank_med
0x00000192,sound\materials\hard\metal_thick\metal_thick_hum_hollow_tank_large
0x00000193,sound\materials\hard\metal_thick\metal_thick_hum_hollow_med_looping\metal_thick_hum_hollow_med_looping
0x00000194,fx\material_effects\materials\hard\metal_thick_hum_hollow_med
0x00000195,sound\materials\hard\metal_thin\metal_thin_gas_can
0x00000196,fx\material_effects\objects\havok\blitzcan
0x00000197,sound\materials\hard\metal_thin\hum_object_rattly_small
0x00000198,sound\materials\hard\metal_thin\hum_object_rattly_med
0x00000199,sound\materials\hard\metal_thin\metal_thin_rattly_looping\metal_thin_rattly_looping
0x0000019A,fx\material_effects\materials\hard\metal_thin_hum_obj_rattly
0x0000019B,sound\weapons\flag\flag_drop
0x0000019C,sound\weapons\flag\melee_flag
0x0000019D,fx\material_effects\objects\weapons\flag
0x0000019E,fx\material_effects\materials\hard\metal_thick_hum_hollow_huge
0x0000019F,sound\materials\soft\cardboard\cardboard_hits_small_actee
0x000001A0,sound\materials\soft\cardboard\cardboard_hits_med_actee
0x000001A1,sound\materials\soft\cardboard\cardboard_smooth_looping\cardboard_smooth_looping
0x000001A2,fx\material_effects\materials\soft\soft_inorganic_cardboard
0x000001A3,sound\materials\havok\hubcap_hit
0x000001A4,sound\materials\havok\hubcap_looping\hubcap_looping
0x000001A5,fx\material_effects\objects\havok\hubcap
0x000001A6,sound\materials\submerged_default_material\submerged_thud_small
0x000001A7,sound\materials\submerged_default_material\submerged_thud_large
0x000001A8,sound\materials\tough\terrain_floodflesh\floodflesh_hit_small
0x000001A9,sound\materials\tough\terrain_floodflesh\floodflesh_hits_med
0x000001AA,sound\materials\tough\terrain_floodflesh\floodflesh_looping\floodflesh_looping
0x000001AB,sound\materials\tough\terrain_floodflesh\floodflesh_hit_small_wet
0x000001AC,sound\materials\tough\terrain_floodflesh\floodflesh_hits_wet_med
0x000001AD,sound\materials\tough\terrain_floodflesh\floodflesh_wet_looping\floodflesh_wet_looping
0x000001AE,sound\materials\tough\terrain_floodflesh\floodflesh_hit_dry_small
0x000001AF,sound\materials\tough\terrain_floodflesh\floodflesh_dry_med
0x000001B0,sound\materials\soft\soft_organic_plant_bushy_dynamic\soft_organic_plant_bushy_dyn_hits\plant_bushy_dyn_hit
0x000001B1,sound\materials\soft\soft_organic_plant_bushy_dynamic\soft_organic_plant_bushy_dyn_looping\soft_organic_plant_bushy_dyn_looping
0x000001B2,sound\materials\soft\soft_organic_plant_bushy_dynamic\soft_organic_plant_bushy_dyn_hits\plant_bushy_dyn_melee
0x000001B3,fx\material_effects\materials\soft\soft_organic_plant_bushy_dynamic
0x000001B4,sound\materials\soft\soft_organic_plant_leafy_dynamic\soft_organic_plant_leafy_dynamic_hits
0x000001B5,fx\material_effects\materials\soft\soft_organic_plant_leafy_dynamic
0x000001B6,sound\materials\tough\tough_organic_wood_sapling_dynamic\tough_organic_wood_sapling_dyn_hits
0x000001B7,fx\material_effects\materials\tough\tough_organic_wood_sapling_dynamic
0x000001B8,sound\materials\tough\tough_organic_wood_tree_dynamic\tough_organic_wood_tree_dynamic_hits
0x000001B9,sound\materials\tough\tough_organic_wood_tree_dynamic\organic_wood_tree_dyn_looping\organic_wood_tree_dyn_looping
0x000001BA,fx\material_effects\materials\tough\tough_organic_wood_tree_dynamic
0x000001BB,sound\materials\gear\soccer_ball\soccerball_hits
0x000001BC,sound\materials\gear\soccer_ball\tire_rolling_soccer_ball\tire_rolling_soccer_ball
0x000001BD,fx\material_effects\objects\havok\soccer_ball
0x000001BE,sound\materials\energy\cortana_melee
0x000001BF,multiplayer\multiplayer_globals
0x000001C0,multiplayer\survival_mode_globals
0x000001C1,hf2p\globals
0x000001C2,objects\cinematics\cinematic_anchor\cinematic_anchor
0x000001C3,globals\rasterizer_globals
0x000001C4,globals\default
0x000001C5,globals\podium_globals
0x000001C6,globals\default_wind
0x000001C7,globals\collision_damage\collision
0x000001C8,globals\collision_damage\default
0x000001C9,globals\effect_globals
0x000001CA,globals\game_progression
0x000001CB,globals\global_achievements
0x000001CC,globals\input_globals
0x0000061E,objects\weapons\grenade\firebomb_grenade\projectiles\primary_impact
0x0000064E,ui\ui_shared_globals
0x0000065C,hf2p\texture_render_list
0x00000660,ui\halox\scoreboard\dead_player_ui
0x000006B8,ui\global_strings\global_strings
0x000006B9,ui\global_strings\halo_online
0x000006BA,ui\default_sounds
0x000006C9,sound\game_sfx\multiplayer\player_respawn
0x0000077B,hf2p\ui\lights\armor_01
0x0000077C,hf2p\ui\lights\equipment_01
0x0000077D,hf2p\ui\lights\primary_weapon_01
0x0000077E,hf2p\ui\lights\secondary_weapon_01
0x0000077F,hf2p\ui\lights\armor_02
0x00000780,hf2p\ui\lights\equipment_02
0x00000781,hf2p\ui\lights\primary_weapon_02
0x00000782,hf2p\ui\lights\secondary_weapon_02
0x00000783,ui\binks\preview_invisibility
0x00000784,ui\binks\preview_bubbleshield
0x00000785,ui\binks\preview_powerdrain
0x00000786,ui\binks\preview_jammer
0x00000787,ui\binks\preview_placeholder
0x00000788,ui\binks\preview_tripmine
0x00000789,ui\binks\preview_bombrun
0x0000078A,ui\binks\preview_vision
0x0000078B,ui\binks\preview_regenerator
0x0000078C,ui\binks\preview_instantcover
0x0000078D,ui\binks\preview_concussive_blast
0x0000078E,ui\binks\preview_hologram
0x0000078F,ui\binks\preview_adrenaline
0x00000796,objects\weapons\rifle\assault_rifle\assault_rifle
0x00000797,objects\weapons\rifle\assault_rifle\assault_rifle_v1
0x00000798,objects\weapons\rifle\assault_rifle\assault_rifle_v2
0x00000799,objects\weapons\rifle\assault_rifle\assault_rifle_v3
0x0000079A,objects\weapons\rifle\assault_rifle\assault_rifle_v4
0x0000079B,objects\weapons\rifle\assault_rifle\assault_rifle_v5
0x0000079C,objects\weapons\rifle\assault_rifle\assault_rifle_v6
0x0000079D,objects\weapons\rifle\battle_rifle\battle_rifle
0x0000079E,objects\weapons\rifle\battle_rifle\battle_rifle_v1
0x0000079F,objects\weapons\rifle\battle_rifle\battle_rifle_v2
0x000007A0,objects\weapons\rifle\battle_rifle\battle_rifle_v3
0x000007A1,objects\weapons\rifle\battle_rifle\battle_rifle_v4
0x000007A2,objects\weapons\rifle\battle_rifle\battle_rifle_v5
0x000007A3,objects\weapons\rifle\battle_rifle\battle_rifle_v6
0x000007A4,objects\weapons\rifle\dmr\dmr
0x000007A5,objects\weapons\rifle\dmr\dmr_v1
0x000007A6,objects\weapons\rifle\dmr\dmr_v2
0x000007A7,objects\weapons\rifle\dmr\dmr_v3
0x000007A8,objects\weapons\rifle\dmr\dmr_v4
0x000007A9,objects\weapons\rifle\dmr\dmr_v5
0x000007AA,objects\weapons\rifle\dmr\dmr_v6
0x000007AB,objects\weapons\rifle\covenant_carbine\covenant_carbine
0x000007AC,objects\weapons\rifle\covenant_carbine\covenant_carbine_v1
0x000007AD,objects\weapons\rifle\covenant_carbine\covenant_carbine_v2
0x000007AE,objects\weapons\rifle\covenant_carbine\covenant_carbine_v3
0x000007AF,objects\weapons\rifle\covenant_carbine\covenant_carbine_v4
0x000007B0,objects\weapons\rifle\covenant_carbine\covenant_carbine_v5
0x000007B1,objects\weapons\rifle\covenant_carbine\covenant_carbine_v6
0x000007B2,objects\weapons\rifle\smg\smg
0x000007B3,objects\weapons\rifle\smg\smg_v1
0x000007B4,objects\weapons\rifle\smg\smg_v2
0x000007B5,objects\weapons\rifle\smg\smg_v3
0x000007B6,objects\weapons\rifle\smg\smg_v4
0x000007B7,objects\weapons\rifle\smg\smg_v5
0x000007B8,objects\weapons\rifle\smg\smg_v6
0x000007B9,objects\weapons\rifle\plasma_rifle\plasma_rifle
0x000007BA,objects\weapons\rifle\plasma_rifle\plasma_rifle_v1
0x000007BB,objects\weapons\rifle\plasma_rifle\plasma_rifle_v2
0x000007BC,objects\weapons\rifle\plasma_rifle\plasma_rifle_v3
0x000007BD,objects\weapons\rifle\plasma_rifle\plasma_rifle_v4
0x000007BE,objects\weapons\rifle\plasma_rifle\plasma_rifle_v5
0x000007BF,objects\weapons\rifle\plasma_rifle\plasma_rifle_v6
0x000007C0,objects\weapons\pistol\magnum\magnum
0x000007C1,objects\weapons\pistol\magnum\magnum_v1
0x000007C2,objects\weapons\pistol\magnum\magnum_v2
0x000007C3,objects\weapons\pistol\magnum\magnum_v3
0x000007C4,objects\weapons\pistol\excavator\excavator
0x000007C5,objects\weapons\pistol\excavator\excavator_v1
0x000007C6,objects\weapons\pistol\excavator\excavator_v2
0x000007C7,objects\weapons\pistol\excavator\excavator_v3
0x000007C8,objects\weapons\pistol\plasma_pistol\plasma_pistol
0x000007C9,objects\weapons\pistol\plasma_pistol\plasma_pistol_v1
0x000007CA,objects\weapons\pistol\plasma_pistol\plasma_pistol_v2
0x000007CB,objects\weapons\pistol\plasma_pistol\plasma_pistol_v3
0x000007CC,objects\weapons\grenade\frag_grenade\frag_grenade
0x000007CD,objects\weapons\grenade\plasma_grenade\plasma_grenade
0x000007CE,objects\weapons\grenade\claymore_grenade\claymore_grenade
0x000007CF,objects\weapons\grenade\firebomb_grenade\firebomb_grenade
0x000007D0,objects\weapons\rifle\battle_rifle\battle_rifle_v7
0x000007D1,objects\weapons\rifle\smg\smg_v1_type_1
0x000007D2,objects\weapons\rifle\battle_rifle\battle_rifle_v1_type_3
0x000007D3,objects\weapons\rifle\battle_rifle\battle_rifle_v2_type_3
0x000007D4,objects\weapons\rifle\battle_rifle\battle_rifle_v3_type_3
0x000007D5,objects\weapons\rifle\battle_rifle\battle_rifle_v4_type_3
0x000007D6,objects\weapons\rifle\battle_rifle\battle_rifle_v5_type_3
0x000007D7,objects\weapons\rifle\battle_rifle\battle_rifle_v6_type_3
0x000007D8,objects\weapons\rifle\smg\smg_v2_type_1
0x000007D9,objects\weapons\rifle\smg\smg_v3_type_1
0x000007DA,objects\weapons\rifle\smg\smg_v4_type_1
0x000007DB,objects\weapons\rifle\smg\smg_v5_type_1
0x000007DC,objects\weapons\rifle\smg\smg_v6_type_1
0x000007E0,sound\game_sfx\armor_sounds\armor_sounds
0x000007E5,objects\equipment\hologram\bipeds\masterchief_hologram
0x00001080,objects\characters\masterchief\masterchief_podium
0x00001082,objects\characters\elite\mp_elite\mp_elite_podium
0x000011C5,objects\weapons\pistol\plasma_pistol\plasma_pistol
0x000011C6,objects\weapons\pistol\needler\needler
0x000011C7,objects\weapons\support_high\flak_cannon\flak_cannon
0x000011C9,objects\weapons\turret\plasma_cannon\plasma_cannon
0x000011CC,objects\weapons\rifle\covenant_carbine\covenant_carbine
0x000011CD,objects\weapons\support_low\brute_shot\brute_shot
0x000011CE,objects\weapons\rifle\spike_rifle\spike_rifle
0x000011D2,objects\weapons\pistol\excavator\excavator
0x000011D7,objects\weapons\rifle\beam_rifle\beam_rifle
0x000011DA,objects\weapons\melee\gravity_hammer\gravity_hammer
0x000011DC,objects\weapons\turret\plasma_cannon\plasma_cannon
0x000011E4,objects\vehicles\shade\shade
0x000011E5,objects\vehicles\ghost\ghost
0x000011E6,objects\vehicles\brute_chopper\brute_chopper
0x000011E7,objects\vehicles\wraith\wraith
0x000011E8,objects\vehicles\banshee\banshee
0x000011EA,objects\vehicles\phantom\phantom
0x000011EC,objects\weapons\rifle\assault_rifle\assault_rifle
0x000011ED,objects\vehicles\warthog\warthog
0x000011EE,objects\vehicles\scorpion\scorpion
0x000011F3,objects\weapons\rifle\plasma_rifle\plasma_rifle
0x000011FB,objects\vehicles\phantom\phantom_dropship\phantom_dropship
0x000011FC,multiplayer\random_player_names
0x000011FD,multiplayer\team_names
0x000011FE,objects\equipment\jammer_equipment\jammer_equipment
0x000011FF,objects\equipment\powerdrain_equipment\powerdrain_equipment
0x00001200,objects\equipment\invisibility_equipment\invisibility_equipment
0x00001201,objects\equipment\invisibility_equipment\invisibility_vehicle_equipment
0x00001202,objects\equipment\bubbleshield_equipment\bubbleshield_equipment
0x00001203,objects\equipment\superflare_equipment\superflare_equipment
0x00001204,objects\equipment\regenerator_equipment\regenerator_equipment
0x00001205,objects\equipment\tripmine_equipment\tripmine_equipment
0x00001206,objects\equipment\autoturret_equipment\autoturret_equipment
0x00001207,objects\equipment\instantcover_equipment\instantcover_equipment_mp
0x00001208,objects\equipment\forcedreload_equipment\forcedreload_equipment
0x00001209,objects\equipment\concussiveblast_equipment\concussiveblast_equipment
0x0000120A,objects\equipment\tankmode_equipment\tankmode_equipment
0x0000120B,objects\equipment\magpulse_equipment\magpulse_equipment
0x0000120C,objects\equipment\hologram_equipment\hologram_equipment
0x0000120D,objects\equipment\reactivearmor_equipment\reactivearmor_equipment
0x0000120E,objects\equipment\bombrun_equipment\bombrun_equipment
0x0000120F,objects\equipment\armorlock_equipment\armorlock_equipment
0x00001210,objects\equipment\adrenaline_equipment\adrenaline_equipment
0x00001211,objects\equipment\lightningstrike_equipment\lightningstrike_equipment
0x00001212,objects\equipment\scrambler_equipment\scrambler_equipment
0x00001213,objects\equipment\weaponjammer_equipment\weaponjammer_equipment
0x00001214,objects\equipment\ammopack_equipment\ammopack_equipment
0x00001215,objects\equipment\vision_equipment\vision_equipment
0x00001216,objects\equipment\bubbleshield_equipment\bubbleshield_equipment_tutorial
0x00001217,objects\equipment\vision_equipment\vision_equipment_tutorial
0x00001218,multiplayer\global_multiplayer_messages
0x00001219,objects\weapons\rifle\battle_rifle\battle_rifle
0x0000121A,objects\weapons\rifle\smg\smg
0x0000121B,objects\weapons\melee\energy_blade\energy_blade
0x0000121C,objects\weapons\pistol\magnum\magnum
0x0000121D,objects\weapons\support_high\rocket_launcher\rocket_launcher
0x0000121E,objects\weapons\rifle\shotgun\shotgun
0x0000121F,objects\weapons\rifle\sniper_rifle\sniper_rifle
0x00001220,objects\weapons\melee\energy_blade\energy_blade_useless
0x00001221,objects\weapons\support_high\spartan_laser\spartan_laser
0x00001222,objects\weapons\turret\flamethrower\flamethrower
0x00001223,objects\weapons\turret\missile_pod\missile_pod
0x00001224,objects\weapons\rifle\dmr\dmr
0x00001225,objects\weapons\rifle\assault_rifle\assault_rifle_v1
0x00001226,objects\weapons\rifle\assault_rifle\assault_rifle_v2
0x00001227,objects\weapons\rifle\assault_rifle\assault_rifle_v3
0x00001228,objects\weapons\rifle\assault_rifle\assault_rifle_v4
0x00001229,objects\weapons\rifle\assault_rifle\assault_rifle_v5
0x0000122A,objects\weapons\rifle\assault_rifle\assault_rifle_v6
0x0000122B,objects\weapons\rifle\battle_rifle\battle_rifle_v1
0x0000122C,objects\weapons\rifle\battle_rifle\battle_rifle_v2
0x0000122D,objects\weapons\rifle\battle_rifle\battle_rifle_v3
0x0000122E,objects\weapons\rifle\battle_rifle\battle_rifle_v4
0x0000122F,objects\weapons\rifle\battle_rifle\battle_rifle_v5
0x00001230,objects\weapons\rifle\battle_rifle\battle_rifle_v6
0x00001231,objects\weapons\rifle\dmr\dmr_v1
0x00001232,objects\weapons\rifle\dmr\dmr_v2
0x00001233,objects\weapons\rifle\dmr\dmr_v3
0x00001234,objects\weapons\rifle\dmr\dmr_v4
0x00001235,objects\weapons\rifle\dmr\dmr_v5
0x00001236,objects\weapons\rifle\dmr\dmr_v6
0x00001237,objects\weapons\rifle\smg\smg_v1
0x00001238,objects\weapons\rifle\smg\smg_v2
0x00001239,objects\weapons\rifle\smg\smg_v3
0x0000123A,objects\weapons\rifle\smg\smg_v4
0x0000123B,objects\weapons\rifle\smg\smg_v5
0x0000123C,objects\weapons\rifle\smg\smg_v6
0x0000123D,objects\weapons\rifle\plasma_rifle\plasma_rifle_v1
0x0000123E,objects\weapons\rifle\plasma_rifle\plasma_rifle_v2
0x0000123F,objects\weapons\rifle\plasma_rifle\plasma_rifle_v3
0x00001240,objects\weapons\rifle\plasma_rifle\plasma_rifle_v4
0x00001241,objects\weapons\rifle\plasma_rifle\plasma_rifle_v5
0x00001242,objects\weapons\rifle\plasma_rifle\plasma_rifle_v6
0x00001243,objects\weapons\rifle\covenant_carbine\covenant_carbine_v1
0x00001244,objects\weapons\rifle\covenant_carbine\covenant_carbine_v2
0x00001245,objects\weapons\rifle\covenant_carbine\covenant_carbine_v3
0x00001246,objects\weapons\rifle\covenant_carbine\covenant_carbine_v4
0x00001247,objects\weapons\rifle\covenant_carbine\covenant_carbine_v5
0x00001248,objects\weapons\rifle\covenant_carbine\covenant_carbine_v6
0x00001249,objects\weapons\pistol\excavator\excavator_v1
0x0000124A,objects\weapons\pistol\excavator\excavator_v2
0x0000124B,objects\weapons\pistol\excavator\excavator_v3
0x0000124C,objects\weapons\pistol\magnum\magnum_v1
0x0000124D,objects\weapons\pistol\magnum\magnum_v2
0x0000124E,objects\weapons\pistol\magnum\magnum_v3
0x0000124F,objects\weapons\pistol\plasma_pistol\plasma_pistol_v1
0x00001250,objects\weapons\pistol\plasma_pistol\plasma_pistol_v2
0x00001251,objects\weapons\pistol\plasma_pistol\plasma_pistol_v3
0x00001252,objects\weapons\rifle\needle_rifle\needle_rifle
0x00001253,objects\weapons\rifle\battle_rifle\battle_rifle_v7
0x00001254,objects\weapons\rifle\battle_rifle\battle_rifle_v1_type_3
0x00001255,objects\weapons\rifle\battle_rifle\battle_rifle_v2_type_3
0x00001256,objects\weapons\rifle\battle_rifle\battle_rifle_v3_type_3
0x00001257,objects\weapons\rifle\battle_rifle\battle_rifle_v4_type_3
0x00001258,objects\weapons\rifle\battle_rifle\battle_rifle_v5_type_3
0x00001259,objects\weapons\rifle\battle_rifle\battle_rifle_v6_type_3
0x0000125A,objects\weapons\rifle\smg\smg_v1_type_1
0x0000125B,objects\weapons\rifle\smg\smg_v2_type_1
0x0000125C,objects\weapons\rifle\smg\smg_v3_type_1
0x0000125D,objects\weapons\rifle\smg\smg_v4_type_1
0x0000125E,objects\weapons\rifle\smg\smg_v5_type_1
0x0000125F,objects\weapons\rifle\smg\smg_v6_type_1
0x00001260,objects\weapons\rifle\assault_rifle\assault_rifle_v2x
0x00001261,objects\weapons\rifle\battle_rifle\battle_rifle_v1x
0x00001262,objects\weapons\rifle\dmr\dmr_v2x
0x00001263,objects\vehicles\mongoose\mongoose
0x00001264,objects\vehicles\mauler\mauler
0x00001265,objects\vehicles\hornet\hornet
0x00001266,objects\vehicles\warthog\warthog_snow
0x00001267,objects\vehicles\mongoose\mongoose_snow
0x00001268,objects\levels\dlc\sidewinder\hornet_lite\hornet_lite
0x00001269,objects\vehicles\scorpion\scorpion_snow
0x0000126A,objects\vehicles\ghost\ghost_snow
0x0000126B,objects\characters\masterchief\masterchief_female_podium
0x0000126C,multiplayer\game_engine_settings
0x0000126D,objects\characters\monitor\monitor_editor
0x0000126E,objects\ui\editor_gizmo\editor_gizmo
0x0000126F,objects\weapons\multiplayer\flag\flag
0x00001270,objects\weapons\multiplayer\ball\ball
0x00001271,objects\weapons\multiplayer\assault_bomb\assault_bomb
0x00001272,objects\multi\vip\vip_boundary
0x00001273,multiplayer\in_game_multiplayer_messages
0x00001274,objects\weapons\grenade\plasma_grenade\plasma_grenade2
0x00001275,multiplayer\vehicle_autoflip
0x00001276,multiplayer\safety_booster
0x00001277,sound\game_sfx\multiplayer\transport
0x00001278,sound\game_sfx\ui\death_gurgle
0x00001279,sound\game_sfx\multiplayer\comm_fail
0x0000127A,sound\game_sfx\multiplayer\comm_loop_mp\comm_loop_mp
0x0000128F,sound\game_sfx\multiplayer\countdown_for_respawn
0x00001290,sound\game_sfx\multiplayer\teleporter_activate
0x000012DC,sound\game_sfx\ui\flag_fail
0x00001309,objects\vehicles\warthog\turrets\chaingun\weapon\chaingun_turret
0x0000130A,objects\weapons\turret\machinegun_turret\machinegun_turret
0x0000130B,objects\weapons\turret\machinegun_turret\machinegun_turret_integrated
0x0000130C,objects\weapons\turret\plasma_cannon\plasma_cannon_integrated
0x0000130D,objects\vehicles\warthog\turrets\gauss\weapon\gauss_turret
0x0000130E,objects\vehicles\mauler\anti_infantry\weapon\anti_infantry
0x0000130F,objects\levels\multi\shrine\behemoth\weapon\behemoth_chaingun_turret
0x00001310,objects\equipment\autoturret\autoturret
0x00001311,objects\vehicles\warthog\warthog_gauss
0x00001312,objects\vehicles\banshee\weapon\banshee_bomb
0x00001313,objects\weapons\support_high\rocket_launcher\projectiles\rocket
0x00001314,objects\weapons\turret\missile_pod\projectiles\missile_pod_missile
0x00001315,objects\vehicles\wraith\turrets\mortar\mortar_turret_charged
0x00001317,objects\weapons\support_low\brute_shot\projectiles\grenade\grenade
0x00001318,objects\vehicles\hornet\weapon\hornet_missile
0x00001319,objects\weapons\support_high\flak_cannon\projectiles\flak_bolt\flak_bolt
0x0000131A,objects\equipment\bombrun\projectiles\bombrun_grenade
0x0000131B,objects\equipment\tripmine\tripmine
0x0000131C,objects\equipment\powerdrain\powerdrain
0x0000131D,objects\equipment\superflare\superflare
0x0000131E,objects\equipment\scrambler\scrambler
0x0000131F,objects\equipment\weaponjammer\weaponjammer
0x00001320,multiplayer\hill\hill
0x00001321,fx\scenery_fx\explosions\human_explosion_huge\human_explosion_huge
0x00001322,objects\weapons\multiplayer\assault_bomb\damage_effects\bomb_explosion
0x00001323,multiplayer\sandbox\cursor_impact
0x00001324,objects\multi\shaders\koth_shield
0x00001325,ui\chud\multiplayer_intro\summary_slayer
0x00001326,ui\chud\multiplayer_intro\summary_oddball
0x00001327,ui\chud\multiplayer_intro\summary_king
0x00001328,ui\chud\multiplayer_intro\summary_editor
0x00001329,ui\chud\multiplayer_intro\summary_vip
0x0000132A,ui\chud\multiplayer_intro\summary_juggernaut
0x0000132B,ui\chud\multiplayer_intro\summary_territories
0x0000132C,ui\chud\multiplayer_intro\summary_infection
0x0000132D,globals\simulation_interpolation\biped_default
0x0000132E,globals\simulation_interpolation\vehicle_default
0x0000132F,globals\simulation_interpolation\crate_default
0x00001330,globals\simulation_interpolation\item_default
0x00001331,globals\simulation_interpolation\projectile_default
0x00001332,globals\simulation_interpolation\object_default
0x00001333,sound\music\postmatch_new\spartan_hero\postmatch_spartan_hero
0x00001334,sound\music\postmatch_new\spartan_engage\postmatch_spartan_engage
0x00001335,sound\music\postmatch_new\headhunters\postmatch_headhunters
0x000013FB,objects\equipment\bubbleshield\bubbleshield
0x00001452,objects\equipment\regenerator\regenerator
0x000014AA,objects\equipment\autoturret\autoturret_beam
0x0000157B,objects\vehicles\pelican\pelican_rocket_pod\pelican_rocket_pod
0x0000157D,objects\vehicles\pelican\pelican_rocket_pod\weapon\pelican_rocket_pod
0x0000157E,objects\vehicles\scorpion\turrets\anti_infantry\weapon\anti_infantry_turret
0x0000157F,objects\vehicles\wraith\turrets\anti_infantry\weapon\wraith_anti_infantry_turret
0x00001581,objects\vehicles\ghost\weapon\ghost_gun
0x00001582,objects\vehicles\banshee\weapon\banshee_gun
0x00001583,objects\vehicles\wraith\turrets\mortar\mortar_turret
0x00001584,objects\vehicles\wraith\turrets\anti_air\anti_air_turret
0x00001585,objects\vehicles\scorpion\turrets\cannon\weapon\cannon_turret
0x00001589,objects\vehicles\brute_chopper\weapon\chopper_gun
0x0000158A,objects\weapons\support_low\sentinel_gun\sentinel_gun
0x0000158B,objects\weapons\turret\missile_pod\missile_pod_integrated
0x0000158C,objects\vehicles\hornet\weapon\hornet_missile
0x0000158F,objects\vehicles\banshee\ai\banshee
0x00001590,objects\vehicles\ghost\ai\ghost
0x00001591,objects\vehicles\pelican\pelican
0x00001592,objects\vehicles\pelican\ai\pelican
0x00001593,objects\vehicles\scorpion\ai\scorpion
0x00001594,objects\vehicles\warthog\ai\warthog
0x00001595,objects\vehicles\wraith\ai\wraith
0x00001596,objects\characters\sentinel_aggressor\sentinel_aggressor
0x00001597,objects\vehicles\brute_chopper\ai\brute_chopper
0x00001598,objects\vehicles\hornet\ai\hornet
0x00001599,objects\vehicles\mauler\ai\mauler
0x0000159A,objects\vehicles\phanton\ai\phantom
0x0000159C,objects\vehicles\olifaunt\olifaunt
0x0000159D,objects\vehicles\pelican\pelican_police\pelican_police
0x0000159E,objects\vehicles\wraith\wraith_park
0x000016AF,objects\powerups\ammo_packs\ammo_large\ammo_large
0x000016B0,objects\powerups\ammo_packs\ammo_small\ammo_small
0x0000198F,objects\powerups\shotgun_ammo\shotgun_ammo
0x00001A1F,objects\powerups\sniper_rifle_ammo\sniper_rifle_ammo
0x00002378,multiplayer\in_game_survival_messages
0x000023A6,objects\characters\masterchief\mp_masterchief\armor\air_assault
0x000023A7,objects\characters\masterchief\mp_masterchief\armor\ballista
0x000023A8,objects\characters\masterchief\mp_masterchief\armor\blaster
0x000023A9,objects\characters\masterchief\mp_masterchief\armor\boxhead
0x000023AA,objects\characters\masterchief\mp_masterchief\armor\bushido
0x000023AB,objects\characters\masterchief\mp_masterchief\armor\buzzsaw
0x000023AC,objects\characters\masterchief\mp_masterchief\armor\cain
0x000023AD,objects\characters\masterchief\mp_masterchief\armor\chameleon
0x000023AE,objects\characters\masterchief\mp_masterchief\armor\cyclops
0x000023AF,objects\characters\masterchief\mp_masterchief\armor\defender
0x000023B0,objects\characters\masterchief\mp_masterchief\armor\demo
0x000023B1,objects\characters\masterchief\mp_masterchief\armor\diablo
0x000023B2,objects\characters\masterchief\mp_masterchief\armor\dutch
0x000023B3,objects\characters\masterchief\mp_masterchief\armor\dynamo
0x000023B4,objects\characters\masterchief\mp_masterchief\armor\enigma
0x000023B5,objects\characters\masterchief\mp_masterchief\armor\eod
0x000023B6,objects\characters\masterchief\mp_masterchief\armor\eva
0x000023B7,objects\characters\masterchief\mp_masterchief\armor\excavator
0x000023B8,objects\characters\masterchief\mp_masterchief\armor\explorer
0x000023B9,objects\characters\masterchief\mp_masterchief\armor\extractor
0x000023BA,objects\characters\masterchief\mp_masterchief\armor\gargoyle
0x000023BB,objects\characters\masterchief\mp_masterchief\armor\ghoul
0x000023BC,objects\characters\masterchief\mp_masterchief\armor\gladiator
0x000023BD,objects\characters\masterchief\mp_masterchief\armor\goku
0x000023BE,objects\characters\masterchief\mp_masterchief\armor\guardian
0x000023BF,objects\characters\masterchief\mp_masterchief\armor\gungnir
0x000023C0,objects\characters\masterchief\mp_masterchief\armor\halberd
0x000023C1,objects\characters\masterchief\mp_masterchief\armor\hammerhead
0x000023C2,objects\characters\masterchief\mp_masterchief\armor\hellcat
0x000023C3,objects\characters\masterchief\mp_masterchief\armor\hoplite
0x000023C4,objects\characters\masterchief\mp_masterchief\armor\iron
0x000023C5,objects\characters\masterchief\mp_masterchief\armor\jawbone
0x000023C6,objects\characters\masterchief\mp_masterchief\armor\juggernaut
0x000023C7,objects\characters\masterchief\mp_masterchief\armor\knight
0x000023C8,objects\characters\masterchief\mp_masterchief\armor\lancer
0x000023C9,objects\characters\masterchief\mp_masterchief\armor\lotus
0x000023CA,objects\characters\masterchief\mp_masterchief\armor\mac
0x000023CB,objects\characters\masterchief\mp_masterchief\armor\major
0x000023CC,objects\characters\masterchief\mp_masterchief\armor\mantis
0x000023CD,objects\characters\masterchief\mp_masterchief\armor\mercenary
0x000023CE,objects\characters\masterchief\mp_masterchief\armor\mirmillion
0x000023CF,objects\characters\masterchief\mp_masterchief\armor\mongoose
0x000023D0,objects\characters\masterchief\mp_masterchief\armor\navigator
0x000023D1,objects\characters\masterchief\mp_masterchief\armor\nihard
0x000023D2,objects\characters\masterchief\mp_masterchief\armor\ninja
0x000023D3,objects\characters\masterchief\mp_masterchief\armor\omni
0x000023D4,objects\characters\masterchief\mp_masterchief\armor\optimus
0x000023D5,objects\characters\masterchief\mp_masterchief\armor\oracle
0x000023D6,objects\characters\masterchief\mp_masterchief\armor\orbital
0x000023D7,objects\characters\masterchief\mp_masterchief\armor\paladin
0x000023D8,objects\characters\masterchief\mp_masterchief\armor\panther
0x000023D9,objects\characters\masterchief\mp_masterchief\armor\pharaoh
0x000023DA,objects\characters\masterchief\mp_masterchief\armor\pilot
0x000023DB,objects\characters\masterchief\mp_masterchief\armor\poncho
0x000023DC,objects\characters\masterchief\mp_masterchief\armor\prophet
0x000023DD,objects\characters\masterchief\mp_masterchief\armor\pulse
0x000023DE,objects\characters\masterchief\mp_masterchief\armor\ranger
0x000023DF,objects\characters\masterchief\mp_masterchief\armor\razor
0x000023E0,objects\characters\masterchief\mp_masterchief\armor\recon
0x000023E1,objects\characters\masterchief\mp_masterchief\armor\renegade
0x000023E2,objects\characters\masterchief\mp_masterchief\armor\rhino
0x000023E3,objects\characters\masterchief\mp_masterchief\armor\rogue
0x000023E4,objects\characters\masterchief\mp_masterchief\armor\rookie
0x000023E5,objects\characters\masterchief\mp_masterchief\armor\scanner
0x000023E6,objects\characters\masterchief\mp_masterchief\armor\scout
0x000023E7,objects\characters\masterchief\mp_masterchief\armor\seeker
0x000023E8,objects\characters\masterchief\mp_masterchief\armor\shark
0x000023E9,objects\characters\masterchief\mp_masterchief\armor\silencer
0x000023EA,objects\characters\masterchief\mp_masterchief\armor\silverback
0x000023EB,objects\characters\masterchief\mp_masterchief\armor\solar
0x000023EC,objects\characters\masterchief\mp_masterchief\armor\spectrum
0x000023ED,objects\characters\masterchief\mp_masterchief\armor\stealth
0x000023EE,objects\characters\masterchief\mp_masterchief\armor\strider
0x000023EF,objects\characters\masterchief\mp_masterchief\armor\swat
0x000023F0,objects\characters\masterchief\mp_masterchief\armor\tanker
0x000023F1,objects\characters\masterchief\mp_masterchief\armor\triage
0x000023F2,objects\characters\masterchief\mp_masterchief\armor\utility
0x000023F3,objects\characters\masterchief\mp_masterchief\armor\vortex
0x000023F4,objects\characters\masterchief\mp_masterchief\armor\warrior
0x000023F5,objects\characters\masterchief\mp_masterchief\armor\wasp
0x000023F6,objects\characters\masterchief\mp_masterchief\armor\widow_maker
0x000023F7,objects\characters\mp_spartan_female\armor\air_assault
0x000023F8,objects\characters\mp_spartan_female\armor\ballista
0x000023F9,objects\characters\mp_spartan_female\armor\blaster
0x000023FA,objects\characters\mp_spartan_female\armor\boxhead
0x000023FB,objects\characters\mp_spartan_female\armor\bushido
0x000023FC,objects\characters\mp_spartan_female\armor\buzzsaw
0x000023FD,objects\characters\mp_spartan_female\armor\cain
0x000023FE,objects\characters\mp_spartan_female\armor\chameleon
0x000023FF,objects\characters\mp_spartan_female\armor\cyclops
0x00002400,objects\characters\mp_spartan_female\armor\defender
0x00002401,objects\characters\mp_spartan_female\armor\demo
0x00002402,objects\characters\mp_spartan_female\armor\diablo
0x00002403,objects\characters\mp_spartan_female\armor\dutch
0x00002404,objects\characters\mp_spartan_female\armor\dynamo
0x00002405,objects\characters\mp_spartan_female\armor\enigma
0x00002406,objects\characters\mp_spartan_female\armor\eod
0x00002407,objects\characters\mp_spartan_female\armor\eva
0x00002408,objects\characters\mp_spartan_female\armor\excavator
0x00002409,objects\characters\mp_spartan_female\armor\explorer
0x0000240A,objects\characters\mp_spartan_female\armor\extractor
0x0000240B,objects\characters\mp_spartan_female\armor\gargoyle
0x0000240C,objects\characters\mp_spartan_female\armor\ghoul
0x0000240D,objects\characters\mp_spartan_female\armor\gladiator
0x0000240E,objects\characters\mp_spartan_female\armor\goku
0x0000240F,objects\characters\mp_spartan_female\armor\guardian
0x00002410,objects\characters\mp_spartan_female\armor\gungnir
0x00002411,objects\characters\mp_spartan_female\armor\halberd
0x00002412,objects\characters\mp_spartan_female\armor\hammerhead
0x00002413,objects\characters\mp_spartan_female\armor\hellcat
0x00002414,objects\characters\mp_spartan_female\armor\hoplite
0x00002415,objects\characters\mp_spartan_female\armor\iron
0x00002416,objects\characters\mp_spartan_female\armor\jawbone
0x00002417,objects\characters\mp_spartan_female\armor\juggernaut
0x00002418,objects\characters\mp_spartan_female\armor\knight
0x00002419,objects\characters\mp_spartan_female\armor\lancer
0x0000241A,objects\characters\mp_spartan_female\armor\lotus
0x0000241B,objects\characters\mp_spartan_female\armor\mac
0x0000241C,objects\characters\mp_spartan_female\armor\major
0x0000241D,objects\characters\mp_spartan_female\armor\mantis
0x0000241E,objects\characters\mp_spartan_female\armor\mercenary
0x0000241F,objects\characters\mp_spartan_female\armor\mirmillion
0x00002420,objects\characters\mp_spartan_female\armor\mongoose
0x00002421,objects\characters\mp_spartan_female\armor\navigator
0x00002422,objects\characters\mp_spartan_female\armor\nihard
0x00002423,objects\characters\mp_spartan_female\armor\ninja
0x00002424,objects\characters\mp_spartan_female\armor\omni
0x00002425,objects\characters\mp_spartan_female\armor\optimus
0x00002426,objects\characters\mp_spartan_female\armor\oracle
0x00002427,objects\characters\mp_spartan_female\armor\orbital
0x00002428,objects\characters\mp_spartan_female\armor\paladin
0x00002429,objects\characters\mp_spartan_female\armor\panther
0x0000242A,objects\characters\mp_spartan_female\armor\pharaoh
0x0000242B,objects\characters\mp_spartan_female\armor\pilot
0x0000242C,objects\characters\mp_spartan_female\armor\poncho
0x0000242D,objects\characters\mp_spartan_female\armor\prophet
0x0000242E,objects\characters\mp_spartan_female\armor\pulse
0x0000242F,objects\characters\mp_spartan_female\armor\ranger
0x00002430,objects\characters\mp_spartan_female\armor\razor
0x00002431,objects\characters\mp_spartan_female\armor\recon
0x00002432,objects\characters\mp_spartan_female\armor\renegade
0x00002433,objects\characters\mp_spartan_female\armor\rhino
0x00002434,objects\characters\mp_spartan_female\armor\rogue
0x00002435,objects\characters\mp_spartan_female\armor\rookie
0x00002436,objects\characters\mp_spartan_female\armor\scanner
0x00002437,objects\characters\mp_spartan_female\armor\scout
0x00002438,objects\characters\mp_spartan_female\armor\shark
0x00002439,objects\characters\mp_spartan_female\armor\silencer
0x0000243A,objects\characters\mp_spartan_female\armor\silverback
0x0000243B,objects\characters\mp_spartan_female\armor\solar
0x0000243C,objects\characters\mp_spartan_female\armor\spectrum
0x0000243D,objects\characters\mp_spartan_female\armor\stealth
0x0000243E,objects\characters\mp_spartan_female\armor\strider
0x0000243F,objects\characters\mp_spartan_female\armor\swat
0x00002440,objects\characters\mp_spartan_female\armor\tanker
0x00002441,objects\characters\mp_spartan_female\armor\triage
0x00002442,objects\characters\mp_spartan_female\armor\utility
0x00002443,objects\characters\mp_spartan_female\armor\vortex
0x00002444,objects\characters\mp_spartan_female\armor\warrior
0x00002445,objects\characters\mp_spartan_female\armor\wasp
0x00002446,objects\characters\mp_spartan_female\armor\widow_maker
0x00002DD6,levels\ui\mainmenu\mainmenu_mainmenu_cubemaps
0x00002EC4,levels\atlas\c100\c100
0x00002EC5,levels\atlas\c200\c200
0x00002EC6,levels\atlas\h100\h100
0x00002EC7,levels\atlas\l200\l200
0x00002EC8,levels\atlas\l300\l300
0x00002EC9,levels\atlas\sc100\sc100
0x00002ECA,levels\atlas\sc110\sc110
0x00002ECB,levels\atlas\sc120\sc120
0x00002ECC,levels\atlas\sc130\sc130
0x00002ECD,levels\atlas\sc140\sc140
0x00002ECE,levels\atlas\sc150\sc150
0x00002ECF,levels\ui\mainmenu\mainmenu
0x00002ED0,levels\dlc\bunkerworld\bunkerworld
0x00002ED1,levels\dlc\bunkerworld\bunkerworld
0x00002ED2,levels\dlc\bunkerworld\bunker_design
0x00002ED3,levels\dlc\bunkerworld\bunkerworld_bunkerworld_cubemaps
0x00002ED4,levels\dlc\bunkerworld\wind_bunkerworld
0x00002ED5,levels\dlc\bunkerworld\sky\bunkerworld
0x00002EEF,objects\weapons\turret\machinegun_turret\machinegun_turret
0x00002EF0,objects\equipment\gravlift_equipment\gravlift_equipment
0x00002EF1,objects\multi\powerups\powerup_blue\powerup_blue
0x00002EF2,objects\multi\powerups\powerup_red\powerup_red
0x00002EF3,objects\multi\powerups\powerup_yellow\powerup_yellow
0x00002F23,objects\levels\dlc\shared\soccer_ball\soccer_ball
0x00003293,objects\vehicles\warthog\turrets\chaingun\chaingun
0x00003294,objects\vehicles\warthog\turrets\gauss\gauss
0x00003295,objects\vehicles\warthog\turrets\troop\troop
0x0000339B,objects\equipment\gravlift\gravlift
0x00003675,objects\vehicles\wraith\turrets\mortar\mortar
0x00003676,objects\vehicles\wraith\turrets\anti_infantry\anti_infantry
0x00003677,objects\vehicles\wraith\turrets\anti_air\anti_air
0x00003678,objects\vehicles\wraith\turrets\anti_infantry\anti_infantry_anti_air_wraith
0x00003ABD,levels\dlc\bunkerworld\bunkerworld
0x00003AC8,levels\multi\chill\chill
0x00003AC9,levels\multi\chill\chill
0x00003ACA,levels\multi\chill\chill_design
0x00003ACB,levels\multi\chill\chill_chill_cubemaps
0x00003ACC,levels\multi\chill\sky\sky
0x00003D83,levels\multi\chill\chill
0x00003D84,levels\multi\cyberdyne\cyberdyne
0x00003D85,levels\multi\cyberdyne\cyberdyne
0x00003D86,levels\multi\cyberdyne\cyberdyne_design
0x00003D87,levels\multi\cyberdyne\cyberdyne_cyberdyne_cubemaps
0x00003D88,levels\multi\cyberdyne\sky\sky
0x00003D98,objects\levels\multi\cyberdyne\security_camera\security_camera
0x000040A4,levels\multi\cyberdyne\cyberdyne
0x000040AA,levels\multi\deadlock\deadlock
0x000040AB,levels\multi\deadlock\deadlock
0x000040AC,levels\multi\deadlock\deadlock_design
0x000040AD,levels\multi\deadlock\deadlock_deadlock_cubemaps
0x000040AE,levels\multi\deadlock\wind_deadlock
0x000040AF,levels\multi\deadlock\sky\deadlock
0x000040B5,objects\equipment\instantcover_equipment\instantcover_equipment
0x0000425D,objects\vehicles\mauler\anti_infantry\anti_infantry
0x000042D1,objects\vehicles\scorpion\turrets\cannon\cannon
0x000042D2,objects\vehicles\scorpion\turrets\anti_infantry\anti_infantry
0x00004473,levels\multi\deadlock\deadlock
0x00004474,levels\multi\guardian\guardian
0x00004475,levels\multi\guardian\guardian
0x00004476,levels\multi\guardian\guardian_design
0x00004477,levels\multi\guardian\guardian_guardian_cubemaps
0x00004478,levels\multi\guardian\wind_guardian
0x00004479,levels\multi\guardian\sky\sky
0x000046D4,levels\multi\guardian\guardian
0x000046D5,levels\multi\riverworld\riverworld
0x000046D6,levels\multi\riverworld\riverworld
0x000046D7,levels\multi\riverworld\riverworld_design
0x000046D8,levels\multi\riverworld\riverworld_riverworld_cubemaps
0x000046D9,levels\multi\riverworld\wind_riverworld
0x000046DA,levels\multi\riverworld\sky\riverworld
0x00004885,levels\multi\riverworld\riverworld
0x00004887,levels\multi\s3d_avalanche\s3d_avalanche
0x00004888,levels\multi\s3d_avalanche\s3d_avalanche
0x00004889,levels\multi\s3d_avalanche\s3d_avalanche_design
0x0000488A,levels\multi\s3d_avalanche\s3d_avalanche_s3d_avalanche_cubemaps
0x0000488B,levels\multi\s3d_avalanche\wind_avalanche
0x0000488C,levels\multi\s3d_avalanche\sky\sky
0x0000488E,objects\weapons\turret\missile_pod\missile_pod
0x00004C0B,levels\multi\s3d_avalanche\s3d_avalanche
0x00004C0D,levels\multi\s3d_edge\s3d_edge
0x00004C0E,levels\multi\s3d_edge\s3d_edge
0x00004C0F,levels\multi\s3d_edge\s3d_edge_design
0x00004C10,levels\multi\s3d_edge\s3d_edge_s3d_edge_cubemaps
0x00004C11,levels\multi\s3d_edge\sky\sky
0x00004DB2,levels\multi\s3d_edge\s3d_edge
0x00004DB4,levels\multi\s3d_reactor\s3d_reactor
0x00004DB5,levels\multi\s3d_reactor\s3d_reactor
0x00004DB6,levels\multi\s3d_reactor\s3d_reactor_design
0x00004DB7,levels\multi\s3d_reactor\s3d_reactor_s3d_reactor_cubemaps
0x00004DB8,levels\multi\s3d_reactor\wind_reactor
0x00004DB9,levels\multi\s3d_reactor\sky\sky
0x00004DC5,objects\powerups\over_shield\over_shield
0x00004F44,objects\vehicles\pelican\pelican_rocket_pod02\pelican_rocket_pod02
0x00005039,levels\multi\s3d_reactor\s3d_reactor
0x0000503D,levels\multi\s3d_turf\s3d_turf
0x0000503E,levels\multi\s3d_turf\s3d_turf
0x0000503F,levels\multi\s3d_turf\s3d_turf_design
0x00005040,levels\multi\s3d_turf\s3d_turf_s3d_turf_cubemaps
0x00005041,levels\multi\s3d_turf\sky\sky
0x00005048,objects\powerups\smg_ammo\smg_ammo
0x00005049,objects\powerups\pistol_ammo\pistol_ammo
0x0000504A,objects\powerups\battle_rifle_ammo\battle_rifle_ammo
0x00005179,objects\vehicles\warthog\turrets\chaingun\chaingun_snow
0x0000517A,objects\vehicles\warthog\turrets\gauss\gauss_snow
0x0000529A,levels\multi\s3d_turf\s3d_turf
0x0000529E,levels\multi\shrine\shrine
0x0000529F,levels\multi\shrine\shrine
0x000052A0,levels\multi\shrine\shrine_design
0x000052A1,levels\multi\shrine\shrine_shrine_cubemaps
0x000052A2,levels\multi\shrine\sky\sky
0x000052AF,objects\levels\multi\shrine\behemoth\behemoth
0x000052B0,objects\levels\multi\shrine\shrine_defender\shrine_defender
0x000053CB,objects\levels\multi\shrine\behemoth\behemoth_turret
0x00005465,levels\multi\shrine\shrine
0x00005466,levels\multi\zanzibar\zanzibar
0x00005467,levels\multi\zanzibar\zanzibar
0x00005468,levels\multi\zanzibar\zanzibar_design
0x00005469,levels\multi\zanzibar\zanzibar_zanzibar_cubemaps
0x0000546A,levels\multi\zanzibar\wind_zanzibar
0x0000546B,levels\multi\zanzibar\sky\sky
0x000056C5,levels\multi\zanzibar\zanzibar
0x000056D2,levels\ui\mainmenu\mainmenu
0x000056D3,levels\ui\mainmenu\sky\sky
0x000056E3,objects\characters\odst\odst
0x000056E4,objects\characters\marine\marine
0x000056E5,levels\ui\mainmenu\objects\hornet\hornet
0x00005866,levels\ui\mainmenu\mainmenu
