0x00000000,global_tags
0x00000001,sound\levels\mainmenu\pelicans_loop\pelicans_loop
0x00000002,sound\levels\mainmenu\vehicles_loop\vehicles_loop
0x00000003,sound\music\main_menu_new\prologue\prologue
0x00000004,sound\music\main_menu_new\main_menu\main_menu
0x00000005,sound\music\main_menu_new\lobby\lobby
0x00000006,sound\music\postmatch_new\headhunters\postmatch_headhunters
0x00000007,sound\music\postmatch_new\spartan_engage\postmatch_spartan_engage
0x00000008,sound\music\postmatch_new\spartan_hero\postmatch_spartan_hero
0x00000012,rasterizer\rasterizer_cache_file_globals
0x00000013,hf2p\global_textures_list
0x00000014,hf2p\global_files_list
0x00000015,globals\globals
0x000000AA,fx\scenery_fx\havok\havok_collection
0x000000AB,sound\sound_classes
0x000000AC,sound\global_fx
0x000000AD,sound\sound_mix
0x000000AE,sound\combat_dialogue_constants
0x000000AF,sound\default
0x000000B0,sound\ui_sounds
0x000000B1,ai\ai_dialogue_globals
0x000000B2,ai\normal
0x000000B3,ai\bunkering
0x000000B4,ai\assaulting
0x000000B5,globals\ai_globals
0x000000B6,globals\default_unit_camera_track
0x000000B7,sound\weapons\frag_grenade\frag_throw
0x000000B8,objects\weapons\grenade\frag_grenade\frag_grenade
0x000000B9,objects\weapons\grenade\frag_grenade\frag_grenade
0x000000BA,sound\weapons\plasma_grenade\throwgren
0x000000BB,objects\weapons\grenade\plasma_grenade\plasma_grenade
0x000000BC,objects\weapons\grenade\plasma_grenade\plasma_grenade
0x000000BD,sound\weapons\claymore_grenade\claymore_throw
0x000000BE,objects\weapons\grenade\claymore_grenade\claymore_grenade
0x000000BF,objects\weapons\grenade\claymore_grenade\claymore_grenade
0x000000C0,sound\weapons\firebomb\firebomb_throw
0x000000C1,objects\weapons\grenade\firebomb_grenade\firebomb_grenade
0x000000C2,objects\weapons\grenade\firebomb_grenade\projectiles\firebomb_grenade
0x000000C3,ui\hud
0x000000C4,ui\editor
0x000000C5,ui\dialog
0x000000C6,rasterizer\plasma_noise
0x000000C7,ui\main_menu
0x000000C8,ui\multiplayer
0x000000C9,ui\chud\globals
0x000000CA,ui\global_strings\damage_strings
0x000000CB,hf2p\strings\main_strings
0x000000CC,hf2p\strings\settings_strings
0x000000CD,hf2p\strings\lobby_strings
0x000000CE,hf2p\strings\emblem_editor_strings
0x000000CF,hf2p\strings\carousel_strings
0x000000D0,hf2p\strings\consumable_strings
0x000000D1,hf2p\strings\weapon_strings
0x000000D2,hf2p\strings\ingame_strings
0x000000D3,hf2p\strings\armor_strings
0x000000D4,hf2p\strings\message_strings
0x000000D5,hf2p\strings\buy_strings
0x000000D6,hf2p\strings\game_mode_strings
0x000000D7,hf2p\strings\map_strings
0x000000D8,hf2p\strings\loading_strings
0x000000D9,hf2p\strings\tip_strings
0x000000DA,hf2p\strings\level_strings
0x000000DB,hf2p\strings\profile_strings
0x000000DC,hf2p\strings\class_strings
0x000000DD,hf2p\strings\manufacturer_strings
0x000000DE,hf2p\strings\medal_strings
0x000000DF,hf2p\strings\playlist_strings
0x000000E0,hf2p\strings\damage_reporting_type_strings
0x000000E1,hf2p\strings\challenge_strings
0x000000E2,hf2p\strings\career_strings
0x000000E3,hf2p\strings\mod_strings
0x000000E4,hf2p\strings\label_strings
0x000000E5,hf2p\strings\market_strings
0x000000E6,hf2p\strings\emblem_strings
0x000000E7,objects\characters\masterchief\fx\coop_teleport
0x000000E8,sound\weapons\battle_rifle\flashlight
0x000000E9,globals\damage_responses\default
0x000000EA,objects\characters\masterchief\mp_masterchief\fp\fp
0x000000EB,objects\characters\masterchief\mp_masterchief\fp_body\fp_body
0x000000EC,objects\characters\masterchief\mp_masterchief\mp_masterchief
0x000000ED,sound\game_sfx\ui\binoculars\binocs_in_click
0x000000EE,sound\game_sfx\ui\binoculars\binocs_out_click
0x000000EF,objects\characters\elite\mp_elite\mp_elite
0x000000F0,objects\characters\masterchief\mp_masterchief\mp_masterchief_ui
0x000000F1,objects\characters\elite\mp_elite\mp_elite_ui
0x000000F2,objects\characters\masterchief\mp_masterchief\mp_masterchief_manikin
0x000000F3,objects\characters\elite\mp_elite\mp_elite_manikin
0x000000F4,objects\characters\masterchief\mp_masterchief\mp_masterchief_podium
0x000000F5,objects\characters\elite\mp_elite\mp_elite_podium
0x000000F6,objects\characters\mp_spartan_female\mp_spartan_female
0x000000F7,objects\characters\mp_spartan_female\mp_spartan_female_ui
0x000000F8,objects\characters\mp_spartan_female\mp_spartan_female_manikin
0x000000F9,objects\characters\mp_spartan_female\mp_spartan_female_podium
0x000000FA,globals\falling
0x000000FB,globals\collision_damage\landing_soft
0x000000FC,globals\collision_damage\landing_hard
0x000000FD,globals\hs_damage
0x000000FE,globals\distance
0x000000FF,sound\materials\liquid\water_med
0x00000100,sound\materials\liquid\water_large
0x00000101,sound\materials\liquid\vehicle_water_looping\vehicle_water_looping
0x00000102,fx\material_effects\materials\liquid\liquid
0x00000103,fx\water\default_small
0x00000104,fx\water\default_medium
0x00000105,fx\water\default_large
0x00000106,sound\materials\soft\soft_organic_cloth\cloth_hits
0x00000107,sound\materials\soft\soft_organic_cloth\cloth_hits_med
0x00000108,sound\materials\soft\soft_organic_cloth\cloth_looping\cloth_looping
0x00000109,fx\material_effects\materials\soft\soft_organic_cloth
0x0000010A,sound\materials\soft\organic_flesh\melee_impact
0x0000010B,sound\materials\soft\soft_organic_plant\soft_organic_plant_hits_actor
0x0000010C,sound\materials\soft\soft_organic_plant_leafy_dynamic\soft_organic_plant_leafy_dynamic\soft_organic_plant_leafy_dynamic
0x0000010D,sound\materials\soft\soft_organic_plant\soft_organic_plant_hits_actee
0x0000010E,fx\material_effects\materials\soft\soft_organic_plant
0x0000010F,sound\materials\hard\metal_thick\metal_thick_med
0x00000110,sound\materials\soft\terrain_snow\snow_small
0x00000111,sound\materials\soft\terrain_snow\snow_medium
0x00000112,sound\materials\soft\terrain_snow\snow_large
0x00000113,sound\materials\soft\terrain_snow\snow_looping\snow_looping
0x00000114,fx\material_effects\materials\soft\terrain_snow
0x00000115,sound\materials\tough\terrain_dirt\dirt_small
0x00000116,sound\materials\tough\terrain_dirt\dirt_med
0x00000117,sound\materials\tough\terrain_dirt\dirt_large
0x00000118,sound\materials\tough\terrain_dirt\dirt_looping\dirt_looping
0x00000119,fx\material_effects\materials\tough\terrain_dirt
0x0000011A,sound\materials\tough\rubber\rubber_small
0x0000011B,sound\materials\tough\rubber\rubber_med
0x0000011C,sound\materials\tough\plastic_looping\plastic_looping
0x0000011D,fx\material_effects\materials\tough\inorganic_rubber
0x0000011E,sound\materials\havok\tire\tire_hits
0x0000011F,fx\material_effects\materials\tough\inorganic_rubber_hum_tire
0x00000120,fx\material_effects\materials\tough\inorganic_plastic
0x00000121,sound\materials\tough\squish_hits
0x00000122,fx\material_effects\materials\tough\tough_floodflesh
0x00000123,sound\materials\tough\organic_wood\wood_small
0x00000124,sound\materials\tough\organic_wood\wood_med
0x00000125,fx\material_effects\materials\tough\organic_wood
0x00000126,sound\materials\tough\terrain_grass\grass_small
0x00000127,sound\materials\tough\terrain_grass\grass_med
0x00000128,sound\materials\tough\terrain_grass\grass_looping\grass_looping
0x00000129,sound\materials\tough\terrain_mud\mud_small
0x0000012A,sound\materials\tough\terrain_mud\mud_med
0x0000012B,sound\materials\tough\terrain_mud\mud_looping\mud_looping
0x0000012C,sound\materials\tough\terrain_gravel\gravel_small
0x0000012D,sound\materials\tough\terrain_gravel\gravel_med
0x0000012E,sound\materials\tough\terrain_gravel\gravel_looping\gravel_looping
0x0000012F,sound\materials\tough\terrain_sand\sand_small
0x00000130,sound\materials\tough\terrain_sand\sand_med
0x00000131,sound\materials\tough\terrain_sand\sand_looping\sand_looping
0x00000132,sound\materials\hard\terrain_stone\stone_small
0x00000133,sound\materials\hard\terrain_stone\stone_med
0x00000134,sound\materials\hard\metal_solid\metal_solid_large
0x00000135,sound\materials\hard\terrain_stone\stone_looping\stone_looping
0x00000136,fx\material_effects\materials\hard\terrain_stone
0x00000137,sound\materials\hard\metal_thin\metal_thin_small
0x00000138,sound\materials\hard\metal_thin\metal_thin_med_h3
0x00000139,sound\materials\hard\metal_thin\metal_thin_large
0x0000013A,sound\materials\hard\metal_thin\metal_thin_looping\metal_thin_looping
0x0000013B,fx\material_effects\materials\hard\metal_thin
0x0000013C,sound\materials\hard\metal_thin\human_weap_melee
0x0000013D,sound\materials\hard\metal_thick\vehicle_hit_human
0x0000013E,sound\materials\hard\metal_thin\metal_thin_cov_small
0x0000013F,sound\materials\hard\metal_thin\metal_thin_cov_elite_small
0x00000140,sound\materials\hard\metal_thin\metal_thin_cov_elite_small_looping\metal_thin_cov_elite_small_looping
0x00000141,fx\material_effects\materials\hard\metal_thin_cov_elite
0x00000142,sound\materials\hard\metal_thin\cov_weap_melee
0x00000143,sound\materials\hard\metal_thick\metal_thick_small
0x00000144,sound\materials\hard\metal_thick\metal_thick_looping\metal_thick_looping
0x00000145,fx\material_effects\materials\hard\metal_thick
0x00000146,fx\material_effects\materials\hard\hard_metal_thick_hum_scorpion_tread
0x00000147,fx\material_effects\materials\hard\metal_thick_cov
0x00000148,sound\materials\hard\metal_thick\hard_metal_thick_cov_hunter
0x00000149,sound\materials\hard\metal_thick\hit_ghost_small
0x0000014A,sound\materials\hard\metal_thick\hit_ghost
0x0000014B,sound\materials\hard\metal_thick\metal_thick_for_small
0x0000014C,sound\materials\hard\metal_thick\metal_thick_for_small_looping\metal_thick_for_small_looping
0x0000014D,fx\material_effects\materials\hard\metal_thick_for_sentinel
0x0000014E,sound\materials\hard\metal_solid\metal_solid_small_h3_actee
0x0000014F,sound\materials\hard\metal_solid\metal_solid_med_h3_actee
0x00000150,sound\materials\hard\metal_solid\metal_solid_looping\metal_solid_looping
0x00000151,fx\material_effects\materials\hard\metal_solid
0x00000152,sound\materials\hard\terrain_concrete\concrete_small
0x00000153,sound\materials\hard\terrain_concrete\concrete_melee
0x00000154,sound\materials\hard\terrain_concrete\concrete_looping\concrete_looping
0x00000155,fx\material_effects\materials\hard\terrain_concrete
0x00000156,sound\materials\hard\terrain_ice\ice_small
0x00000157,sound\materials\hard\terrain_ice\ice_med
0x00000158,sound\materials\hard\terrain_ice\ice_large
0x00000159,sound\materials\hard\terrain_ice\ice_looping\ice_looping
0x0000015A,globals\glass
0x0000015B,sound\materials\brittle\glass\glass_small
0x0000015C,sound\materials\brittle\glass\glass_med
0x0000015D,sound\materials\brittle\glass\glass_large
0x0000015E,sound\materials\brittle\glass\glass_looping\glass_looping
0x0000015F,fx\material_effects\materials\brittle\glass
0x00000160,sound\materials\energy\energy_small
0x00000161,sound\materials\energy\energy_medium
0x00000162,sound\materials\energy\blue_plasma_looping\blue_plasma_looping
0x00000163,fx\material_effects\materials\energy\energy
0x00000164,sound\materials\hard\metal_thin\metal_thin_hum_grating_small
0x00000165,sound\materials\hard\metal_thin\metal_thin_hum_grating_med
0x00000166,sound\materials\tough\terrain_underbrush\underbrush_med
0x00000167,sound\materials\tough\terrain_underbrush\underbrush_looping\underbrush_looping
0x00000168,sound\materials\tough\organic_wood\wood_looping\wood_looping
0x00000169,sound\materials\tough\terrain_carpet\carpet_hit_med
0x0000016A,globals\glass_thick
0x0000016B,fx\material_effects\materials\tough\inorganic_rubber_hum_tire_mongoose
0x0000016C,sound\materials\hard\metal_solid\metal_solid_small
0x0000016D,sound\materials\hard\metal_solid\metal_solid_med
0x0000016E,sound\materials\hard\metal_thin\metal_thin_fence
0x0000016F,fx\material_effects\materials\hard\hard_metal_thick_cov_chopper_wheel
0x00000170,sound\materials\hard\metal_thin\metal_thin_hum_railing
0x00000171,sound\materials\hard\metal_thick\metal_thick_hum_hollow_tank_med
0x00000172,sound\materials\hard\metal_thick\metal_thick_hum_hollow_tank_large
0x00000173,sound\materials\hard\metal_thick\metal_thick_hum_hollow_med_looping\metal_thick_hum_hollow_med_looping
0x00000174,fx\material_effects\materials\hard\metal_thick_hum_hollow_med
0x00000175,sound\materials\hard\metal_thin\metal_thin_gas_can
0x00000176,fx\material_effects\objects\havok\blitzcan
0x00000177,sound\materials\hard\metal_thin\hum_object_rattly_small
0x00000178,sound\materials\hard\metal_thin\hum_object_rattly_med
0x00000179,sound\materials\hard\metal_thin\metal_thin_rattly_looping\metal_thin_rattly_looping
0x0000017A,fx\material_effects\materials\hard\metal_thin_hum_obj_rattly
0x0000017B,sound\weapons\flag\flag_drop
0x0000017C,sound\weapons\flag\melee_flag
0x0000017D,fx\material_effects\objects\weapons\flag
0x0000017E,fx\material_effects\materials\hard\metal_thick_hum_hollow_huge
0x0000017F,sound\materials\soft\cardboard\cardboard_hits_small_actee
0x00000180,sound\materials\soft\cardboard\cardboard_hits_med_actee
0x00000181,sound\materials\soft\cardboard\cardboard_smooth_looping\cardboard_smooth_looping
0x00000182,fx\material_effects\materials\soft\soft_inorganic_cardboard
0x00000183,sound\materials\havok\hubcap_hit
0x00000184,sound\materials\havok\hubcap_looping\hubcap_looping
0x00000185,fx\material_effects\objects\havok\hubcap
0x00000186,sound\materials\submerged_default_material\submerged_thud_small
0x00000187,sound\materials\submerged_default_material\submerged_thud_large
0x00000188,sound\materials\tough\terrain_floodflesh\floodflesh_hit_small
0x00000189,sound\materials\tough\terrain_floodflesh\floodflesh_hits_med
0x0000018A,sound\materials\tough\terrain_floodflesh\floodflesh_looping\floodflesh_looping
0x0000018B,sound\materials\tough\terrain_floodflesh\floodflesh_hit_small_wet
0x0000018C,sound\materials\tough\terrain_floodflesh\floodflesh_hits_wet_med
0x0000018D,sound\materials\tough\terrain_floodflesh\floodflesh_wet_looping\floodflesh_wet_looping
0x0000018E,sound\materials\tough\terrain_floodflesh\floodflesh_hit_dry_small
0x0000018F,sound\materials\tough\terrain_floodflesh\floodflesh_dry_med
0x00000190,sound\materials\soft\soft_organic_plant_bushy_dynamic\soft_organic_plant_bushy_dyn_hits\plant_bushy_dyn_hit
0x00000191,sound\materials\soft\soft_organic_plant_bushy_dynamic\soft_organic_plant_bushy_dyn_looping\soft_organic_plant_bushy_dyn_looping
0x00000192,sound\materials\soft\soft_organic_plant_bushy_dynamic\soft_organic_plant_bushy_dyn_hits\plant_bushy_dyn_melee
0x00000193,fx\material_effects\materials\soft\soft_organic_plant_bushy_dynamic
0x00000194,sound\materials\soft\soft_organic_plant_leafy_dynamic\soft_organic_plant_leafy_dynamic_hits
0x00000195,fx\material_effects\materials\soft\soft_organic_plant_leafy_dynamic
0x00000196,sound\materials\tough\tough_organic_wood_sapling_dynamic\tough_organic_wood_sapling_dyn_hits
0x00000197,fx\material_effects\materials\tough\tough_organic_wood_sapling_dynamic
0x00000198,sound\materials\tough\tough_organic_wood_tree_dynamic\tough_organic_wood_tree_dynamic_hits
0x00000199,sound\materials\tough\tough_organic_wood_tree_dynamic\organic_wood_tree_dyn_looping\organic_wood_tree_dyn_looping
0x0000019A,fx\material_effects\materials\tough\tough_organic_wood_tree_dynamic
0x0000019B,sound\materials\gear\soccer_ball\soccerball_hits
0x0000019C,sound\materials\gear\soccer_ball\tire_rolling_soccer_ball\tire_rolling_soccer_ball
0x0000019D,fx\material_effects\objects\havok\soccer_ball
0x0000019E,sound\materials\energy\cortana_melee
0x0000019F,multiplayer\multiplayer_globals
0x000001A0,multiplayer\survival_mode_globals
0x000001A1,objects\cinematics\cinematic_anchor\cinematic_anchor
0x000001A2,globals\rasterizer_globals
0x000001A3,globals\default
0x000001A4,globals\podium_globals
0x000001A5,globals\default_wind
0x000001A6,globals\collision_damage\collision
0x000001A7,globals\collision_damage\default
0x000001A8,globals\effect_globals
0x000001A9,globals\game_progression
0x000001AA,globals\global_achievements
0x000001AB,globals\input_globals
0x000005DD,objects\weapons\grenade\firebomb_grenade\projectiles\primary_impact
0x0000060D,ui\ui_shared_globals
0x0000061B,hf2p\texture_render_list
0x0000061F,ui\halox\scoreboard\dead_player_ui
0x00000677,ui\global_strings\global_strings
0x00000678,ui\global_strings\halo_online
0x00000679,ui\default_sounds
0x00000688,sound\game_sfx\multiplayer\player_respawn
0x0000073C,hf2p\ui\lights\armor_01
0x0000073D,hf2p\ui\lights\equipment_01
0x0000073E,hf2p\ui\lights\primary_weapon_01
0x0000073F,hf2p\ui\lights\secondary_weapon_01
0x00000740,hf2p\ui\lights\armor_02
0x00000741,hf2p\ui\lights\equipment_02
0x00000742,hf2p\ui\lights\primary_weapon_02
0x00000743,hf2p\ui\lights\secondary_weapon_02
0x00000744,hf2p\ui\binks\preview_invisibility
0x00000745,hf2p\ui\binks\preview_bubbleshield
0x00000746,hf2p\ui\binks\preview_powerdrain
0x00000747,hf2p\ui\binks\preview_jammer
0x00000748,hf2p\ui\binks\preview_placeholder
0x00000749,hf2p\ui\binks\preview_tripmine
0x0000074A,hf2p\ui\binks\preview_bombrun
0x0000074B,hf2p\ui\binks\preview_vision
0x0000074C,hf2p\ui\binks\preview_regenerator
0x0000074D,hf2p\ui\binks\preview_instantcover
0x0000074E,hf2p\ui\binks\preview_concussive_blast
0x0000074F,hf2p\ui\binks\preview_hologram
0x00000750,hf2p\ui\binks\preview_adrenaline
0x00000751,objects\characters\masterchief\mp_masterchief\mp_masterchief_manikin
0x00000752,objects\characters\elite\mp_elite\mp_elite_manikin
0x00000754,objects\weapons\rifle\assault_rifle\assault_rifle
0x00000755,objects\weapons\rifle\assault_rifle\assault_rifle_v2\assault_rifle_v2
0x00000756,objects\weapons\rifle\assault_rifle\assault_rifle_v3\assault_rifle_v3
0x00000757,objects\weapons\rifle\assault_rifle\assault_rifle_v5\assault_rifle_v5
0x00000758,objects\weapons\rifle\assault_rifle\assault_rifle_v6\assault_rifle_v6
0x00000759,objects\weapons\rifle\battle_rifle\battle_rifle
0x0000075A,objects\weapons\rifle\battle_rifle\battle_rifle_v3\battle_rifle_v3
0x0000075B,objects\weapons\rifle\battle_rifle\battle_rifle_v4\battle_rifle_v4
0x0000075C,objects\weapons\rifle\battle_rifle\battle_rifle_v6\battle_rifle_v6
0x0000075D,objects\weapons\rifle\dmr\dmr
0x0000075E,objects\weapons\rifle\dmr\dmr_v2\dmr_v2
0x0000075F,objects\weapons\rifle\dmr\dmr_v3\dmr_v3
0x00000760,objects\weapons\rifle\dmr\dmr_v4\dmr_v4
0x00000761,objects\weapons\rifle\dmr\dmr_v6\dmr_v6
0x00000762,objects\weapons\rifle\covenant_carbine\covenant_carbine
0x00000763,objects\weapons\rifle\covenant_carbine\covenant_carbine_v6\covenant_carbine_v6
0x00000764,objects\weapons\rifle\smg\smg
0x00000765,objects\weapons\rifle\smg\smg_v1\smg_v1
0x00000766,objects\weapons\rifle\smg\smg_v2\smg_v2
0x00000767,objects\weapons\rifle\smg\smg_v4\smg_v4
0x00000768,objects\weapons\rifle\smg\smg_v6\smg_v6
0x00000769,objects\weapons\rifle\plasma_rifle\plasma_rifle
0x0000076A,objects\weapons\rifle\plasma_rifle\plasma_rifle_v6\plasma_rifle_v6
0x0000076B,objects\weapons\pistol\magnum\magnum
0x0000076C,objects\weapons\pistol\magnum\magnum_v2\magnum_v2
0x0000076D,objects\weapons\pistol\magnum\magnum_v3\magnum_v3
0x0000076E,objects\weapons\pistol\excavator\excavator
0x0000076F,objects\weapons\pistol\excavator\excavator_v3\excavator_v3
0x00000770,objects\weapons\pistol\plasma_pistol\plasma_pistol
0x00000771,objects\weapons\pistol\plasma_pistol\plasma_pistol_v3\plasma_pistol_v3
0x00000772,objects\weapons\grenade\frag_grenade\frag_grenade
0x00000773,objects\weapons\grenade\plasma_grenade\plasma_grenade
0x00000774,objects\weapons\grenade\claymore_grenade\claymore_grenade
0x00000778,sound\game_sfx\armor_sounds\armor_sounds
0x0000077D,objects\equipment\hologram\bipeds\masterchief_hologram
0x00000EAC,objects\characters\masterchief\masterchief_podium
0x00000EAE,objects\characters\elite\mp_elite\mp_elite_podium
0x00000FF4,objects\weapons\pistol\plasma_pistol\plasma_pistol
0x00000FF5,objects\weapons\pistol\needler\needler
0x00000FF6,objects\weapons\support_high\flak_cannon\flak_cannon
0x00000FF8,objects\weapons\turret\plasma_cannon\plasma_cannon
0x00000FFB,objects\weapons\rifle\covenant_carbine\covenant_carbine
0x00000FFC,objects\weapons\support_low\brute_shot\brute_shot
0x00000FFD,objects\weapons\rifle\spike_rifle\spike_rifle
0x00001001,objects\weapons\pistol\excavator\excavator
0x00001006,objects\weapons\rifle\beam_rifle\beam_rifle
0x00001009,objects\weapons\melee\gravity_hammer\gravity_hammer
0x0000100B,objects\weapons\turret\plasma_cannon\plasma_cannon
0x00001013,objects\vehicles\shade\shade
0x00001014,objects\vehicles\ghost\ghost
0x00001015,objects\vehicles\brute_chopper\brute_chopper
0x00001016,objects\vehicles\wraith\wraith
0x00001017,objects\vehicles\banshee\banshee
0x0000101B,objects\weapons\rifle\assault_rifle\assault_rifle
0x0000101C,objects\vehicles\warthog\warthog
0x00001022,objects\weapons\rifle\plasma_rifle\plasma_rifle
0x0000102B,multiplayer\random_player_names
0x0000102C,multiplayer\team_names
0x0000102D,objects\characters\masterchief\mp_masterchief\armor\air_assault
0x0000102E,objects\characters\masterchief\mp_masterchief\armor\nihard
0x0000102F,objects\characters\masterchief\mp_masterchief\armor\gladiator
0x00001030,objects\characters\masterchief\mp_masterchief\armor\mac
0x00001031,objects\characters\masterchief\mp_masterchief\armor\juggernaut
0x00001032,objects\characters\masterchief\mp_masterchief\armor\dutch
0x00001033,objects\characters\masterchief\mp_masterchief\armor\chameleon
0x00001034,objects\characters\masterchief\mp_masterchief\armor\halberd
0x00001035,objects\characters\masterchief\mp_masterchief\armor\cyclops
0x00001036,objects\characters\masterchief\mp_masterchief\armor\scanner
0x00001037,objects\characters\masterchief\mp_masterchief\armor\mercenary
0x00001038,objects\characters\masterchief\mp_masterchief\armor\hoplite
0x00001039,objects\characters\masterchief\mp_masterchief\armor\ballista
0x0000103A,objects\characters\masterchief\mp_masterchief\armor\strider
0x0000103B,objects\characters\masterchief\mp_masterchief\armor\demo
0x0000103C,objects\characters\masterchief\mp_masterchief\armor\orbital
0x0000103D,objects\characters\masterchief\mp_masterchief\armor\spectrum
0x0000103E,objects\characters\masterchief\mp_masterchief\armor\gungnir
0x0000103F,objects\characters\masterchief\mp_masterchief\armor\hammerhead
0x00001040,objects\characters\masterchief\mp_masterchief\armor\omni
0x00001041,objects\characters\masterchief\mp_masterchief\armor\oracle
0x00001042,objects\characters\masterchief\mp_masterchief\armor\silverback
0x00001043,objects\characters\masterchief\mp_masterchief\armor\widow_maker
0x00001044,objects\characters\masterchief\mp_masterchief\fp_armor\orbital
0x00001045,objects\characters\masterchief\mp_masterchief\fp_armor\nihard
0x00001046,objects\characters\masterchief\mp_masterchief\fp_armor\gladiator
0x00001047,objects\characters\masterchief\mp_masterchief\fp_armor\mac
0x00001048,objects\characters\masterchief\mp_masterchief\fp_armor\juggernaut
0x00001049,objects\characters\masterchief\mp_masterchief\fp_armor\dutch
0x0000104A,objects\characters\masterchief\mp_masterchief\fp_armor\chameleon
0x0000104B,objects\characters\masterchief\mp_masterchief\fp_armor\scanner
0x0000104C,objects\characters\masterchief\mp_masterchief\fp_armor\mercenary
0x0000104D,objects\characters\masterchief\mp_masterchief\fp_armor\hoplite
0x0000104E,objects\characters\masterchief\mp_masterchief\fp_armor\ballista
0x0000104F,objects\characters\masterchief\mp_masterchief\fp_armor\strider
0x00001050,objects\characters\masterchief\mp_masterchief\fp_armor\demo
0x00001051,objects\characters\masterchief\mp_masterchief\fp_armor\spectrum
0x00001052,objects\characters\masterchief\mp_masterchief\fp_armor\gungnir
0x00001053,objects\characters\masterchief\mp_masterchief\fp_armor\oracle
0x00001054,objects\characters\masterchief\mp_masterchief\fp_armor\widow_maker
0x00001055,objects\characters\masterchief\mp_masterchief\armor\base
0x00001056,objects\equipment\jammer_equipment\jammer_equipment
0x00001057,objects\equipment\powerdrain_equipment\powerdrain_equipment
0x00001058,objects\equipment\invisibility_equipment\invisibility_equipment
0x00001059,objects\equipment\invisibility_vehicle_equipment\invisibility_vehicle_equipment
0x0000105A,objects\equipment\bubbleshield_equipment\bubbleshield_equipment
0x0000105B,objects\equipment\superflare_equipment\superflare_equipment
0x0000105C,objects\equipment\regenerator_equipment\regenerator_equipment
0x0000105D,objects\equipment\tripmine_equipment\tripmine_equipment
0x0000105E,objects\equipment\autoturret_equipment\autoturret_equipment
0x0000105F,objects\equipment\instantcover_equipment\instantcover_equipment_mp
0x00001060,objects\equipment\forcedreload_equipment\forcedreload_equipment
0x00001061,objects\equipment\concussiveblast_equipment\concussiveblast_equipment
0x00001062,objects\equipment\tankmode_equipment\tankmode_equipment
0x00001063,objects\equipment\magpulse_equipment\magpulse_equipment
0x00001064,objects\equipment\hologram_equipment\hologram_equipment
0x00001065,objects\equipment\reactive_armor_equipment\reactive_armor_equipment
0x00001066,objects\equipment\bombrun_equipment\bombrun_equipment
0x00001067,objects\equipment\armorlock_equipment\armorlock_equipment
0x00001068,objects\equipment\adrenaline_equipment\adrenaline_equipment
0x00001069,objects\equipment\lightningstrike_equipment\lightningstrike_equipment
0x0000106A,objects\equipment\scrambler_equipment\scrambler_equipment
0x0000106B,objects\equipment\weapon_jammer_equipment\weapon_jammer_equipment
0x0000106C,objects\equipment\ammopack_equipment\ammopack_equipment
0x0000106D,objects\equipment\vision_equipment\vision_equipment
0x0000106E,objects\equipment\bubbleshield_equipment\bubbleshield_equipment_tutorial
0x0000106F,objects\equipment\vision_equipment\vision_equipment_tutorial
0x00001070,multiplayer\global_multiplayer_messages
0x00001071,objects\weapons\rifle\battle_rifle\battle_rifle
0x00001072,objects\weapons\rifle\smg\smg
0x00001073,objects\weapons\melee\energy_blade\energy_blade
0x00001074,objects\weapons\pistol\magnum\magnum
0x00001075,objects\weapons\support_high\rocket_launcher\rocket_launcher
0x00001076,objects\weapons\rifle\shotgun\shotgun
0x00001077,objects\weapons\rifle\sniper_rifle\sniper_rifle
0x00001078,objects\weapons\melee\energy_blade\energy_blade_useless
0x00001079,objects\weapons\support_high\spartan_laser\spartan_laser
0x0000107A,objects\weapons\turret\missile_pod\missile_pod
0x0000107B,objects\weapons\rifle\dmr\dmr
0x0000107C,objects\weapons\rifle\assault_rifle\assault_rifle_v2\assault_rifle_v2
0x0000107D,objects\weapons\rifle\assault_rifle\assault_rifle_v3\assault_rifle_v3
0x0000107E,objects\weapons\rifle\assault_rifle\assault_rifle_v5\assault_rifle_v5
0x0000107F,objects\weapons\rifle\assault_rifle\assault_rifle_v6\assault_rifle_v6
0x00001080,objects\weapons\rifle\battle_rifle\battle_rifle_v3\battle_rifle_v3
0x00001081,objects\weapons\rifle\battle_rifle\battle_rifle_v4\battle_rifle_v4
0x00001082,objects\weapons\rifle\battle_rifle\battle_rifle_v6\battle_rifle_v6
0x00001083,objects\weapons\rifle\dmr\dmr_v2\dmr_v2
0x00001084,objects\weapons\rifle\dmr\dmr_v3\dmr_v3
0x00001085,objects\weapons\rifle\dmr\dmr_v4\dmr_v4
0x00001086,objects\weapons\rifle\dmr\dmr_v6\dmr_v6
0x00001087,objects\weapons\rifle\smg\smg_v1\smg_v1
0x00001088,objects\weapons\rifle\smg\smg_v2\smg_v2
0x00001089,objects\weapons\rifle\smg\smg_v4\smg_v4
0x0000108A,objects\weapons\rifle\smg\smg_v6\smg_v6
0x0000108B,objects\weapons\rifle\plasma_rifle\plasma_rifle_v6\plasma_rifle_v6
0x0000108C,objects\weapons\rifle\covenant_carbine\covenant_carbine_v6\covenant_carbine_v6
0x0000108D,objects\weapons\pistol\excavator\excavator_v3\excavator_v3
0x0000108E,objects\weapons\pistol\magnum\magnum_v2\magnum_v2
0x0000108F,objects\weapons\pistol\magnum\magnum_v3\magnum_v3
0x00001090,objects\weapons\pistol\plasma_pistol\plasma_pistol_v3\plasma_pistol_v3
0x00001091,objects\vehicles\mongoose\mongoose
0x00001093,objects\vehicles\hornet\hornet
0x00001094,objects\vehicles\warthog\warthog_snow
0x00001099,multiplayer\game_engine_settings
0x0000109A,objects\characters\monitor\monitor_editor
0x0000109B,objects\ui\editor_gizmo\editor_gizmo
0x0000109C,objects\multi\vip\vip_boundary
0x0000109D,multiplayer\in_game_multiplayer_messages
0x0000109E,objects\weapons\grenade\plasma_grenade\plasma_grenade2
0x0000109F,multiplayer\vehicle_autoflip
0x000010A0,multiplayer\safety_booster
0x000010A1,sound\game_sfx\multiplayer\transport
0x000010A2,sound\game_sfx\ui\death_gurgle
0x000010A3,sound\game_sfx\multiplayer\comm_fail
0x000010A4,sound\game_sfx\multiplayer\comm_loop_mp\comm_loop_mp
0x000010A5,sound\game_sfx\multiplayer\countdown_for_respawn
0x000010A6,sound\game_sfx\multiplayer\teleporter_activate
0x000010A7,sound\game_sfx\ui\flag_fail
0x000010A8,objects\vehicles\warthog\turrets\chaingun\weapon\chaingun_turret
0x000010A9,objects\weapons\turret\machinegun_turret\machinegun_turret
0x000010AA,objects\weapons\turret\machinegun_turret\machinegun_turret_integrated
0x000010AB,objects\weapons\turret\plasma_cannon\plasma_cannon_integrated
0x000010AC,objects\vehicles\warthog\turrets\gauss\weapon\gauss_turret
0x000010AD,objects\levels\multi\shrine\behemoth\weapon\behemoth_chaingun_turret
0x000010AE,objects\equipment\autoturret\autoturret
0x000010AF,objects\vehicles\warthog\warthog_gauss
0x000010B1,objects\weapons\support_high\rocket_launcher\projectiles\rocket
0x000010B2,objects\weapons\turret\missile_pod\projectiles\missile_pod_missile
0x000010B5,objects\weapons\support_low\brute_shot\projectiles\grenade\grenade
0x000010B7,objects\weapons\support_high\flak_cannon\projectiles\flak_bolt\flak_bolt
0x000010B8,objects\equipment\bombrun_equipment\projectiles\bombrun_grenade
0x000010B9,objects\equipment\tripmine\tripmine
0x000010BA,objects\equipment\powerdrain\powerdrain
0x000010BB,objects\equipment\superflare\superflare
0x000010BC,objects\equipment\scrambler\scrambler
0x000010BD,objects\equipment\weapon_jammer\weapon_jammer
0x000010BE,multiplayer\hill\hill
0x000010BF,fx\scenery_fx\explosions\human_explosion_huge\human_explosion_huge
0x000010C0,objects\weapons\multiplayer\assault_bomb\damage_effects\bomb_explosion
0x000010C1,multiplayer\sandbox\cursor_impact
0x000010C2,objects\multi\shaders\koth_shield
0x000010C3,ui\chud\multiplayer_intro\summary_slayer
0x000010C4,ui\chud\multiplayer_intro\summary_oddball
0x000010C5,ui\chud\multiplayer_intro\summary_king
0x000010C6,ui\chud\multiplayer_intro\summary_editor
0x000010C7,ui\chud\multiplayer_intro\summary_vip
0x000010C8,ui\chud\multiplayer_intro\summary_juggernaut
0x000010C9,ui\chud\multiplayer_intro\summary_territories
0x000010CA,ui\chud\multiplayer_intro\summary_infection
0x000014EA,objects\weapons\turret\missile_pod\missile_pod_integrated
0x000014FE,objects\equipment\instantcover_equipment\instantcover_equipment
0x0000160E,objects\powerups\ammo_packs\ammo_large\ammo_large
0x0000160F,objects\powerups\ammo_packs\ammo_small\ammo_small
0x0000199B,objects\powerups\shotgun_ammo\shotgun_ammo
0x00001A2A,objects\powerups\sniper_rifle_ammo\sniper_rifle_ammo
0x00002105,multiplayer\in_game_survival_messages
0x000021FD,levels\ui\mainmenu\mainmenu
0x000021FE,levels\ui\mainmenu\mainmenu
0x000021FF,levels\ui\mainmenu\mainmenu_mainmenu_cubemaps
0x00002200,levels\ui\mainmenu\sky\sky
0x0000220E,objects\characters\odst\odst
0x0000220F,objects\characters\marine\marine
0x00002210,levels\ui\mainmenu\objects\hornet\hornet
0x00002690,levels\ui\mainmenu\mainmenu
0x0000269B,levels\dlc\bunkerworld\bunkerworld
0x0000269C,levels\dlc\bunkerworld\bunkerworld
0x0000269D,levels\dlc\bunkerworld\bunker_design
0x0000269E,levels\dlc\bunkerworld\bunkerworld_bunkerworld_cubemaps
0x0000269F,levels\dlc\bunkerworld\wind_bunkerworld
0x000026A0,levels\dlc\bunkerworld\sky\bunkerworld
0x000026BA,objects\weapons\turret\machinegun_turret\machinegun_turret
0x000026BB,objects\equipment\gravlift_equipment\gravlift_equipment
0x000026BC,objects\multi\powerups\powerup_blue\powerup_blue
0x000026BD,objects\multi\powerups\powerup_red\powerup_red
0x000026BE,objects\multi\powerups\powerup_yellow\powerup_yellow
0x00002F59,levels\dlc\bunkerworld\bunkerworld
0x00002F5B,levels\multi\cyberdyne\cyberdyne
0x00002F5C,levels\multi\cyberdyne\cyberdyne
0x00002F5D,levels\multi\cyberdyne\cyberdyne_design
0x00002F5E,levels\multi\cyberdyne\cyberdyne_cyberdyne_cubemaps
0x00002F5F,levels\multi\cyberdyne\sky\sky
0x00002F6E,objects\levels\multi\cyberdyne\security_camera\security_camera
0x00003293,levels\multi\cyberdyne\cyberdyne
0x00003299,levels\multi\guardian\guardian
0x0000329A,levels\multi\guardian\guardian
0x0000329B,levels\multi\guardian\guardian_design
0x0000329C,levels\multi\guardian\guardian_guardian_cubemaps
0x0000329D,levels\multi\guardian\wind_guardian
0x0000329E,levels\multi\guardian\sky\sky
0x00003538,levels\multi\guardian\guardian
0x00003539,levels\multi\chill\chill
0x0000353A,levels\multi\chill\chill
0x0000353B,levels\multi\chill\chill_design
0x0000353C,levels\multi\chill\chill_chill_cubemaps
0x0000353D,levels\multi\chill\sky\sky
0x000036D1,levels\multi\chill\chill
0x000036D3,levels\multi\s3d_edge\s3d_edge
0x000036D4,levels\multi\s3d_edge\s3d_edge
0x000036D5,levels\multi\s3d_edge\s3d_edge_design
0x000036D6,levels\multi\s3d_edge\s3d_edge_s3d_edge_cubemaps
0x000036D7,levels\multi\s3d_edge\sky\sky
0x000038A6,levels\multi\s3d_edge\s3d_edge
0x000038AB,levels\multi\s3d_turf\s3d_turf
0x000038AC,levels\multi\s3d_turf\s3d_turf
0x000038AD,levels\multi\s3d_turf\s3d_turf_design
0x000038AE,levels\multi\s3d_turf\s3d_turf_s3d_turf_cubemaps
0x000038AF,levels\multi\s3d_turf\sky\sky
0x000038B7,objects\powerups\smg_ammo\smg_ammo
0x000038B8,objects\powerups\pistol_ammo\pistol_ammo
0x000038B9,objects\powerups\battle_rifle_ammo\br_ammo
0x00003C70,levels\multi\s3d_turf\s3d_turf
