<?xml version="1.0" encoding="utf-8"?>
<layouts>
	<!-- snd! (sound)-->
	<layout for="sound" inherits="sound" />

	<!-- ugh! (sound_cache_file_gestalt) -->
	<layout for="sound resource gestalt" inherits="sound resource gestalt" />

	<layout for="sound codec" inherits="sound codec" />

	<layout for="sound playback" inherits="sound playback" />

	<layout for="sound scale" inherits="sound scale" />

	<layout for="sound name" inherits="sound name" />

	<layout for="sound pitch range distance" inherits="sound pitch range distance" />

	<layout for="sound pitch range parameter" inherits="sound pitch range parameter" />

	<layout for="sound pitch range" inherits="sound pitch range" />

	<layout for="sound permutation" inherits="sound permutation" />

	<layout for="sound language permutation" inherits="sound language permutation" />

	<layout for="sound custom playback reach" inherits="sound custom playback reach" />
	<layout for="sound custom playback lowpass effect" inherits="sound custom playback lowpass effect" />
	<layout for="sound custom playback components" inherits="sound custom playback components" />

	<layout for="sound language duration" inherits="sound language duration" />
	<layout for="sound language permutation duration" inherits="sound language permutation duration" />
	<layout for="sound language pitch range" inherits="sound language pitch range" />

	<layout for="sound runtime permutation flag" inherits="sound runtime permutation flag" />

	<layout for="sound chunk" size="0x20">
		<uint32 name="offset" offset="0x0" />
		<uint32 name="encoded size" offset="0x4" />
		<int32 name="cache index" offset="0x8" />
		<int32 name="xma buffer start" offset="0xC" />
		<int32 name="xma buffer end" offset="0x10" />
		<int32 name="unknown1" offset="0x14" />
		<int32 name="unknown2" offset="0x18" />
		<int32 name="fmod bank suffix string id" offset="0x1C" />
	</layout>

	<layout for="sound promotion" inherits="sound promotion" />
	<layout for="sound promotion rule" inherits="sound promotion rule" />
	<layout for="sound promotion runtime timer" inherits="sound promotion runtime timer" />

	<layout for="sound extra info reach" inherits="sound extra info reach" />

	<layout for="sound layer marker" inherits="sound layer marker" />
</layouts>