<?xml version="1.0" encoding="utf-8"?>
<layouts>
	<!-- snd! (sound)-->
	<layout for="sound" inherits="sound" />

	<!-- ugh! (sound_cache_file_gestalt) -->
	<layout for="sound resource gestalt" inherits="sound resource gestalt" />

	<layout for="sound codec" inherits="sound codec" />

	<layout for="sound playback" inherits="sound playback" />

	<layout for="sound scale" inherits="sound scale" />

	<layout for="sound name" inherits="sound name" />

	<layout for="sound pitch range parameter" inherits="sound pitch range parameter" />

	<layout for="sound pitch range" inherits="sound pitch range" />

	<layout for="sound permutation" inherits="sound permutation" />

	<layout for="sound custom playback" inherits="sound custom playback" />
	<layout for="sound custom playback mix" inherits="sound custom playback mix" />
	<layout for="sound custom playback filter" inherits="sound custom playback filter" />
	<layout for="sound custom playback pitch lfo" inherits="sound custom playback pitch lfo" />
	<layout for="sound custom playback filter lfo" inherits="sound custom playback filter lfo" />

	<layout for="sound language duration" inherits="sound language duration" />
	<layout for="sound language permutation duration" inherits="sound language permutation duration" />
	<layout for="sound language pitch range" inherits="sound language pitch range" />

	<layout for="sound runtime permutation flag" inherits="sound runtime permutation flag" />

	<layout for="sound chunk" inherits="sound chunk" />

	<layout for="sound promotion" inherits="sound promotion" />
	<layout for="sound promotion rule" inherits="sound promotion rule" />
	<layout for="sound promotion runtime timer" inherits="sound promotion runtime timer" />

	<layout for="sound extra info" inherits="sound extra info" />
	<layout for="sound encoded permutation section" inherits="sound encoded permutation section" />
	<layout for="sound dialogue info" inherits="sound dialogue info" />
	<layout for="sound extra info unknown1" inherits="sound extra info unknown1" />
	<layout for="sound extra info unknown2" inherits="sound extra info unknown2" />
	<layout for="sound extra info unknown3" inherits="sound extra info unknown3" />
	<layout for="sound extra info unknown4" inherits="sound extra info unknown4" />
</layouts>