﻿<?xml version="1.0" encoding="utf-8"?>
<stringIDs indexBits="16" namespaceBits="8" lengthBits="8">
	<!-- StringIDs are grouped into sets, and this defines the modifiers to add to values in a set to translate them to array indices. The set number is the 2nd byte (bits 16-23) of the stringID value. -->
	<!-- <namespace> attributes available for use:
	id - Defines the ID number of the set.
	min - Defines the index at which the set begins. Values with indices lower than this will be counted as part of the previous set. Defaults to 0.
	startIndex - The index of the set's first string in the global table. In other words, the modifier value to add to indices that fall within the set after subtracting the min value. -->
	<!-- Any namespaces which are not defined here are assumed to be continuations of the previous set. -->
	<namespace id="0x0" min="0x464" startIndex="0x13F3" />
	<namespace id="0x1" startIndex="0x464" />
	<namespace id="0x2" startIndex="0xA28" />
	<namespace id="0x3" startIndex="0xAD2" />
	<namespace id="0x4" startIndex="0xB37" />
	<namespace id="0x5" startIndex="0xC0C" />
	<namespace id="0x6" startIndex="0xC31" />
	<namespace id="0x7" startIndex="0xC36" />
	<namespace id="0x8" startIndex="0x11BE" />
	<namespace id="0x9" startIndex="0x1302" />
	<namespace id="0xA" startIndex="0x1311" />
	<namespace id="0xC" startIndex="0x136D" />
	<namespace id="0xD" startIndex="0x1385" />
	<namespace id="0xE" startIndex="0x1392" />
	<namespace id="0xF" startIndex="0x13B9" />
</stringIDs>