﻿<?xml version="1.0" encoding="utf-8"?>
<symbols>
	<!-- To add a new locale symbol, just add it's hex value, and then it's friendly name -->

	<symbol unicode="0x07" display="var" usesFunction="true" />

	<symbol unicode="0xE009" display="stick_strafe" usesFunction="true" />
	<symbol unicode="0xE00A" display="stick_turn" usesFunction="true" />
	<symbol unicode="0xE100" display="a_button" usesFunction="false" />
	<symbol unicode="0xE101" display="b_button" usesFunction="false" />
	<symbol unicode="0xE102" display="x_button" usesFunction="false" />
	<symbol unicode="0xE103" display="y_button" usesFunction="false" />
	<symbol unicode="0xE104" display="left_bumper" usesFunction="false" />
	<symbol unicode="0xE105" display="right_bumper" usesFunction="false" />
	<symbol unicode="0xE106" display="left_trigger" usesFunction="false" />
	<symbol unicode="0xE107" display="right_trigger" usesFunction="false" />
	<symbol unicode="0xE108" display="dpad_up" usesFunction="false" />
	<symbol unicode="0xE109" display="dpad_down" usesFunction="false" />
	<symbol unicode="0xE10A" display="dpad_left" usesFunction="false" />
	<symbol unicode="0xE10B" display="dpad_right" usesFunction="false" />
	<symbol unicode="0xE10C" display="start_button" usesFunction="false" />
	<symbol unicode="0xE10D" display="back_button" usesFunction="false" />
	<symbol unicode="0xE10E" display="left_thumb" usesFunction="false" />
	<symbol unicode="0xE10F" display="right_thumb" usesFunction="false" />
	<symbol unicode="0xE110" display="left_stick" usesFunction="false" />
	<symbol unicode="0xE111" display="right_stick" usesFunction="false" />
	<symbol unicode="0xE112" display="friends_icon" usesFunction="false" />
	<symbol unicode="0xE113" display="party_icon" usesFunction="false" />
	<symbol unicode="0xE114" display="group_icon" usesFunction="false" />
	<symbol unicode="0xE115" display="controller0" usesFunction="false" />
	<symbol unicode="0xE116" display="controller1" usesFunction="false" />
	<symbol unicode="0xE117" display="controller2" usesFunction="false" />
	<symbol unicode="0xE118" display="controller3" usesFunction="false" />
	<symbol unicode="0xE119" display="voice_state_none" usesFunction="false" />
	<symbol unicode="0xE11A" display="voice_state_quite" usesFunction="false" />
	<symbol unicode="0xE11B" display="voice_state_speaking" usesFunction="false" />
	<symbol unicode="0xE11C" display="voice_state_in_private_chat" usesFunction="false" />
	<symbol unicode="0xE11D" display="voice_state_muted" usesFunction="false" />
	<symbol unicode="0xE11E" display="assault_rifle" usesFunction="false" />
	<symbol unicode="0xE11F" display="ball" usesFunction="false" />
	<symbol unicode="0xE120" display="battle_rifle" usesFunction="false" />
	<symbol unicode="0xE121" display="bomb" usesFunction="false" />
	<symbol unicode="0xE122" display="brute_shot" usesFunction="false" />
	<symbol unicode="0xE123" display="carbine" usesFunction="false" />
	<symbol unicode="0xE124" display="claymore_grenade" usesFunction="false" />
	<symbol unicode="0xE125" display="energy_sword" usesFunction="false" />
	<symbol unicode="0xE126" display="excavator" usesFunction="false" />
	<symbol unicode="0xE127" display="firebomb_grenade" usesFunction="false" />
	<symbol unicode="0xE128" display="flag" usesFunction="false" />
	<symbol unicode="0xE129" display="flamethrower" usesFunction="false" />
	<symbol unicode="0xE12A" display="frag_grenade" usesFunction="false" />
	<symbol unicode="0xE12B" display="fuel_rod_gun" usesFunction="false" />
	<symbol unicode="0xE12C" display="gravity_hammer" usesFunction="false" />
	<symbol unicode="0xE12D" display="guardian_eye_beam" usesFunction="false" />
	<symbol unicode="0xE12E" display="machinegun_turret" usesFunction="false" />
	<symbol unicode="0xE12F" display="magnum" usesFunction="false" />
	<symbol unicode="0xE130" display="missile_launcher" usesFunction="false" />
	<symbol unicode="0xE131" display="needler" usesFunction="false" />
	<symbol unicode="0xE132" display="particle_beam_rifle" usesFunction="false" />
	<symbol unicode="0xE133" display="plasma_grenade" usesFunction="false" />
	<symbol unicode="0xE134" display="plasma_mortar_turret" usesFunction="false" />
	<symbol unicode="0xE135" display="plasma_pistol" usesFunction="false" />
	<symbol unicode="0xE136" display="plasma_rifle" usesFunction="false" />
	<symbol unicode="0xE137" display="plasma_turret" usesFunction="false" />
	<symbol unicode="0xE138" display="pump_laser" usesFunction="false" />
	<symbol unicode="0xE139" display="rocket_launcher" usesFunction="false" />
	<symbol unicode="0xE13A" display="sentinel_beam" usesFunction="false" />
	<symbol unicode="0xE13B" display="shotgun" usesFunction="false" />
	<symbol unicode="0xE13C" display="smg" usesFunction="false" />
	<symbol unicode="0xE13D" display="sniper_rifle" usesFunction="false" />
	<symbol unicode="0xE13E" display="spike_rifle" usesFunction="false" />
	<symbol unicode="0xE13F" display="spread_gun" usesFunction="false" />
	<symbol unicode="0xE140" display="assault_carbine" usesFunction="false" />
	<symbol unicode="0xE141" display="attach_beam" usesFunction="false" />
	<symbol unicode="0xE142" display="beam_rifle" usesFunction="false" />
	<symbol unicode="0xE143" display="burst_gun" usesFunction="false" />
	<symbol unicode="0xE144" display="concussion_rifle" usesFunction="false" />
	<symbol unicode="0xE145" display="dmr" usesFunction="false" />
	<symbol unicode="0xE146" display="fuelrod_gun" usesFunction="false" />
	<symbol unicode="0xE147" display="homing_rifle" usesFunction="false" />
	<symbol unicode="0xE148" display="lmg" usesFunction="false" />
	<symbol unicode="0xE149" display="mortar" usesFunction="false" />
	<symbol unicode="0xE14A" display="pistol" usesFunction="false" />
	<symbol unicode="0xE14B" display="railgun" usesFunction="false" />
	<symbol unicode="0xE14C" display="scaleshot" usesFunction="false" />
	<symbol unicode="0xE14D" display="splaser" usesFunction="false" />
	<symbol unicode="0xE14E" display="stasis_rifle" usesFunction="false" />
	<symbol unicode="0xE14F" display="sticky_detonator" usesFunction="false" />
	<symbol unicode="0xE150" display="needle_grenade" usesFunction="false" />
	<symbol unicode="0xE152" display="placeholder_icon" usesFunction="false" />
	<symbol unicode="0xE153" display="pulse_grenade" usesFunction="false" />
	<symbol unicode="0xE154" display="active_camo" usesFunction="false" />
	<symbol unicode="0xE155" display="hologram" usesFunction="false" />
	<symbol unicode="0xE156" display="jetpack" usesFunction="false" />
	<symbol unicode="0xE157" display="pat" usesFunction="false" />
	<symbol unicode="0xE158" display="reflective_shield" usesFunction="false" />
	<symbol unicode="0xE159" display="thruster" usesFunction="false" />
	<symbol unicode="0xE15A" display="xray" usesFunction="false" />
	<symbol unicode="0xE15B" display="equipment_armor_lock" usesFunction="false" />
	<symbol unicode="0xE15C" display="equipment_cloak" usesFunction="false" />
	<symbol unicode="0xE15D" display="equipment_evade" usesFunction="false" />
	<symbol unicode="0xE15E" display="equipment_hologram" usesFunction="false" />
	<symbol unicode="0xE15F" display="equipment_jet_pack" usesFunction="false" />
	<symbol unicode="0xE160" display="equipment_speed_burst" usesFunction="false" />
	<symbol unicode="0xE161" display="vehicle_banshee" usesFunction="false" />
	<symbol unicode="0xE162" display="vehicle_civilian" usesFunction="false" />
	<symbol unicode="0xE163" display="vehicle_falcon" usesFunction="false" />
	<symbol unicode="0xE164" display="vehicle_falcon_gunner" usesFunction="false" />
	<symbol unicode="0xE165" display="vehicle_ghost" usesFunction="false" />
	<symbol unicode="0xE166" display="vehicle_mongoose" usesFunction="false" />
	<symbol unicode="0xE167" display="vehicle_revenant" usesFunction="false" />
	<symbol unicode="0xE168" display="vehicle_sabre" usesFunction="false" />
	<symbol unicode="0xE169" display="vehicle_scorpion" usesFunction="false" />
	<symbol unicode="0xE16A" display="vehicle_scorpion_gunner" usesFunction="false" />
	<symbol unicode="0xE16B" display="vehicle_warthog" usesFunction="false" />
	<symbol unicode="0xE16C" display="vehicle_warthog_driver" usesFunction="false" />
	<symbol unicode="0xE16D" display="vehicle_warthog_gauss" usesFunction="false" />
	<symbol unicode="0xE16E" display="vehicle_warthog_rocket" usesFunction="false" />
	<symbol unicode="0xE16F" display="vehicle_warthog_turret" usesFunction="false" />
	<symbol unicode="0xE170" display="vehicle_wraith" usesFunction="false" />
	<symbol unicode="0xE171" display="vehicle_wraith_gunner" usesFunction="false" />
	<symbol unicode="0xE172" display="laser_designator" usesFunction="false" />
	<symbol unicode="0xE173" display="shade_turret" usesFunction="false" />
	<symbol unicode="0xE174" display="armor_ability_specialist" usesFunction="false" />
	<symbol unicode="0xE175" display="assassin" usesFunction="false" />
	<symbol unicode="0xE176" display="enhanced_sensors" usesFunction="false" />
	<symbol unicode="0xE177" display="explosives_expert" usesFunction="false" />
	<symbol unicode="0xE178" display="grenadier" usesFunction="false" />
	<symbol unicode="0xE179" display="high_potential" usesFunction="false" />
	<symbol unicode="0xE17A" display="inside_info" usesFunction="false" />
	<symbol unicode="0xE17B" display="marksmen" usesFunction="false" />
	<symbol unicode="0xE17C" display="nemesis" usesFunction="false" />
	<symbol unicode="0xE17D" display="ordinance_priority" usesFunction="false" />
	<symbol unicode="0xE17E" display="quick_reflex" usesFunction="false" />
	<symbol unicode="0xE17F" display="resourceful" usesFunction="false" />
	<symbol unicode="0xE180" display="second_chance" usesFunction="false" />
	<symbol unicode="0xE181" display="shield_specialist" usesFunction="false" />
	<symbol unicode="0xE182" display="situational_report" usesFunction="false" />
	<symbol unicode="0xE183" display="sprinter" usesFunction="false" />
	<symbol unicode="0xE184" display="steady_scope" usesFunction="false" />
	<symbol unicode="0xE185" display="weapons_officer" usesFunction="false" />
	<symbol unicode="0xE186" display="well_equipped" usesFunction="false" />
	<symbol unicode="0xE187" display="wheelman" usesFunction="false" />
	<symbol unicode="0xE188" display="knight_rifle" usesFunction="false" />
	<symbol unicode="0xE189" display="ammo_pack" usesFunction="false" />
	<symbol unicode="0xE18A" display="regen_field" usesFunction="false" />
	<symbol unicode="0xE18B" display="empty" usesFunction="false" />
	<symbol unicode="0xE18C" display="beacon" usesFunction="false" />
	<symbol unicode="0xE18D" display="sr" usesFunction="false" />
	<symbol unicode="0xE18E" display="spartan_points" usesFunction="false" />
	<symbol unicode="0xE18F" display="m90nuke" usesFunction="false" />
	<symbol unicode="0xE190" display="mantis_machinegun" usesFunction="false" />
	<symbol unicode="0xE191" display="mantis_rocketlauncher" usesFunction="false" />
	<symbol unicode="0xE192" display="vehicle_broadsword" usesFunction="false" />
	<symbol unicode="0xE193" display="vehicle_mantis" usesFunction="false" />
	<symbol unicode="0xE194" display="vehicle_warthog_machinegun" usesFunction="false" />
	<symbol unicode="0xE195" display="ord_active_camo" usesFunction="false" />
	<symbol unicode="0xE196" display="ord_active_shield" usesFunction="false" />
	<symbol unicode="0xE197" display="ord_armor_boost" usesFunction="false" />
	<symbol unicode="0xE198" display="ord_assault_rifle" usesFunction="false" />
	<symbol unicode="0xE199" display="ord_battle_rifle" usesFunction="false" />
	<symbol unicode="0xE19A" display="ord_beam_rifle" usesFunction="false" />
	<symbol unicode="0xE19B" display="ord_bolt_pistol" usesFunction="false" />
	<symbol unicode="0xE19C" display="ord_carbine" usesFunction="false" />
	<symbol unicode="0xE19D" display="ord_concussion_rifle" usesFunction="false" />
	<symbol unicode="0xE19E" display="ord_custom_powerup" usesFunction="false" />
	<symbol unicode="0xE19F" display="ord_damage_boost" usesFunction="false" />
	<symbol unicode="0xE1A0" display="ord_dmr" usesFunction="false" />
	<symbol unicode="0xE1A1" display="ord_drop" usesFunction="false" />
	<symbol unicode="0xE1A2" display="ord_energy_sword" usesFunction="false" />
	<symbol unicode="0xE1A3" display="ord_forerunner_rifle" usesFunction="false" />
	<symbol unicode="0xE1A4" display="ord_forerunner_sniper" usesFunction="false" />
	<symbol unicode="0xE1A5" display="ord_forerunner_vision" usesFunction="false" />
	<symbol unicode="0xE1A6" display="ord_fuelrod_launcher" usesFunction="false" />
	<symbol unicode="0xE1A7" display="ord_gravity_hammer" usesFunction="false" />
	<symbol unicode="0xE1A8" display="ord_grenade_frag_2x" usesFunction="false" />
	<symbol unicode="0xE1A9" display="ord_grenade_frag_3x" usesFunction="false" />
	<symbol unicode="0xE1AA" display="ord_grenade_plasma" usesFunction="false" />
	<symbol unicode="0xE1AB" display="ord_grenade_plasma_2x" usesFunction="false" />
	<symbol unicode="0xE1AC" display="ord_grenade_plasma_3x" usesFunction="false" />
	<symbol unicode="0xE1AD" display="ord_grenade_pulse" usesFunction="false" />
	<symbol unicode="0xE1AE" display="ord_grenade_pulse_2x" usesFunction="false" />
	<symbol unicode="0xE1AF" display="ord_grenade_pulse_3x" usesFunction="false" />
	<symbol unicode="0xE1B0" display="ord_hologram" usesFunction="false" />
	<symbol unicode="0xE1B1" display="ord_incineration_cannon" usesFunction="false" />
	<symbol unicode="0xE1B2" display="ord_jetpack" usesFunction="false" />
	<symbol unicode="0xE1B3" display="ord_magnum" usesFunction="false" />
	<symbol unicode="0xE1B4" display="ord_marker" usesFunction="false" />
	<symbol unicode="0xE1B5" display="ord_needler" usesFunction="false" />
	<symbol unicode="0xE1B6" display="ord_pat" usesFunction="false" />
	<symbol unicode="0xE1B7" display="ord_plasma_pistol" usesFunction="false" />
	<symbol unicode="0xE1B8" display="ord_railgun" usesFunction="false" />
	<symbol unicode="0xE1B9" display="ord_regen_field" usesFunction="false" />
	<symbol unicode="0xE1BA" display="ord_rocket_launcher" usesFunction="false" />
	<symbol unicode="0xE1BB" display="ord_saw" usesFunction="false" />
	<symbol unicode="0xE1BC" display="ord_scattershot" usesFunction="false" />
	<symbol unicode="0xE1BD" display="ord_shotgun" usesFunction="false" />
	<symbol unicode="0xE1BE" display="ord_shuffle" usesFunction="false" />
	<symbol unicode="0xE1BF" display="ord_smg" usesFunction="false" />
	<symbol unicode="0xE1C0" display="ord_sniper_rifle" usesFunction="false" />
	<symbol unicode="0xE1C1" display="ord_spartan_laser" usesFunction="false" />
	<symbol unicode="0xE1C2" display="ord_speed_boost" usesFunction="false" />
	<symbol unicode="0xE1C3" display="ord_sticky_launcher" usesFunction="false" />
	<symbol unicode="0xE1C4" display="ord_storm_rifle" usesFunction="false" />
	<symbol unicode="0xE1C5" display="ord_thruster_pack" usesFunction="false" />
	<symbol unicode="0xE1C6" display="rocket_turret" usesFunction="false" />
	<symbol unicode="0xE40B" display="mapname" usesFunction="true" />
	<symbol unicode="0xE40D" display="variant" usesFunction="true" />
	<symbol unicode="0xE40E" display="motion_sensor_enabled" usesFunction="false" />
	<symbol unicode="0xE40F" display="teams_enabled" usesFunction="true" />
	<symbol unicode="0xE410" display="vehicle_set" usesFunction="true" />
	<symbol unicode="0xE411" display="weapon_set" usesFunction="true" />
	<symbol unicode="0xE412" display="player0_profile_name" usesFunction="true" />
	<symbol unicode="0xE413" display="player1_profile_name" usesFunction="true" />
	<symbol unicode="0xE414" display="player2_profile_name" usesFunction="true" />
	<symbol unicode="0xE415" display="player3_profile_name" usesFunction="true" />
	<symbol unicode="0xE416" display="countdown" usesFunction="true" />
	<symbol unicode="0xE417" display="name_of_last_person_to_delay_countdown" usesFunction="true" />
	<symbol unicode="0xE418" display="build_number" usesFunction="true" />
	<symbol unicode="0xE419" display="leader" usesFunction="true" />
	<symbol unicode="0xE41A" display="qprs" usesFunction="true" />
	<symbol unicode="0xE41B" display="qprr" usesFunction="true" />
	<symbol unicode="0xE41C" display="qpimi" usesFunction="true" />
	<symbol unicode="0xE41D" display="qpime" usesFunction="true" />
	<symbol unicode="0xE41E" display="qbwd" usesFunction="true" />
	<symbol unicode="0xE41F" display="qbwu" usesFunction="true" />
	<symbol unicode="0xE420" display="qnat" usesFunction="true" />
	<symbol unicode="0xE424" display="hud_quantity" usesFunction="true" />
	<symbol unicode="0xE425" display="ge_round_time_left" usesFunction="true" />
	<symbol unicode="0xE426" display="target_player_gamertag" usesFunction="false" />
	<symbol unicode="0xE427" display="game_player_count" usesFunction="true" />
	<symbol unicode="0xE428" display="coop_level_name" usesFunction="true" />
	<symbol unicode="0xE429" display="coop_level_description" usesFunction="true" />
	<symbol unicode="0xE42A" display="coop_difficulty" usesFunction="true" />
	<symbol unicode="0xE42B" display="player0_gamertag" usesFunction="true" />
	<symbol unicode="0xE42C" display="player1_gamertag" usesFunction="true" />
	<symbol unicode="0xE42D" display="player2_gamertag" usesFunction="true" />
	<symbol unicode="0xE42E" display="player3_gamertag" usesFunction="true" />
	<symbol unicode="0xE42F" display="hud_scoreboard_player_score" usesFunction="true" />
	<symbol unicode="0xE430" display="hud_scoreboard_other_player_score" usesFunction="true" />
	<symbol unicode="0xE431" display="hud_scoreboard_variant_name" usesFunction="true" />
	<symbol unicode="0xE432" display="hud_scoreboard_time_left" usesFunction="true" />
	<symbol unicode="0xE434" display="qebw" usesFunction="true" />
	<symbol unicode="0xE438" display="hopper_name" usesFunction="true" />
	<symbol unicode="0xE439" display="hopper_description" usesFunction="true" />
	<symbol unicode="0xE43C" display="hour_12" usesFunction="false" />
	<symbol unicode="0xE43D" display="hour_24" usesFunction="false" />
	<symbol unicode="0xE43E" display="minute" usesFunction="false" />
	<symbol unicode="0xE43F" display="day" usesFunction="false" />
	<symbol unicode="0xE440" display="month" usesFunction="false" />
	<symbol unicode="0xE441" display="year" usesFunction="false" />
	<symbol unicode="0xE442" display="button_jump" usesFunction="true" />
	<symbol unicode="0xE443" display="button_sprint" usesFunction="true" />
	<symbol unicode="0xE444" display="button_switch_grenade_prev" usesFunction="true" />
	<symbol unicode="0xE445" display="button_switch_grenade_next" usesFunction="true" />
	<symbol unicode="0xE446" display="button_switch_weapon" usesFunction="true" />
	<symbol unicode="0xE447" display="button_action_reload" usesFunction="true" />
	<symbol unicode="0xE448" display="button_action_generic" usesFunction="true" />
	<symbol unicode="0xE449" display="button_action_weapon_primary" usesFunction="true" />
	<symbol unicode="0xE44A" display="button_melee_attack" usesFunction="true" />
	<symbol unicode="0xE44B" display="button_equipment" usesFunction="true" />
	<symbol unicode="0xE44C" display="button_throw_grenade" usesFunction="true" />
	<symbol unicode="0xE44D" display="button_fire" usesFunction="true" />
	<symbol unicode="0xE44E" display="button_crouch" usesFunction="true" />
	<symbol unicode="0xE44F" display="button_scope_zoom" usesFunction="true" />
	<symbol unicode="0xE450" display="button_dual_fire" usesFunction="true" />
	<symbol unicode="0xE451" display="button_fire_secondary" usesFunction="true" />
	<symbol unicode="0xE452" display="button_fire_tertiary" usesFunction="true" />
	<symbol unicode="0xE453" display="button_vehicle_trick_primary" usesFunction="true" />
	<symbol unicode="0xE454" display="button_vehicle_trick_secondary" usesFunction="true" />
	<symbol unicode="0xE455" display="button_action_weapon_secondary" usesFunction="true" />
	<symbol unicode="0xE456" display="button_radio_message" usesFunction="true" />
	<symbol unicode="0xE457" display="button_start" usesFunction="true" />
	<symbol unicode="0xE458" display="button_back" usesFunction="true" />
	<symbol unicode="0xE459" display="button_lean_left" usesFunction="true" />
	<symbol unicode="0xE45A" display="button_lean_right" usesFunction="true" />
	<symbol unicode="0xE45B" display="button_flashlight" usesFunction="true" />
	<symbol unicode="0xE45C" display="button_accept" usesFunction="true" />
	<symbol unicode="0xE45D" display="button_cancel" usesFunction="true" />
	<symbol unicode="0xE45E" display="button_push_to_talk" usesFunction="true" />
	<symbol unicode="0xE45F" display="button_requisition_menu" usesFunction="true" />
	<symbol unicode="0xE460" display="button_loadout_menu" usesFunction="true" />
	<symbol unicode="0xE461" display="button_respawn" usesFunction="true" />
	<symbol unicode="0xE462" display="stick_move" usesFunction="true" />
	<symbol unicode="0xE463" display="stick_look" usesFunction="true" />
	<symbol unicode="0xE464" display="hud_betraying_player" usesFunction="true" />
	<symbol unicode="0xE465" display="animating_left_thumbstick" usesFunction="true" />
	<symbol unicode="0xE466" display="animating_right_thumbstick" usesFunction="true" />
	<symbol unicode="0xE467" display="matchmaking_countdown" usesFunction="true" />
	<symbol unicode="0xE469" display="map_load_percent" usesFunction="true" />
	<symbol unicode="0xE46A" display="animating_button_action_generic" usesFunction="true" />
	<symbol unicode="0xE46B" display="animating_left_trigger" usesFunction="true" />
	<symbol unicode="0xE46C" display="animating_right_trigger" usesFunction="true" />
	<symbol unicode="0xE46D" display="animating_dpad_left" usesFunction="true" />
	<symbol unicode="0xE46E" display="animating_dpad_right" usesFunction="true" />
	<symbol unicode="0xE46F" display="animating_dpad_up" usesFunction="true" />
	<symbol unicode="0xE470" display="animating_dpad_down" usesFunction="true" />
	<symbol unicode="0xE471" display="animating_start_button" usesFunction="true" />
	<symbol unicode="0xE472" display="animating_back_button" usesFunction="true" />
	<symbol unicode="0xE473" display="animating_a_button" usesFunction="true" />
	<symbol unicode="0xE474" display="animating_b_button" usesFunction="true" />
	<symbol unicode="0xE475" display="animating_x_button" usesFunction="true" />
	<symbol unicode="0xE476" display="animating_y_button" usesFunction="true" />
	<symbol unicode="0xE477" display="animating_left_bumper" usesFunction="true" />
	<symbol unicode="0xE478" display="animating_right_bumper" usesFunction="true" />
</symbols>