﻿<?xml version="1.0" encoding="utf-8"?>
<layouts>
	<layout for="scnr">
		<int32 name="number of script objects" offset="0x204" />
		<uint32 name="script object table address" offset="0x208" />

		<int32 name="script string table size" offset="0x488" />
		<uint32 name="script string table address" offset="0x494" />

		<int32 name="number of scripts" offset="0x49C" />
		<uint32 name="script table address" offset="0x4A0" />

		<int32 name="number of script globals" offset="0x4A8" />
		<uint32 name="script global table address" offset="0x4AC" />

		<int32 name="script syntax table size" offset="0x474" />
		<uint32 name="script syntax table address" offset="0x480" />

		<int32 name="number of scenario bsps" offset="0x5A4" />
		<uint32 name="scenario bsp table address" offset="0x5A8" />
	</layout>

	<layout for="script object element" size="0x24">
		<asciiz name="name" offset="0x0" />
		<int16 name="type" offset="0x20" />
		<int16 name="placement index" offset="0x22" />
	</layout>

	<layout for="script element" size="0x5C">
		<asciiz name="name" offset="0x0" />
		<int16 name="execution type" offset="0x20" />
		<int16 name="return type" offset="0x22" />
		<int32 name="first expression index" offset="0x24" />
	</layout>

	<layout for="script global element" size="0x5C">
		<asciiz name="name" offset="0x0" />
		<int16 name="type" offset="0x20" />
		<uint32 name="expression index" offset="0x28" />
	</layout>

	<layout for="script syntax table header" size="0x38">
		<asciiz name="name" offset="0x0" />
		<int16 name="element count" offset="0x20" />
		<int16 name="entry length" offset="0x22" />
		<uint32 name="data magic" offset="0x28" />
	</layout>

	<layout for="script syntax table element" size="0x14">
		<uint16 name="datum index salt" offset="0x0" />
		<uint16 name="opcode" offset="0x2" />
		<int16 name="value type" offset="0x4" />
		<int16 name="expression type" offset="0x6" />
		<uint32 name="next expression index" offset="0x8" />
		<uint32 name="string table offset" offset="0xC" />
		<uint32 name="value" offset="0x10" />
	</layout>

	<layout for="scenario bsp table element" size="0x20">
		<uint32 name="data offset" offset="0x0" />
		<uint32 name="data size" offset="0x4" />
		<uint32 name="data address" offset="0x8" />
		<uint32 name="sbsp datum" offset="0x1C" />
	</layout>

</layouts>