﻿<?xml version="1.0" encoding="utf-8"?>
<symbols>
	<!-- To add a new locale symbol, just add it's hex value, and then it's friendly name -->

	<symbol code="0x07" display="_variable" />

	<symbol code="0xEE8089" display="_stick_strafe" />
	<symbol code="0xEE808A" display="_stick_turn" />

	<symbol code="0xEE8182" display="_equipment_camo" />
	<symbol code="0xEE8186" display="_equipment_shield" />
	<symbol code="0xEE8189" display="_missile" />

	<symbol code="0xEE81A3" display="_skull_disabled" />
	<symbol code="0xEE81A4" display="_skull_enabled" />
	<symbol code="0xEE81A5" display="_unic_infinity" />
	<symbol code="0xEE81A8" display="_unic_cancel" />

	<symbol code="0xEE8480" display="_a_button" />
	<symbol code="0xEE8481" display="_b_button" />
	<symbol code="0xEE8482" display="_x_button" />
	<symbol code="0xEE8483" display="_y_button" />
	<symbol code="0xEE8484" display="_left_bumper" />
	<symbol code="0xEE8485" display="_right_bumper" />
	<symbol code="0xEE8486" display="_left_trigger" />
	<symbol code="0xEE8487" display="_right_trigger" />
	<symbol code="0xEE8488" display="_dpad_up" />
	<symbol code="0xEE8489" display="_dpad_down" />
	<symbol code="0xEE848A" display="_dpad_left" />
	<symbol code="0xEE848B" display="_dpad_right" />
	<symbol code="0xEE848C" display="_start_button" />
	<symbol code="0xEE848D" display="_back_button" />
	<symbol code="0xEE848E" display="_left_thumb" />
	<symbol code="0xEE848F" display="_right_thumb" />

	<symbol code="0xEE8490" display="_left_stick" />
	<symbol code="0xEE8491" display="_right_stick" />
	<symbol code="0xEE8492" display="_friends_icon" />
	<symbol code="0xEE8493" display="_party_icon" />
	<symbol code="0xEE8494" display="_group_icon" />
	<symbol code="0xEE8495" display="_controller0" />
	<symbol code="0xEE8496" display="_controller1" />
	<symbol code="0xEE8497" display="_controller2" />
	<symbol code="0xEE8498" display="_controller3" />
	<symbol code="0xEE8499" display="_voice_state_none" />
	<symbol code="0xEE849A" display="_voice_state_quite" />
	<symbol code="0xEE849B" display="_voice_state_speaking" />
	<symbol code="0xEE849C" display="_voice_state_in_private_chat" />
	<symbol code="0xEE849D" display="_voice_state_muted" />
	<symbol code="0xEE849E" display="_assault_rifle" />
	<symbol code="0xEE849F" display="_ball" />

	<symbol code="0xEE84A0" display="_battle_rifle" />
	<symbol code="0xEE84A1" display="_bomb" />
	<symbol code="0xEE84A2" display="_brute_shot" />
	<symbol code="0xEE84A3" display="_carbine" />
	<symbol code="0xEE84A4" display="_claymore_grenade" />
	<symbol code="0xEE84A5" display="_energy_sword" />
	<symbol code="0xEE84A6" display="_excavator" />
	<symbol code="0xEE84A7" display="_firebomb_grenade" />
	<symbol code="0xEE84A8" display="_flag" />
	<symbol code="0xEE84A9" display="_flamethrower" />
	<symbol code="0xEE84AA" display="_frag_grenade" />
	<symbol code="0xEE84AB" display="_fuel_rod_gun" />
	<symbol code="0xEE84AC" display="_gravity_hammer" />
	<symbol code="0xEE84AD" display="_guardian_eye_beam" />
	<symbol code="0xEE84AE" display="_machinegun_turret" />
	<symbol code="0xEE84AF" display="_magnum" />

	<symbol code="0xEE84B0" display="_missile_launcher" />
	<symbol code="0xEE84B1" display="_needler" />
	<symbol code="0xEE84B2" display="_particle_beam_rifle" />
	<symbol code="0xEE84B3" display="_plasma_grenade" />
	<symbol code="0xEE84B4" display="_plasma_mortar_turret" />
	<symbol code="0xEE84B5" display="_plasma_pistol" />
	<symbol code="0xEE84B6" display="_plasma_rifle" />
	<symbol code="0xEE84B7" display="_plasma_turret" />
	<symbol code="0xEE84B8" display="_pump_laser" />
	<symbol code="0xEE84B9" display="_rocket_launcher" />
	<symbol code="0xEE84BA" display="_sentinel_beam" />
	<symbol code="0xEE84BB" display="_shotgun" />
	<symbol code="0xEE84BC" display="_smg" />
	<symbol code="0xEE84BD" display="_sniper_rifle" />
	<symbol code="0xEE84BE" display="_spike_rifle" />
	<symbol code="0xEE84BF" display="_spread_gun" />

	<symbol code="0xEE8580" display="_assault_carbine" />
	<symbol code="0xEE8581" display="_attach_beam" />
	<symbol code="0xEE8582" display="_beam_rifle" />
	<symbol code="0xEE8583" display="_burst_gun" />
	<symbol code="0xEE8584" display="_concussion_rifle" />
	<symbol code="0xEE8585" display="_dmr" />
	<symbol code="0xEE8586" display="_fuelrod_gun" />
	<symbol code="0xEE8587" display="_homing_rifle" />
	<symbol code="0xEE8588" display="_lmg" />
	<symbol code="0xEE8589" display="_mortar" />
	<symbol code="0xEE858A" display="_pistol" />
	<symbol code="0xEE858B" display="_railgun" />
	<symbol code="0xEE858C" display="_scaleshot" />
	<symbol code="0xEE858D" display="_splaser" />
	<symbol code="0xEE858E" display="_stasis_rifle" />
	<symbol code="0xEE858F" display="_sticky_detonator" />

	<symbol code="0xEE8590" display="_needle_grenade" />
	<symbol code="0xEE8592" display="_placeholder_icon" />
	<symbol code="0xEE8593" display="_pulse_grenade" />
	<symbol code="0xEE8594" display="_active_camo" />
	<symbol code="0xEE8595" display="_hologram" />
	<symbol code="0xEE8596" display="_jetpack" />
	<symbol code="0xEE8597" display="_pat" />
	<symbol code="0xEE8598" display="_reflective_shield" />
	<symbol code="0xEE8599" display="_thruster" />
	<symbol code="0xEE859A" display="_xray" />
	<symbol code="0xEE859B" display="_equipment_armor_lock" />
	<symbol code="0xEE859C" display="_equipment_cloak" />
	<symbol code="0xEE859D" display="_equipment_evade" />
	<symbol code="0xEE859E" display="_equipment_hologram" />
	<symbol code="0xEE859F" display="_equipment_jet_pack" />

	<symbol code="0xEE85A0" display="_equipment_speed_burst" />
	<symbol code="0xEE85A1" display="_vehicle_banshee" />
	<symbol code="0xEE85A2" display="_vehicle_civilian" />
	<symbol code="0xEE85A3" display="_vehicle_falcon" />
	<symbol code="0xEE85A4" display="_vehicle_falcon_gunner" />
	<symbol code="0xEE85A5" display="_vehicle_ghost" />
	<symbol code="0xEE85A6" display="_vehicle_mongoose" />
	<symbol code="0xEE85A7" display="_vehicle_revenant" />
	<symbol code="0xEE85A8" display="_vehicle_sabre" />
	<symbol code="0xEE85A9" display="_vehicle_scorpion" />
	<symbol code="0xEE85AA" display="_vehicle_scorpion_gunner" />
	<symbol code="0xEE85AB" display="_vehicle_warthog" />
	<symbol code="0xEE85AC" display="_vehicle_warthog_driver" />
	<symbol code="0xEE85AD" display="_vehicle_warthog_gauss" />
	<symbol code="0xEE85AE" display="_vehicle_warthog_rocket" />
	<symbol code="0xEE85AF" display="_vehicle_warthog_turret" />

	<symbol code="0xEE85B0" display="_vehicle_wraith" />
	<symbol code="0xEE85B1" display="_vehicle_wraith_gunner" />
	<symbol code="0xEE85B2" display="_laser_designator" />
	<symbol code="0xEE85B3" display="_shade_turret" />
	<symbol code="0xEE85B4" display="_armor_ability_specialist" />
	<symbol code="0xEE85B5" display="_assassin" />
	<symbol code="0xEE85B6" display="_enhanced_sensors" />
	<symbol code="0xEE85B7" display="_explosives_expert" />
	<symbol code="0xEE85B8" display="_grenadier" />
	<symbol code="0xEE85B9" display="_high_potential" />
	<symbol code="0xEE85BA" display="_inside_info" />
	<symbol code="0xEE85BB" display="_marksmen" />
	<symbol code="0xEE85BC" display="_nemesis" />
	<symbol code="0xEE85BD" display="_ordinance_priority" />
	<symbol code="0xEE85BE" display="_quick_reflex" />
	<symbol code="0xEE85BF" display="_resourceful" />

	<symbol code="0xEE8680" display="_second_chance" />
	<symbol code="0xEE8681" display="_shield_specialist" />
	<symbol code="0xEE8682" display="_situational_report" />
	<symbol code="0xEE8683" display="_sprinter" />
	<symbol code="0xEE8684" display="_steady_scope" />
	<symbol code="0xEE8685" display="_weapons_officer" />
	<symbol code="0xEE8686" display="_well_equipped" />
	<symbol code="0xEE8687" display="_wheelman" />
	<symbol code="0xEE8688" display="_knight_rifle" />
	<symbol code="0xEE8689" display="_ammo_pack" />
	<symbol code="0xEE868A" display="_regen_field" />
	<symbol code="0xEE868B" display="_empty" />
	<symbol code="0xEE868C" display="_beacon" />
	<symbol code="0xEE868D" display="_sr" />
	<symbol code="0xEE868E" display="_spartan_points" />
	<symbol code="0xEE868F" display="_m90nuke" />

	<symbol code="0xEE8690" display="_mantis_machinegun" />
	<symbol code="0xEE8691" display="_mantis_rocketlauncher" />
	<symbol code="0xEE8692" display="_vehicle_broadsword" />
	<symbol code="0xEE8693" display="_vehicle_mantis" />
	<symbol code="0xEE8694" display="_vehicle_warthog_machinegun" />
	<symbol code="0xEE8695" display="_ord_active_camo" />
	<symbol code="0xEE8696" display="_ord_active_shield" />
	<symbol code="0xEE8697" display="_ord_armor_boost" />
	<symbol code="0xEE8698" display="_ord_assault_rifle" />
	<symbol code="0xEE8699" display="_ord_battle_rifle" />
	<symbol code="0xEE869A" display="_ord_beam_rifle" />
	<symbol code="0xEE869B" display="_ord_bolt_pistol" />
	<symbol code="0xEE869C" display="_ord_carbine" />
	<symbol code="0xEE869D" display="_ord_concussion_rifle" />
	<symbol code="0xEE869E" display="_ord_custom_powerup" />
	<symbol code="0xEE869F" display="_ord_damage_boost" />

	<symbol code="0xEE86A0" display="_ord_dmr" />
	<symbol code="0xEE86A1" display="_ord_drop" />
	<symbol code="0xEE86A2" display="_ord_energy_sword" />
	<symbol code="0xEE86A3" display="_ord_forerunner_rifle" />
	<symbol code="0xEE86A4" display="_ord_forerunner_sniper" />
	<symbol code="0xEE86A5" display="_ord_forerunner_vision" />
	<symbol code="0xEE86A6" display="_ord_fuelrod_launcher" />
	<symbol code="0xEE86A7" display="_ord_gravity_hammer" />
	<symbol code="0xEE86A8" display="_ord_grenade_frag_2x" />
	<symbol code="0xEE86A9" display="_ord_grenade_frag_3x" />
	<symbol code="0xEE86AA" display="_ord_grenade_plasma" />
	<symbol code="0xEE86AB" display="_ord_grenade_plasma_2x" />
	<symbol code="0xEE86AC" display="_ord_grenade_plasma_3x" />
	<symbol code="0xEE86AD" display="_ord_grenade_pulse" />
	<symbol code="0xEE86AE" display="_ord_grenade_pulse_2x" />
	<symbol code="0xEE86AF" display="_ord_grenade_pulse_3x" />

	<symbol code="0xEE86B0" display="_ord_hologram" />
	<symbol code="0xEE86B1" display="_ord_incineration_cannon" />
	<symbol code="0xEE86B2" display="_ord_jetpack" />
	<symbol code="0xEE86B3" display="_ord_magnum" />
	<symbol code="0xEE86B4" display="_ord_marker" />
	<symbol code="0xEE86B5" display="_ord_needler" />
	<symbol code="0xEE86B6" display="_ord_pat" />
	<symbol code="0xEE86B7" display="_ord_plasma_pistol" />
	<symbol code="0xEE86B8" display="_ord_railgun" />
	<symbol code="0xEE86B9" display="_ord_regen_field" />
	<symbol code="0xEE86BA" display="_ord_rocket_launcher" />
	<symbol code="0xEE86BB" display="_ord_saw" />
	<symbol code="0xEE86BC" display="_ord_scattershot" />
	<symbol code="0xEE86BD" display="_ord_shotgun" />
	<symbol code="0xEE86BE" display="_ord_shuffle" />
	<symbol code="0xEE86BF" display="_ord_smg" />

	<symbol code="0xEE8780" display="_ord_sniper_rifle" />
	<symbol code="0xEE8781" display="_ord_spartan_laser" />
	<symbol code="0xEE8782" display="_ord_speed_boost" />
	<symbol code="0xEE8783" display="_ord_sticky_launcher" />
	<symbol code="0xEE8784" display="_ord_storm_rifle" />
	<symbol code="0xEE8785" display="_ord_thruster_pack" />
	<symbol code="0xEE8786" display="_rocket_turret" />
	<symbol code="0xEE8787" display="_button_left_thumb_a" />
	<symbol code="0xEE8788" display="_button_left_thumb_b" />
	<symbol code="0xEE8789" display="_button_left_thumb_c" />
	<symbol code="0xEE878A" display="_button_right_thumb_a" />
	<symbol code="0xEE878B" display="_button_right_thumb_b" />
	<symbol code="0xEE878C" display="_button_right_thumb_c" />
	<symbol code="0xEE878D" display="_button_left_trigger_a" />
	<symbol code="0xEE878E" display="_button_left_trigger_b" />
	<symbol code="0xEE878F" display="_button_right_trigger_a" />

	<symbol code="0xEE8790" display="_button_right_trigger_b" />
	<symbol code="0xEE8791" display="_button_dpad_left_a" />
	<symbol code="0xEE8792" display="_button_dpad_left_b" />
	<symbol code="0xEE8793" display="_button_dpad_right_a" />
	<symbol code="0xEE8794" display="_button_dpad_right_b" />
	<symbol code="0xEE8795" display="_button_dpad_up_a" />
	<symbol code="0xEE8796" display="_button_dpad_up_b" />
	<symbol code="0xEE8797" display="_button_dpad_down_a" />
	<symbol code="0xEE8798" display="_button_dpad_down_b" />
	<symbol code="0xEE8799" display="_button_start_a" />
	<symbol code="0xEE879A" display="_button_start_b" />
	<symbol code="0xEE879B" display="_button_back_a" />
	<symbol code="0xEE879C" display="_button_back_b" />
	<symbol code="0xEE879D" display="_button_a_a" />
	<symbol code="0xEE879E" display="_button_a_b" />
	<symbol code="0xEE879F" display="_button_b_a" />

	<symbol code="0xEE87A0" display="_button_b_b" />
	<symbol code="0xEE87A1" display="_button_x_a" />
	<symbol code="0xEE87A2" display="_button_x_b" />
	<symbol code="0xEE87A3" display="_button_y_a" />
	<symbol code="0xEE87A4" display="_button_y_b" />
	<symbol code="0xEE87A5" display="_button_lb_a" />
	<symbol code="0xEE87A6" display="_button_lb_b" />
	<symbol code="0xEE87A7" display="_button_rb_a" />
	<symbol code="0xEE87A8" display="_button_rb_b" />
	<symbol code="0xEE87A9" display="_left_mouse_button" />
	<symbol code="0xEE87AA" display="_middle_mouse_button" />
	<symbol code="0xEE87AB" display="_right_mouse_button" />
	<symbol code="0xEE87AC" display="_keyboard_up_arrow" />
	<symbol code="0xEE87AD" display="_keyboard_down_arrow" />
	<symbol code="0xEE87AE" display="_keyboard_left_arrow" />
	<symbol code="0xEE87AF" display="_keyboard_right_arrow" />
	
	<symbol code="0xEE87B0" display="_keyboard_page_down" />
	<symbol code="0xEE87B1" display="_keyboard_page_up" />
	<symbol code="0xEE87B2" display="_keyboard_escape" />
	<symbol code="0xEE87B3" display="_a_button_fill" />
	<symbol code="0xEE87B4" display="_mouse" />

	<symbol code="0xEE908B" display="_mapname" />
	<symbol code="0xEE908D" display="_variant" />
	<symbol code="0xEE908E" display="_motion_sensor_enabled" />
	<symbol code="0xEE908F" display="_teams_enabled" />

	<symbol code="0xEE9090" display="_vehicle_set" />
	<symbol code="0xEE9091" display="_weapon_set" />
	<symbol code="0xEE9092" display="_player0_profile_name" />
	<symbol code="0xEE9093" display="_player1_profile_name" />
	<symbol code="0xEE9094" display="_player2_profile_name" />
	<symbol code="0xEE9095" display="_player3_profile_name" />
	<symbol code="0xEE9096" display="_countdown" />
	<symbol code="0xEE9097" display="_name_of_last_person_to_delay_countdown" />
	<symbol code="0xEE9098" display="_build_number" />
	<symbol code="0xEE9099" display="_leader" />
	<symbol code="0xEE909A" display="_qprs" />
	<symbol code="0xEE909B" display="_qprr" />
	<symbol code="0xEE909C" display="_qpimi" />
	<symbol code="0xEE909D" display="_qpime" />
	<symbol code="0xEE909E" display="_qbwd" />
	<symbol code="0xEE909F" display="_qbwu" />

	<symbol code="0xEE90A0" display="_qnat" />
	<symbol code="0xEE90A4" display="_hud_quantity" />
	<symbol code="0xEE90A5" display="_ge_round_time_left" />
	<symbol code="0xEE90A6" display="_target_player_gamertag" />
	<symbol code="0xEE90A7" display="_game_player_count" />
	<symbol code="0xEE90A8" display="_coop_level_name" />
	<symbol code="0xEE90A9" display="_coop_level_description" />
	<symbol code="0xEE90AA" display="_coop_difficulty" />
	<symbol code="0xEE90AB" display="_player0_gamertag" />
	<symbol code="0xEE90AC" display="_player1_gamertag" />
	<symbol code="0xEE90AD" display="_player2_gamertag" />
	<symbol code="0xEE90AE" display="_player3_gamertag" />
	<symbol code="0xEE90AF" display="_hud_scoreboard_player_score" />

	<symbol code="0xEE90B0" display="_hud_scoreboard_other_player_score" />
	<symbol code="0xEE90B1" display="_hud_scoreboard_variant_name" />
	<symbol code="0xEE90B2" display="_hud_scoreboard_time_left" />
	<symbol code="0xEE90B4" display="_qebw" />
	<symbol code="0xEE90B8" display="_hopper_name" />
	<symbol code="0xEE90B9" display="_hopper_description" />
	<symbol code="0xEE90BC" display="_hour_12" />
	<symbol code="0xEE90BD" display="_hour_24" />
	<symbol code="0xEE90BE" display="_minute" />
	<symbol code="0xEE90BF" display="_day" />

	<symbol code="0xEE9180" display="_month" />
	<symbol code="0xEE9181" display="_year" />
	<symbol code="0xEE9182" display="_button_jump" />
	<symbol code="0xEE9183" display="_button_sprint" />
	<symbol code="0xEE9184" display="_button_switch_grenade_prev" />
	<symbol code="0xEE9185" display="_button_switch_grenade_next" />
	<symbol code="0xEE9186" display="_button_switch_weapon" />
	<symbol code="0xEE9187" display="_button_action_reload" />
	<symbol code="0xEE9188" display="_button_action_generic" />
	<symbol code="0xEE9189" display="_button_action_weapon_primary" />
	<symbol code="0xEE918A" display="_button_melee_attack" />
	<symbol code="0xEE918B" display="_button_equipment" />
	<symbol code="0xEE918C" display="_button_throw_grenade" />
	<symbol code="0xEE918D" display="_button_fire" />
	<symbol code="0xEE918E" display="_button_crouch" />
	<symbol code="0xEE918F" display="_button_scope_zoom" />

	<symbol code="0xEE9190" display="_button_dual_fire" />
	<symbol code="0xEE9191" display="_button_fire_secondary" />
	<symbol code="0xEE9192" display="_button_fire_tertiary" />
	<symbol code="0xEE9193" display="_button_vehicle_trick_primary" />
	<symbol code="0xEE9194" display="_button_vehicle_trick_secondary" />
	<symbol code="0xEE9195" display="_button_action_weapon_secondary" />
	<symbol code="0xEE9196" display="_button_radio_message" />
	<symbol code="0xEE9197" display="_button_start" />
	<symbol code="0xEE9198" display="_button_back" />
	<symbol code="0xEE9199" display="_button_lean_left" />
	<symbol code="0xEE919A" display="_button_lean_right" />
	<symbol code="0xEE919B" display="_button_flashlight" />
	<symbol code="0xEE919C" display="_button_accept" />
	<symbol code="0xEE919D" display="_button_cancel" />
	<symbol code="0xEE919E" display="_button_push_to_talk" />
	<symbol code="0xEE919F" display="_button_requisition_menu" />

	<symbol code="0xEE91A0" display="_button_loadout_menu" />
	<symbol code="0xEE91A1" display="_button_respawn" />
	<symbol code="0xEE91A2" display="_stick_move" />
	<symbol code="0xEE91A3" display="_stick_look" />
	<symbol code="0xEE91A4" display="_hud_betraying_player" />
	<symbol code="0xEE91A5" display="_animating_left_thumbstick" />
	<symbol code="0xEE91A6" display="_animating_right_thumbstick" />
	<symbol code="0xEE91A7" display="_matchmaking_countdown" />
	<symbol code="0xEE91A9" display="_map_load_percent" />
	<symbol code="0xEE91AA" display="_animating_button_action_generic" />
	<symbol code="0xEE91AB" display="_animating_left_trigger" />
	<symbol code="0xEE91AC" display="_animating_right_trigger" />
	<symbol code="0xEE91AD" display="_animating_dpad_left" />
	<symbol code="0xEE91AE" display="_animating_dpad_right" />
	<symbol code="0xEE91AF" display="_animating_dpad_up" />

	<symbol code="0xEE91B0" display="_animating_dpad_down" />
	<symbol code="0xEE91B1" display="_animating_start_button" />
	<symbol code="0xEE91B2" display="_animating_back_button" />
	<symbol code="0xEE91B3" display="_animating_a_button" />
	<symbol code="0xEE91B4" display="_animating_b_button" />
	<symbol code="0xEE91B5" display="_animating_x_button" />
	<symbol code="0xEE91B6" display="_animating_y_button" />
	<symbol code="0xEE91B7" display="_animating_left_bumper" />
	<symbol code="0xEE91B8" display="_animating_right_bumper" />
	<symbol code="0xEE91B9" display="_button_action_mantis_fire_primary" />
	<symbol code="0xEE91BA" display="_button_action_mantis_fire_secondary" />
	<symbol code="0xEE91BB" display="_button_action_mantis_melee_attack" />
	<symbol code="0xEE91BC" display="_button_action_mantis_crouch" />
	<symbol code="0xEE91BD" display="_button_place_object" />
	<symbol code="0xEE91BE" display="_button_delete_object" />
	<symbol code="0xEE91BF" display="_button_open_object_properties" />
	
	<symbol code="0xEE9280" display="_button_grab_object" />
	<symbol code="0xEE9281" display="_navigate_scroll_vertical" />
	<symbol code="0xEE9282" display="_navigate_previous_page" />
	<symbol code="0xEE9283" display="_navigate_next_page" />
	<symbol code="0xEE9284" display="_button_open_tools" />
	<symbol code="0xEE9285" display="_button_scoreboard" />
	<symbol code="0xEE9286" display="_button_skip_cinematic" />
	<symbol code="0xEE9287" display="_button_toggle_rotation_axes" />
	<symbol code="0xEE9288" display="_button_sticky_trigger" />
	<symbol code="0xEE9289" display="_button_action_special_action" />
	<symbol code="0xEE928A" display="_button_pelican_rise" />
	<symbol code="0xEE928B" display="_button_pelican_descent" />
</symbols>