﻿<?xml version="1.0" encoding="utf-8"?>
<layouts>
	<!-- Map header (minus version info) -->
	<layout for="header" size="0x3390">
		<uint32 name="file size" offset="0x8" />
		<uint32 name="index header address" offset="0x10" />
		<uint32 name="tag buffer offset" offset="0x14" />

		<asciiz name="build string" offset="0x11C" />
		<int16 name="type" offset="0x13C" />

		<int32 name="cache build date high" offset ="0x16C" />
		<int32 name="cache build date low" offset ="0x170" />

		<asciiz name="internal name" offset="0x1B4" />
		<asciiz name="scenario name" offset="0x1D8" />

		<raw name="sha1 hash" offset="0x330" size="0x14" />
		<raw name="rsa2048 hash" offset="0x344" size="0x100" />

		<uint32 name="map id" offset="0x2DFC" />
		<uint32 name="scenario index" offset="0x2E00" />

		<uint32 name="resource gestalt index" offset="0x2E04" />
	</layout>

	<layout for="tags header" inherits="tags header" />

	<!-- Tag table entry -->
	<layout for="tag element header" inherits="tag element header" />

	<layout for="tag block" inherits="tag block" />

	<layout for="tag reference" inherits="tag reference" />

	<layout for="data reference" inherits="data reference" />

	<!-- unic (multilingual_unicode_string_list) -->
	<!-- named different to not get mixed with builds that rely on the globals tag -->
	<layout for="unic table" inherits="unic table" />

	<layout for="unic table string reference" size="0x54" inherits="unic table string reference" />
</layouts>