<?xml version="1.0" encoding="utf-8"?>
<layouts>
	<!-- snd! (sound)-->
	<layout for="sound">
		<int16 name="flags" offset="0x0" />
		<byte name="sound class" offset="0x2" />
		<byte name="pitch range count" offset="0x3" />
		<int16 name="codec index" offset="0x4" />
		<int16 name="first pitch range index" offset="0x6" />
		<int16 name="first language duration pitch range index" offset="0x8" />
		<int16 name="sub priority" offset="0xA" />
		<int16 name="playback index" offset="0xC" />
		<int16 name="scale index" offset="0xE" />
		<byte name="promotion index" offset="0x10" />
		<byte name="custom playback index" offset="0x11" />
		<int16 name="extra info index" offset="0x12" />
		<int32 name="max playtime" offset="0x14" />
		<uint32 name="resource datum index" offset="0x18" />
	</layout>

	<!-- ugh! (sound_cache_file_gestalt) -->
	<layout for="sound resource gestalt">
		<int32 name="number of codecs" offset="0x4" />
		<uint32 name="codec table address" offset="0x8" />
		
		<int32 name="number of playbacks" offset="0x10" />
		<uint32 name="playback table address" offset="0x14" />

		<int32 name="number of scales" offset="0x1C" />
		<uint32 name="scales table address" offset="0x20" />
		
		<int32 name="number of sound names" offset="0x28" />
		<uint32 name="sound name table address" offset="0x2C" />
		
		<int32 name="number of pitch range parameters" offset="0x34" />
		<uint32 name="pitch range parameters table address" offset="0x38" />

		<int32 name="number of pitch ranges" offset="0x40" />
		<uint32 name="pitch range table address" offset="0x44" />

		<int32 name="number of permutations" offset="0x4C" />
		<uint32 name="permutation table address" offset="0x50" />

		<int32 name="number of language permutations" offset="0x58" />
		<uint32 name="language permutation table address" offset="0x5C" />

		<int32 name="number of custom playbacks" offset="0x64" />
		<uint32 name="custom playback table address" offset="0x68" />
		
		<int32 name="number of language durations" offset="0x70" />
		<uint32 name="language duration table address" offset="0x74" />
		
		<int32 name="number of runtime permutation flags" offset="0x7C" />
		<uint32 name="runtime permutation flag table address" offset="0x80" />

		<int32 name="number of chunks" offset="0xA4" />
		<uint32 name="chunk table address" offset="0xA8" />

		<int32 name="number of promotions" offset="0xB0" />
		<uint32 name="promotion table address" offset="0xB4" />
		
		<int32 name="number of extra infos" offset="0xBC" />
		<uint32 name="extra info table address" offset="0xC0" />
	</layout>
	
	<layout for="sound codec" size="0x3">
		<byte name="sample rate" offset="0x0" />
		<byte name="encoding" offset="0x1" />
		<byte name="compression" offset="0x2" />
	</layout>
	
	<layout for="sound playback" size="0x44">
		<int32 name="internal flags" offset="0x0" />
		<float32 name="dont play distance" offset="0x4" />
		<float32 name="attack distance" offset="0x8" />
		<float32 name="minimum distance" offset="0xC" />
		<float32 name="maximum distance" offset="0x10" />
		<float32 name="skip fraction" offset="0x14" />
		<float32 name="max bend per second" offset="0x18" />
		<float32 name="gain base" offset="0x1C" />
		<float32 name="gain variance" offset="0x20" />
		<int16 name="random pitch bounds min" offset="0x24" />
		<int16 name="random pitch bounds max" offset="0x26" />
		<float32 name="inner cone angle" offset="0x28" />
		<float32 name="outer cone angle" offset="0x2C" />
		<float32 name="outer cone gain" offset="0x30" />
		<int32 name="flags" offset="0x34" />
		<float32 name="azimuth" offset="0x38" />
		<float32 name="position gain" offset="0x3C" />
		<float32 name="first person gain" offset="0x40" />
	</layout>
	
	<layout for="sound scale" size="0x14">
		<float32 name="gain min" offset="0x0" />
		<float32 name="gain max" offset="0x4" />
		<int16 name="pitch min" offset="0x8" />
		<int16 name="pitch max" offset="0xA" />
		<float32 name="skip fraction min" offset="0xC" />
		<float32 name="skip fraction max" offset="0x10" />
	</layout>
	
	<layout for="sound name" size="0x4">
		<int32 name="name string id" offset="0x0" />
	</layout>
	
	<layout for="sound pitch range parameter" size="0xE">
		<int16 name="natural pitch" offset="0x0" />
		<int16 name="bend min" offset="0x2" />
		<int16 name="bend max" offset="0x4" />
		<int16 name="max gain pitch min" offset="0x6" />
		<int16 name="max gain pitch max" offset="0x8" />
		<int16 name="playback pitch min" offset="0xA" />
		<int16 name="playback pitch max" offset="0xC" />
	</layout>
	
	<layout for="sound pitch range" size="0xC">
		<int16 name="name index" offset="0x0" />
		<int16 name="parameter index" offset="0x2" />
		<uint16 name="encoded permutation data" offset="0x4" />
		<int16 name="encoded runtime permutation flag index" offset="0x6" />
		<uint32 name="encoded permutation count and index" offset="0x8" />
	</layout>
	
	<layout for="sound permutation" size="0x14">
		<int16 name="name index" offset="0x0" />
		<int16 name="encoded skip fraction" offset="0x2" />
		<uint32 name="sample size" offset="0x4" />
		<int32 name="first permutation chunk index" offset="0x8" />
		<int16 name="permutation chunk count" offset="0xC" />
		<byte name="encoded gain" offset="0xE" />
		<byte name="encoded info index" offset="0xF" />
		<uint32 name="fsb info" offset="0x10" />
	</layout>

	<layout for="sound language permutation" size="0x94">
		<int32 name="parent permutation index" offset="0x0" />

		<array name="languages" offset="0x4" count="12" entrySize="0xC">
			<int32 name="sample size" offset="0x0" />
			<int32 name="first chunk" offset="0x4" />
			<int32 name="chunk count" offset="0x8" />
		</array>
	</layout>

	<layout for="sound custom playback" size="0x48">
		<int32 name="number of mixes" offset="0x0" />
		<uint32 name="mix table address" offset="0x4" />

		<int32 name="flags" offset="0xC" />
		<int32 name="unknown1" offset="0x10" />
		<int32 name="unknown2" offset="0x14" />

		<int32 name="number of filters" offset="0x18" />
		<uint32 name="filter table address" offset="0x1C" />

		<int32 name="number of pitch lfos" offset="0x24" />
		<uint32 name="pitch lfo table address" offset="0x28" />

		<int32 name="number of filter lfos" offset="0x30" />
		<uint32 name="filter lfo table address" offset="0x34" />

		<int32 name="unknown3" offset="0x3C" />
		<int32 name="unknown4" offset="0x40" />
		<int32 name="unknown5" offset="0x44" />
	</layout>
	<layout for="sound custom playback mix" size="0x8">
		<int32 name="mixbin" offset="0x0" />
		<float32 name="gain" offset="0x4" />
	</layout>
	<layout for="sound custom playback filter" size="0x48">
		<int32 name="type" offset="0x0" />
		<int32 name="width" offset="0x4" />
		<float32 name="left freq scale min" offset="0x8" />
		<float32 name="left freq scale max" offset="0xC" />
		<float32 name="left freq random base" offset="0x10" />
		<float32 name="left freq random variance" offset="0x14" />
		<float32 name="left gain scale min" offset="0x18" />
		<float32 name="left gain scale max" offset="0x1C" />
		<float32 name="left gain random base" offset="0x20" />
		<float32 name="left gain random variance" offset="0x24" />
		<float32 name="right freq scale min" offset="0x28" />
		<float32 name="right freq scale max" offset="0x2C" />
		<float32 name="right freq random base" offset="0x30" />
		<float32 name="right freq random variance" offset="0x34" />
		<float32 name="right gain scale min" offset="0x38" />
		<float32 name="right gain scale max" offset="0x3C" />
		<float32 name="right gain random base" offset="0x40" />
		<float32 name="right gain random variance" offset="0x44" />
	</layout>
	<layout for="sound custom playback pitch lfo" size="0x30">
		<float32 name="delay scale min" offset="0x0" />
		<float32 name="delay scale max" offset="0x4" />
		<float32 name="delay random base" offset="0x8" />
		<float32 name="delay random variance" offset="0xC" />
		<float32 name="freq scale min" offset="0x10" />
		<float32 name="freq scale max" offset="0x14" />
		<float32 name="freq random base" offset="0x18" />
		<float32 name="freq random variance" offset="0x1C" />
		<float32 name="pitch mod scale min" offset="0x20" />
		<float32 name="pitch mod scale max" offset="0x24" />
		<float32 name="pitch mod random base" offset="0x28" />
		<float32 name="pitch mod random variance" offset="0x2C" />
	</layout>
	<layout for="sound custom playback filter lfo" size="0x40">
		<float32 name="delay scale min" offset="0x0" />
		<float32 name="delay scale max" offset="0x4" />
		<float32 name="delay random base" offset="0x8" />
		<float32 name="delay random variance" offset="0xC" />
		<float32 name="freq scale min" offset="0x10" />
		<float32 name="freq scale max" offset="0x14" />
		<float32 name="freq random base" offset="0x18" />
		<float32 name="freq random variance" offset="0x1C" />
		<float32 name="cutoff mod scale min" offset="0x20" />
		<float32 name="cutoff mod scale max" offset="0x24" />
		<float32 name="cutoff mod random base" offset="0x28" />
		<float32 name="cutoff mod random variance" offset="0x2C" />
		<float32 name="gain mod scale min" offset="0x30" />
		<float32 name="gain mod scale max" offset="0x34" />
		<float32 name="gain mod random base" offset="0x38" />
		<float32 name="gain mod random variance" offset="0x3C" />
	</layout>
	
	<layout for="sound language duration" size="0x1C">
		<int32 name="language index" offset="0x0" />

		<int32 name="number of permutation durations" offset="0x4" />
		<uint32 name="permutation duration table address" offset="0x8" />

		<int32 name="number of pitch ranges" offset="0x10" />
		<uint32 name="pitch range table address" offset="0x14" />
	</layout>
	<layout for="sound language permutation duration" size="0x2">
		<int16 name="duration" offset="0x0" />
	</layout>
	<layout for="sound language pitch range" size="0x4">
		<int16 name="first permutation duration index" offset="0x0" />
		<int16 name="permutation count" offset="0x2" />
	</layout>
	
	<layout for="sound runtime permutation flag" size="0x1">
		<byte name="flags" offset="0x0" />
	</layout>

	<layout for="sound chunk" size="0x1C">
		<uint32 name="offset" offset="0x0" />
		<uint32 name="encoded size" offset="0x4" />
		<int32 name="cache index" offset="0x8" />
		<int32 name="xma buffer start" offset="0xC" />
		<int32 name="xma buffer end" offset="0x10" />
		<int32 name="unknown1" offset="0x14" />
		<int32 name="unknown2" offset="0x18" />
	</layout>

	<layout for="sound promotion" size="0x24">
		<int32 name="number of rules" offset="0x0" />
		<uint32 name="rule table address" offset="0x4" />

		<int32 name="number of runtime timers" offset="0xC" />
		<uint32 name="runtime timer table address" offset="0x10" />

		<int32 name="active index" offset="0x18" />
		<int32 name="last promotion time" offset="0x1C" />
		<int32 name="suppression timeout" offset="0x20" />
	</layout>
	<layout for="sound promotion rule" size="0x10">
		<int16 name="pitch range index" offset="0x0" />
		<int32 name="maximum playing count" offset="0x2" />
		<float32 name="suppression time" offset="0x4" />
		<int32 name="rollover time" offset="0x8" />
		<int32 name="impulse time" offset="0xC" />
	</layout>
	<layout for="sound promotion runtime timer" size="0x4">
		<int32 name="storage" offset="0x0" />
	</layout>
	
	<layout for="sound extra info" size="0xC">
		<int32 name="number of encoded permutation sections" offset="0x0" />
		<uint32 name="encoded permutation section table address" offset="0x4" />
	</layout>
	<layout for="sound encoded permutation section" size="0x2C">
		<int32 name="encoded data size" offset="0x0" />
		<uint32 name="encoded data pointer" offset="0xC" />
		
		<int32 name="number of dialogue infos" offset="0x14" />
		<uint32 name="dialogue infos table address" offset="0x18" />
		
		<int32 name="number of unknown1s" offset="0x20" />
		<uint32 name="unknown1 table address" offset="0x24" />
	</layout>
	<layout for="sound dialogue info" size="0x10">
		<int32 name="mouth data offset" offset="0x0" />
		<int32 name="mouth data length" offset="0x4" />
		<int32 name="lipsync data offset" offset="0x8" />
		<int32 name="lipsync data length" offset="0xC" />
	</layout>
	<layout for="sound extra info unknown1" size="0x3C">
		<int32 name="unknown1" offset="0x0" />
		<int32 name="unknown2" offset="0x4" />
		<int32 name="unknown3" offset="0x8" />
		<int32 name="unknown4" offset="0xC" />
		<int32 name="unknown5" offset="0x10" />
		<int32 name="unknown6" offset="0x14" />
		<int32 name="unknown7" offset="0x18" />
		<int32 name="unknown8" offset="0x1C" />
		<int32 name="unknown9" offset="0x20" />
		<int32 name="unknown10" offset="0x24" />
		<int32 name="unknown11" offset="0x28" />
		<int32 name="unknown12" offset="0x2C" />
		<int32 name="number of unknown2s" offset="0x30" />
		<uint32 name="unknown2 table address" offset="0x34" />
	</layout>
	<layout for="sound extra info unknown2" size="0x28">
		<float32 name="unknown1" offset="0x0" />
		<float32 name="unknown2" offset="0x4" />
		<float32 name="unknown3" offset="0x8" />
		<float32 name="unknown4" offset="0xC" />
		
		<int32 name="number of unknown3s" offset="0x10" />
		<uint32 name="unknown3 table address" offset="0x14" />

		<int32 name="number of unknown4s" offset="0x1C" />
		<uint32 name="unknown4 table address" offset="0x20" />
	</layout>
	<layout for="sound extra info unknown3" size="0x10">
		<int32 name="unknown1" offset="0x0" />
		<int32 name="unknown2" offset="0x4" />
		<int32 name="unknown3" offset="0x8" />
		<int32 name="unknown4" offset="0xC" />
	</layout>
	<layout for="sound extra info unknown4" size="0x8">
		<int32 name="unknown1" offset="0x0" />
		<int32 name="unknown2" offset="0x4" />
	</layout>
</layouts>