﻿<?xml version="1.0" encoding="utf-8"?>
<symbols>
	<!-- To add a new locale symbol, just add it's hex value, and then it's friendly name -->

	<symbol unicode="0xE100" display="a_button" usesFunction="false" />
	<symbol unicode="0xE101" display="b_button" usesFunction="false" />
	<symbol unicode="0xE102" display="x_button" usesFunction="false" />
	<symbol unicode="0xE103" display="y_button" usesFunction="false" />
	<symbol unicode="0xE104" display="left_bumper" usesFunction="false" />
	<symbol unicode="0xE105" display="right_bumper" usesFunction="false" />
	<symbol unicode="0xE106" display="left_trigger" usesFunction="false" />
	<symbol unicode="0xE107" display="right_trigger" usesFunction="false" />
	<symbol unicode="0xE108" display="dpad_up" usesFunction="false" />
	<symbol unicode="0xE109" display="dpad_down" usesFunction="false" />
	<symbol unicode="0xE10A" display="dpad_left" usesFunction="false" />
	<symbol unicode="0xE10B" display="dpad_right" usesFunction="false" />
	<symbol unicode="0xE10C" display="start_button" usesFunction="false" />
	<symbol unicode="0xE10D" display="back_button" usesFunction="false" />
	<symbol unicode="0xE10E" display="left_thumb" usesFunction="false" />
	<symbol unicode="0xE10F" display="right_thumb" usesFunction="false" />
	<symbol unicode="0xE110" display="left_stick" usesFunction="false" />
	<symbol unicode="0xE111" display="right_stick" usesFunction="false" />
	<symbol unicode="0xE112" display="assault_rifle" usesFunction="false" />
	<symbol unicode="0xE113" display="ball" usesFunction="false" />
	<symbol unicode="0xE114" display="battle_rifle" usesFunction="false" />
	<symbol unicode="0xE115" display="bomb" usesFunction="false" />
	<symbol unicode="0xE116" display="brute_shot" usesFunction="false" />
	<symbol unicode="0xE117" display="carbine" usesFunction="false" />
	<symbol unicode="0xE118" display="claymore_grenade" usesFunction="false" />
	<symbol unicode="0xE119" display="energy_sword" usesFunction="false" />
	<symbol unicode="0xE11A" display="excavator" usesFunction="false" />
	<symbol unicode="0xE11B" display="firebomb_grenade" usesFunction="false" />
	<symbol unicode="0xE11C" display="flag" usesFunction="false" />
	<symbol unicode="0xE11D" display="flamethrower" usesFunction="false" />
	<symbol unicode="0xE11E" display="frag_grenade" usesFunction="false" />
	<symbol unicode="0xE11F" display="fuel_rod_gun" usesFunction="false" />
	<symbol unicode="0xE120" display="gravity_hammer" usesFunction="false" />
	<symbol unicode="0xE121" display="guardian_eye_beam" usesFunction="false" />
	<symbol unicode="0xE122" display="machinegun_turret" usesFunction="false" />
	<symbol unicode="0xE123" display="magnum" usesFunction="false" />
	<symbol unicode="0xE124" display="missile_launcher" usesFunction="false" />
	<symbol unicode="0xE125" display="needler" usesFunction="false" />
	<symbol unicode="0xE126" display="particle_beam_rifle" usesFunction="false" />
	<symbol unicode="0xE127" display="plasma_grenade" usesFunction="false" />
	<symbol unicode="0xE128" display="plasma_mortar_turret" usesFunction="false" />
	<symbol unicode="0xE129" display="plasma_pistol" usesFunction="false" />
	<symbol unicode="0xE12A" display="plasma_rifle" usesFunction="false" />
	<symbol unicode="0xE12B" display="plasma_turret" usesFunction="false" />
	<symbol unicode="0xE12C" display="pump_laser" usesFunction="false" />
	<symbol unicode="0xE12D" display="rocket_launcher" usesFunction="false" />
	<symbol unicode="0xE12E" display="sentinel_beam" usesFunction="false" />
	<symbol unicode="0xE12F" display="shotgun" usesFunction="false" />
	<symbol unicode="0xE130" display="smg" usesFunction="false" />
	<symbol unicode="0xE131" display="sniper_rifle" usesFunction="false" />
	<symbol unicode="0xE132" display="spike_rifle" usesFunction="false" />
	<symbol unicode="0xE40B" display="mapname" usesFunction="true" />
	<symbol unicode="0xE40D" display="variant" usesFunction="true" />
	<symbol unicode="0xE40E" display="motion_sensor_enabled" usesFunction="true" />
	<symbol unicode="0xE40F" display="teams_enabled" usesFunction="true" />
	<symbol unicode="0xE410" display="vehicle_set" usesFunction="true" />
	<symbol unicode="0xE411" display="weapon_set" usesFunction="true" />
	<symbol unicode="0xE412" display="player0_profile_name" usesFunction="true" />
	<symbol unicode="0xE413" display="player1_profile_name" usesFunction="true" />
	<symbol unicode="0xE414" display="player2_profile_name" usesFunction="true" />
	<symbol unicode="0xE415" display="player3_profile_name" usesFunction="true" />
	<symbol unicode="0xE416" display="countdown" usesFunction="true" />
	<symbol unicode="0xE417" display="name_of_last_person_to_delay_countdown" usesFunction="true" />
	<symbol unicode="0xE418" display="build_number" usesFunction="true" />
	<symbol unicode="0xE419" display="leader" usesFunction="true" />
	<symbol unicode="0xE41A" display="qprs" usesFunction="true" />
	<symbol unicode="0xE41B" display="qprr" usesFunction="true" />
	<symbol unicode="0xE41C" display="qpimi" usesFunction="true" />
	<symbol unicode="0xE41D" display="qpime" usesFunction="true" />
	<symbol unicode="0xE41E" display="qbwd" usesFunction="true" />
	<symbol unicode="0xE41F" display="qbwu" usesFunction="true" />
	<symbol unicode="0xE420" display="qmaxm" usesFunction="true" />
	<symbol unicode="0xE421" display="qnat" usesFunction="true" />
	<symbol unicode="0xE425" display="hud_quantity" usesFunction="true" />
	<symbol unicode="0xE426" display="ge_round_time_left" usesFunction="true" />
	<symbol unicode="0xE427" display="target_player_gamertag" usesFunction="false" />
	<symbol unicode="0xE428" display="game_player_count" usesFunction="true" />
	<symbol unicode="0xE429" display="coop_level_name" usesFunction="true" />
	<symbol unicode="0xE42A" display="coop_level_description" usesFunction="true" />
	<symbol unicode="0xE42B" display="coop_difficulty" usesFunction="true" />
	<symbol unicode="0xE42C" display="player0_gamertag" usesFunction="true" />
	<symbol unicode="0xE42D" display="player1_gamertag" usesFunction="true" />
	<symbol unicode="0xE42E" display="player2_gamertag" usesFunction="true" />
	<symbol unicode="0xE42F" display="player3_gamertag" usesFunction="true" />
	<symbol unicode="0xE430" display="hud_scoreboard_player_score" usesFunction="true" />
	<symbol unicode="0xE431" display="hud_scoreboard_other_player_score" usesFunction="true" />
	<symbol unicode="0xE432" display="hud_scoreboard_variant_name" usesFunction="true" />
	<symbol unicode="0xE433" display="hud_scoreboard_time_left" usesFunction="true" />
	<symbol unicode="0xE435" display="qebw" usesFunction="true" />
	<symbol unicode="0xE439" display="hopper_name" usesFunction="true" />
	<symbol unicode="0xE43A" display="hopper_description" usesFunction="true" />
	<symbol unicode="0xE43D" display="hour_12" usesFunction="false" />
	<symbol unicode="0xE43E" display="hour_24" usesFunction="false" />
	<symbol unicode="0xE43F" display="minute" usesFunction="false" />
	<symbol unicode="0xE440" display="day" usesFunction="false" />
	<symbol unicode="0xE441" display="month" usesFunction="false" />
	<symbol unicode="0xE442" display="year" usesFunction="false" />
	<symbol unicode="0xE443" display="button_jump" usesFunction="true" />
	<symbol unicode="0xE444" display="button_switch_grenade" usesFunction="true" />
	<symbol unicode="0xE445" display="button_action_reload" usesFunction="true" />
	<symbol unicode="0xE446" display="button_switch_weapon" usesFunction="true" />
	<symbol unicode="0xE447" display="button_melee_attack" usesFunction="true" />
	<symbol unicode="0xE448" display="button_flashlight" usesFunction="true" />
	<symbol unicode="0xE449" display="button_throw_grenade" usesFunction="true" />
	<symbol unicode="0xE44A" display="button_fire" usesFunction="true" />
	<symbol unicode="0xE44B" display="button_start" usesFunction="true" />
	<symbol unicode="0xE44C" display="button_back" usesFunction="true" />
	<symbol unicode="0xE44D" display="button_crouch" usesFunction="true" />
	<symbol unicode="0xE44E" display="button_scope_zoom" usesFunction="true" />
	<symbol unicode="0xE44F" display="button_lean_left" usesFunction="true" />
	<symbol unicode="0xE450" display="button_lean_right" usesFunction="true" />
	<symbol unicode="0xE451" display="button_accept" usesFunction="true" />
	<symbol unicode="0xE452" display="button_cancel" usesFunction="true" />
	<symbol unicode="0xE453" display="stick_move" usesFunction="true" />
	<symbol unicode="0xE454" display="stick_look" usesFunction="true" />
	<symbol unicode="0xE455" display="hud_betraying_player" usesFunction="true" />
	<symbol unicode="0xE456" display="animating_left_thumbstick" usesFunction="true" />
	<symbol unicode="0xE457" display="animating_right_thumbstick" usesFunction="true" />
	<symbol unicode="0xE458" display="matchmaking_countdown" usesFunction="true" />
	<symbol unicode="0xE45A" display="map_load_percent" usesFunction="true" />
	<symbol unicode="0xE45B" display="button_dual_fire" usesFunction="true" />
	<symbol unicode="0xE45C" display="button_action_generic" usesFunction="true" />
	<symbol unicode="0xE45D" display="button_action_weapon_primary" usesFunction="true" />
	<symbol unicode="0xE45E" display="button_action_weapon_secondary" usesFunction="true" />
</symbols>