﻿<?xml version="1.0" encoding="utf-8" ?>
<tagGroups>
	<!-- real h1 -->
	<group magic="actr" name="actor" />
	<group magic="actv" name="actor_variant" />
	<group magic="ant!" name="antenna" />
	<group magic="antr" name="model_animations" />
	<group magic="bipd" name="biped" />
	<group magic="bitm" name="bitmap" />
	<group magic="boom" name="spheroid" />
	<group magic="cdmg" name="continuous_damage_effect" />
	<group magic="coll" name="model_collision_geometry" />
	<group magic="colo" name="color_table" />
	<group magic="cont" name="contrail" />
	<group magic="ctrl" name="device_control" />
	<group magic="deca" name="decal" />
	<group magic="DeLa" name="ui_widget_definition" />
	<group magic="devc" name="input_device_defaults" />
	<group magic="devi" name="device" />
	<group magic="dobc" name="detail_object_collection" />
	<group magic="effe" name="effect" />
	<group magic="elec" name="lightning" />
	<group magic="eqip" name="equipment" />
	<group magic="flag" name="flag" />
	<group magic="fog " name="fog" />
	<group magic="font" name="font" />
	<group magic="foot" name="material_effects" />
	<group magic="garb" name="garbage" />
	<group magic="glw!" name="glow" />
	<group magic="grhi" name="grenade_hud_interface" />
	<group magic="hmt " name="hud_message_text" />
	<group magic="hud#" name="hud_number" />
	<group magic="hudg" name="hud_globals" />
	<group magic="item" name="item" />
	<group magic="itmc" name="item_collection" />
	<group magic="jpt!" name="damage_effect" />
	<group magic="lens" name="lens_flare" />
	<group magic="lifi" name="device_light_fixture" />
	<group magic="ligh" name="light" />
	<group magic="lsnd" name="sound_looping" />
	<group magic="mach" name="device_machine" />
	<group magic="matg" name="globals" />
	<group magic="metr" name="meter" />
	<group magic="mgs2" name="light_volume" />
	<group magic="mod2" name="gbxmodel" />
	<group magic="mode" name="model" />
	<group magic="mply" name="multiplayer_scenario_description" />
	<group magic="ngpr" name="preferences_network_game" />
	<group magic="obje" name="object" />
	<group magic="part" name="particle" />
	<group magic="pctl" name="particle_system" />
	<group magic="phys" name="physics" />
	<group magic="plac" name="placeholder" />
	<group magic="pphy" name="point_physics" />
	<group magic="proj" name="projectile" />
	<group magic="rain" name="weather_particle_system" />
	<group magic="sbsp" name="scenario_structure_bsp" />
	<group magic="scen" name="scenery" />
	<group magic="scex" name="shader_transparent_chicago_extended" />
	<group magic="schi" name="shader_transparent_chicago" />
	<group magic="scnr" name="scenario" />
	<group magic="senv" name="shader_environment" />
	<group magic="sgla" name="shader_transparent_glass" />
	<group magic="shdr" name="shader" />
	<group magic="sky " name="sky" />
	<group magic="smet" name="shader_transparent_meter" />
	<group magic="snd!" name="sound" />
	<group magic="snde" name="sound_environment" />
	<group magic="soso" name="shader_model" />
	<group magic="sotr" name="shader_transparent_generic" />
	<group magic="Soul" name="ui_widget_collection" />
	<group magic="spla" name="shader_transparent_plasma" />
	<group magic="ssce" name="sound_scenery" />
	<group magic="str#" name="string_list" />
	<group magic="swat" name="shader_transparent_water" />
	<group magic="tagc" name="tag_collection" />
	<group magic="trak" name="camera_track" />
	<group magic="udlg" name="dialogue" />
	<group magic="unhi" name="unit_hud_interface" />
	<group magic="unit" name="unit" />
	<group magic="ustr" name="unicode_string_list" />
	<group magic="vcky" name="virtual_keyboard" />
	<group magic="vehi" name="vehicle" />
	<group magic="weap" name="weapon" />
	<group magic="wind" name="wind" />
	<group magic="wphi" name="weapon_hud_interface" />

	<!-- opensauce -->
	<group magic="avtc" name="actor_variant_transform_collection" />
	<group magic="avti" name="actor_variant_transform_in" />
	<group magic="avto" name="actor_variant_transform_out" />
	<group magic="efpp" name="effect_postprocess" />
	<group magic="efpc" name="effect_postprocess_collection" />
	<group magic="efpg" name="effect_postprocess_generic" />
	<group magic="eqhi" name="equipment_hud_interface" />
	<group magic="gelc" name="project_yellow_globals_cv" />
	<group magic="gelo" name="project_yellow_globals" />
	<group magic="magy" name="model_animations_yelo" />
	<group magic="shpp" name="shader_postprocess" />
	<group magic="shpg" name="shader_postprocess_generic" />
	<group magic="sidy" name="string_id_yelo" />
	<group magic="sily" name="text_value_pair_definition" />
	<group magic="sppg" name="shader_postprocess_globals" />
	<group magic="tag+" name="tag_database" />
	<group magic="unic" name="multilingual_unicode_string_list" />
	<group magic="yelo" name="project_yellow" />
	
	<!-- past this line is guessed -->

	<!-- stubbs the zombie -->
	<group magic="imef" name="image_effect" />
	<group magic="vege" name="vegetation" />
	
	<!-- hail to the chimp-->
	<group magic="coin" name="coin" />
	<group magic="muhi" name="multiplayer_unit_hud_interface" />
	<group magic="muls" name="multiplayer_sound" />
	<group magic="pash" name="paper_shader" />
	<group magic="teem" name="teamup" />

	<!-- shadowrun -->
	<group magic="buym" name="buy_menu" />
	<group magic="m1ed" name="magic_definition1" />
	<group magic="m2ed" name="magic_definition2" />
	<group magic="m3ed" name="magic_definition3" />
	<group magic="srac" name="shadowrun_actor" />
	<group magic="srud" name="shadowrun_unit_data" />
	<group magic="srwd" name="shadowrun_weapon_data" />
	<group magic="t1ed" name="tech_definition1" />
	<group magic="t2ed" name="tech_definition2" />
	<group magic="t3ed" name="tech_definition3" />

</tagGroups>