﻿<?xml version="1.0" encoding="utf-8"?>
<symbols>
	<!-- To add a new locale symbol, just add it's hex value, and then it's friendly name -->

	<symbol unicode="0x00" display="a-button" />
	<symbol unicode="0x01" display="b-button" />
	<symbol unicode="0x02" display="x-button" />
	<symbol unicode="0x03" display="y-button" />
	<symbol unicode="0x04" display="black-button" />
	<symbol unicode="0x05" display="white-button" />
	<symbol unicode="0x06" display="left-trigger" />
	<symbol unicode="0x07" display="right-trigger" />
	<symbol unicode="0x08" display="dpad-up" />
	<symbol unicode="0x09" display="dpad-down" />
	<symbol unicode="0x0A" display="dpad-left" />
	<symbol unicode="0x0B" display="dpad-right" />
	<symbol unicode="0x0C" display="start-button" />
	<symbol unicode="0x0D" display="back-button" />
	<symbol unicode="0x0E" display="left-thumb" />
	<symbol unicode="0x0F" display="right-thumb" />
	<symbol unicode="0x10" display="left-stick" />
	<symbol unicode="0x11" display="right-stick" />
	<symbol unicode="0x12" display="action" />
	<symbol unicode="0x13" display="throw-grenade" />
	<symbol unicode="0x14" display="primary-trigger" />
	<symbol unicode="0x15" display="integrated-light" />
	<symbol unicode="0x16" display="jump" />
	<symbol unicode="0x17" display="use-equipment" />
	<symbol unicode="0x18" display="rotate-weapons" />
	<symbol unicode="0x19" display="rotate-grenades" />
	<symbol unicode="0x1A" display="crouch" />
	<symbol unicode="0x1B" display="zoom" />
	<symbol unicode="0x1C" display="accept" />
	<symbol unicode="0x1D" display="back" />
	<symbol unicode="0x1E" display="move" />
	<symbol unicode="0x1F" display="look" />
	<symbol unicode="0x20" display="custom-1" />
	<symbol unicode="0x21" display="custom-2" />
	<symbol unicode="0x22" display="custom-3" />
	<symbol unicode="0x23" display="custom-4" />
	<symbol unicode="0x24" display="custom-5" />
	<symbol unicode="0x25" display="custom-6" />
	<symbol unicode="0x26" display="custom-7" />
	<symbol unicode="0x27" display="custom-8" />
</symbols>