<?xml version="1.0" encoding="us-ascii" standalone="yes"?>
<!-- Created by Lord Zedd -->
<BlamScript>
	<typecasting></typecasting>

	<scriptTypes>
		<type opcode="0x0" name="startup" />
		<type opcode="0x1" name="dormant" />
		<type opcode="0x2" name="continuous" />
		<type opcode="0x3" name="static" />
		<type opcode="0x4" name="stub" />
	</scriptTypes>

	<valueTypes version="1">
		<type opcode="0x00" name="unparsed" size="0" />
		<type opcode="0x01" name="special_form" size="0" />
		<type opcode="0x02" name="function_name" size="0" />
		<type opcode="0x03" name="passthrough" size="0" />
		<type opcode="0x04" name="void" size="0" />
		<type opcode="0x05" name="boolean" size="1" />
		<type opcode="0x06" name="real" size="4" />
		<type opcode="0x07" name="short" size="2" />
		<type opcode="0x08" name="long" size="4" />
		<type opcode="0x09" name="string" size="4" quoted="true" />
		<type opcode="0x0A" name="script" size="2" />
		<type opcode="0x0B" name="trigger_volume" size="2" quoted="true" />
		<type opcode="0x0C" name="cutscene_flag" size="2" quoted="true" />
		<type opcode="0x0D" name="cutscene_camera_point" size="2" quoted="true" />
		<type opcode="0x0E" name="cutscene_title" size="2" quoted="true" />
		<type opcode="0x0F" name="cutscene_recording" size="2" quoted="true" />
		<type opcode="0x10" name="device_group" size="4" quoted="true" />
		<type opcode="0x11" name="ai" size="4" quoted="true" />
		<type opcode="0x12" name="ai_command_list" size="2" quoted="true" />
		<type opcode="0x13" name="starting_profile" size="2" quoted="true" />
		<type opcode="0x14" name="conversation" size="2" quoted="true" />
		<type opcode="0x15" name="navpoint" size="2" quoted="true" />
		<type opcode="0x16" name="hud_message" size="2" quoted="true" />
		<type opcode="0x17" name="object_list" size="4" />
		<type opcode="0x18" name="sound" size="4" tag="snd!" quoted="true" />
		<type opcode="0x19" name="effect" size="4" tag="effe" quoted="true" />
		<type opcode="0x1A" name="damage" size="4" tag="jpt!" quoted="true" />
		<type opcode="0x1B" name="looping_sound" size="4" tag="lsnd" quoted="true" />
		<type opcode="0x1C" name="animation_graph" size="4" tag="antr" quoted="true" />
		<type opcode="0x1D" name="actor_variant" size="4" tag="actv" quoted="true" />
		<type opcode="0x1E" name="damage_effect" size="4" tag="jpt!" quoted="true" />
		<type opcode="0x1F" name="object_definition" size="4" tag="obje" quoted="true" />
		<type opcode="0x20" name="game_difficulty" size="2" >
			<enum>easy</enum>
			<enum>normal</enum>
			<enum>hard</enum>
			<enum>impossible</enum>
		</type>
		<type opcode="0x21" name="team" size="2" >
			<enum>default</enum>
			<enum>player</enum>
			<enum>human</enum>
			<enum>covenant</enum>
			<enum>flood</enum>
			<enum>sentinel</enum>
			<enum>unused6</enum>
			<enum>unused7</enum>
			<enum>unused8</enum>
			<enum>unused9</enum>
		</type>
		<type opcode="0x22" name="ai_default_state" size="2" >
			<enum>none</enum>
			<enum>sleep</enum>
			<enum>alert</enum>
			<enum>move_repeat</enum>
			<enum>move_loop</enum>
			<enum>move_loop_back_and_forth</enum>
			<enum>move_loop_random</enum>
			<enum>move_random</enum>
			<enum>guard</enum>
			<enum>guard_at_position</enum>
			<enum>search</enum>
			<enum>flee</enum>
			<enum>guard_caster</enum>
		</type>
		<type opcode="0x23" name="actor_type" size="2" >
			<enum>elite</enum>
			<enum>jackal</enum>
			<enum>grunt</enum>
			<enum>hunter</enum>
			<enum>engineer</enum>
			<enum>assassin</enum>
			<enum>player</enum>
			<enum>marine</enum>
			<enum>crew</enum>
			<enum>combat_form</enum>
			<enum>infection_form</enum>
			<enum>carrier_form</enum>
			<enum>monitor</enum>
			<enum>sentinel</enum>
			<enum>none</enum>
			<enum>mounted_weapon</enum>
			<enum>hologram</enum>
			<enum>dog</enum>
			<enum>ninja</enum>
			<enum>mook</enum>
			<enum>guard</enum>
			<enum>necro</enum>
			<enum>dwarf</enum>
		</type>
		<type opcode="0x24" name="hud_corner" size="2" >
			<enum>top_left</enum>
			<enum>top_right</enum>
			<enum>bottom_left</enum>
			<enum>bottom_right</enum>
			<enum>center</enum>
		</type>
		<type opcode="0x25" name="object" size="4" />
		<type opcode="0x26" name="unit" size="4" />
		<type opcode="0x27" name="vehicle" size="4" />
		<type opcode="0x28" name="weapon" size="4" />
		<type opcode="0x29" name="device" size="4" />
		<type opcode="0x2A" name="scenery" size="4" />
		<type opcode="0x2B" name="object_name" size="2" object="true" quoted="true" />
		<type opcode="0x2C" name="unit_name" size="2" object="true" quoted="true" />
		<type opcode="0x2D" name="vehicle_name" size="2" object="true" quoted="true" />
		<type opcode="0x2E" name="weapon_name" size="2" object="true" quoted="true" />
		<type opcode="0x2F" name="device_name" size="2" object="true" quoted="true" />
		<type opcode="0x30" name="scenery_name" size="2" object="true" quoted="true" />
	</valueTypes>

	<functions>
		<function opcode="0x000" name="begin" returnType="passthrough" group="Begin" />
		<function opcode="0x001" name="begin_random" returnType="passthrough" group="Begin" />
		<function opcode="0x002" name="if" returnType="passthrough" group="If" />
		<function opcode="0x003" name="cond" returnType="passthrough" group="Cond" />
		<function opcode="0x004" name="set" returnType="passthrough" group="Set" />
		<function opcode="0x005" name="and" returnType="boolean" group="Logical" />
		<function opcode="0x006" name="or" returnType="boolean" group="Logical" />
		<function opcode="0x007" name="+" returnType="real" group="Arithmetic" />
		<function opcode="0x008" name="-" returnType="real" group="Arithmetic" />
		<function opcode="0x009" name="*" returnType="real" group="Arithmetic" />
		<function opcode="0x00A" name="/" returnType="real" group="Arithmetic" />
		<function opcode="0x00B" name="min" returnType="real" group="Arithmetic" />
		<function opcode="0x00C" name="max" returnType="real" group="Arithmetic" />
		<function opcode="0x00D" name="=" returnType="boolean" group="Equality" />
		<function opcode="0x00E" name="!=" returnType="boolean" group="Equality" />
		<function opcode="0x00F" name="&gt;" returnType="boolean" group="Inequality" />
		<function opcode="0x010" name="&lt;" returnType="boolean" group="Inequality" />
		<function opcode="0x011" name="&gt;=" returnType="boolean" group="Inequality" />
		<function opcode="0x012" name="&lt;=" returnType="boolean" group="Inequality" />
		<function opcode="0x013" name="sleep" returnType="void" group="Sleep" />
		<function opcode="0x014" name="sleep_until" returnType="void" group="SleepUntil" />
		<function opcode="0x015" name="wake" returnType="void" group="Wake" />
		<function opcode="0x016" name="inspect" returnType="void" group="Inspect" />
		<function opcode="0x017" name="unit" returnType="unit" group="ObjectCast" />
		<function opcode="0x018" name="ai_debug_communication_suppress" returnType="void" />
		<function opcode="0x019" name="ai_debug_communication_ignore" returnType="void" />
		<function opcode="0x01A" name="ai_debug_communication_focus" returnType="void" />
		<function opcode="0x01B" name="not" returnType="boolean" argc="1">
			<arg type="boolean" />
		</function>
		<function opcode="0x01C" name="print" returnType="void" argc="1">
			<arg type="string" />
		</function>
		<function opcode="0x01D" name="players" returnType="object_list" />
		<function opcode="0x01E" name="volume_teleport_players_not_inside" returnType="void" argc="2">
			<arg type="trigger_volume" />
			<arg type="cutscene_flag" />
		</function>
		<function opcode="0x01F" name="volume_test_object" returnType="boolean" argc="2">
			<arg type="trigger_volume" />
			<arg type="object" />
		</function>
		<function opcode="0x020" name="volume_test_objects" returnType="boolean" argc="2">
			<arg type="trigger_volume" />
			<arg type="object_list" />
		</function>
		<function opcode="0x021" name="volume_test_objects_all" returnType="boolean" argc="2">
			<arg type="trigger_volume" />
			<arg type="object_list" />
		</function>
		<function opcode="0x022" name="object_teleport" returnType="void" argc="2">
			<arg type="object" />
			<arg type="cutscene_flag" />
		</function>
		<function opcode="0x023" name="object_set_facing" returnType="void" argc="2">
			<arg type="object" />
			<arg type="cutscene_flag" />
		</function>
		<function opcode="0x024" name="object_set_shield" returnType="void" argc="2">
			<arg type="object" />
			<arg type="real" />
		</function>
		<function opcode="0x025" name="object_set_permutation" returnType="void" argc="3">
			<arg type="object" />
			<arg type="string" />
			<arg type="string" />
		</function>
		<function opcode="0x026" name="object_create" returnType="void" argc="1">
			<arg type="object_name" />
		</function>
		<function opcode="0x027" name="object_destroy" returnType="void" argc="1">
			<arg type="object" />
		</function>
		<function opcode="0x028" name="object_create_anew" returnType="void" argc="1">
			<arg type="object_name" />
		</function>
		<function opcode="0x029" name="object_create_containing" returnType="void" argc="1">
			<arg type="string" />
		</function>
		<function opcode="0x02A" name="object_create_anew_containing" returnType="void" argc="1">
			<arg type="string" />
		</function>
		<function opcode="0x02B" name="object_destroy_containing" returnType="void" argc="1">
			<arg type="string" />
		</function>
		<function opcode="0x02C" name="object_destroy_all" returnType="void" />
		<function opcode="0x02D" name="list_get" returnType="object" argc="2">
			<arg type="object_list" />
			<arg type="short" />
		</function>
		<function opcode="0x02E" name="list_count" returnType="short" argc="1">
			<arg type="object_list" />
		</function>
		<function opcode="0x02F" name="effect_new" returnType="void" argc="2">
			<arg type="effect" />
			<arg type="cutscene_flag" />
		</function>
		<function opcode="0x030" name="effect_new_on_object_marker" returnType="void" argc="3">
			<arg type="effect" />
			<arg type="object" />
			<arg type="string" />
		</function>
		<function opcode="0x031" name="damage_new" returnType="void" argc="2">
			<arg type="damage" />
			<arg type="cutscene_flag" />
		</function>
		<function opcode="0x032" name="damage_object" returnType="void" argc="2">
			<arg type="damage" />
			<arg type="object" />
		</function>
		<function opcode="0x033" name="objects_can_see_object" returnType="boolean" argc="3">
			<arg type="object_list" />
			<arg type="object" />
			<arg type="real" />
		</function>
		<function opcode="0x034" name="objects_can_see_flag" returnType="boolean" argc="3">
			<arg type="object_list" />
			<arg type="cutscene_flag" />
			<arg type="real" />
		</function>
		<function opcode="0x035" name="objects_delete_by_definition" returnType="void" argc="1">
			<arg type="object_definition" />
		</function>
		<function opcode="0x036" name="sound_set_gain" returnType="void" argc="2">
			<arg type="string" />
			<arg type="real" />
		</function>
		<function opcode="0x037" name="sound_get_gain" returnType="real" argc="1">
			<arg type="string" />
		</function>
		<function opcode="0x038" name="script_recompile" returnType="void" />
		<function opcode="0x039" name="script_doc" returnType="void" />
		<function opcode="0x03A" name="help" returnType="void" argc="1">
			<arg type="string" />
		</function>
		<function opcode="0x03B" name="random_range" returnType="short" argc="2">
			<arg type="short" />
			<arg type="short" />
		</function>
		<function opcode="0x03C" name="real_random_range" returnType="real" argc="2">
			<arg type="real" />
			<arg type="real" />
		</function>
		<function opcode="0x03D" name="numeric_countdown_timer_set" returnType="void" argc="2">
			<arg type="long" />
			<arg type="boolean" />
		</function>
		<function opcode="0x03E" name="numeric_countdown_timer_get" returnType="short" argc="1">
			<arg type="short" />
		</function>
		<function opcode="0x03F" name="numeric_countdown_timer_stop" returnType="void" />
		<function opcode="0x040" name="numeric_countdown_timer_restart" returnType="void" />
		<function opcode="0x041" name="breakable_surfaces_enable" returnType="void" argc="1">
			<arg type="boolean" />
		</function>
		<function opcode="0x042" name="recording_play" returnType="boolean" argc="2">
			<arg type="unit" />
			<arg type="cutscene_recording" />
		</function>
		<function opcode="0x043" name="recording_play_and_delete" returnType="boolean" argc="2">
			<arg type="unit" />
			<arg type="cutscene_recording" />
		</function>
		<function opcode="0x044" name="recording_play_and_hover" returnType="boolean" argc="2">
			<arg type="vehicle" />
			<arg type="cutscene_recording" />
		</function>
		<function opcode="0x045" name="recording_kill" returnType="void" argc="1">
			<arg type="unit" />
		</function>
		<function opcode="0x046" name="recording_time" returnType="short" argc="1">
			<arg type="unit" />
		</function>
		<function opcode="0x047" name="object_set_ranged_attack_inhibited" returnType="void" argc="2">
			<arg type="object" />
			<arg type="boolean" />
		</function>
		<function opcode="0x048" name="object_set_melee_attack_inhibited" returnType="void" argc="2">
			<arg type="object" />
			<arg type="boolean" />
		</function>
		<function opcode="0x049" name="objects_dump_memory" returnType="void" />
		<function opcode="0x04A" name="object_set_collideable" returnType="void" argc="2">
			<arg type="object" />
			<arg type="boolean" />
		</function>
		<function opcode="0x04B" name="object_set_scale" returnType="void" argc="3">
			<arg type="object" />
			<arg type="real" />
			<arg type="short" />
		</function>
		<function opcode="0x04C" name="objects_attach" returnType="void" argc="4">
			<arg type="object" />
			<arg type="string" />
			<arg type="object" />
			<arg type="string" />
		</function>
		<function opcode="0x04D" name="objects_detach" returnType="void" argc="2">
			<arg type="object" />
			<arg type="object" />
		</function>
		<function opcode="0x04E" name="garbage_collect_now" returnType="void" />
		<function opcode="0x04F" name="object_cannot_take_damage" returnType="void" argc="1">
			<arg type="object_list" />
		</function>
		<function opcode="0x050" name="object_can_take_damage" returnType="void" argc="1">
			<arg type="object_list" />
		</function>
		<function opcode="0x051" name="object_beautify" returnType="void" argc="2">
			<arg type="object" />
			<arg type="boolean" />
		</function>
		<function opcode="0x052" name="objects_predict" returnType="void" argc="1">
			<arg type="object_list" />
		</function>
		<function opcode="0x053" name="object_type_predict" returnType="void" argc="1">
			<arg type="object_definition" />
		</function>
		<function opcode="0x054" name="object_pvs_activate" returnType="void" argc="1">
			<arg type="object" />
		</function>
		<function opcode="0x055" name="object_pvs_set_object" returnType="void" argc="1">
			<arg type="object" />
		</function>
		<function opcode="0x056" name="object_pvs_set_camera" returnType="void" argc="1">
			<arg type="cutscene_camera_point" />
		</function>
		<function opcode="0x057" name="object_pvs_clear" returnType="void" />
		<function opcode="0x058" name="render_lights" returnType="boolean" argc="1">
			<arg type="boolean" />
		</function>
		<function opcode="0x059" name="scenery_get_animation_time" returnType="short" argc="1">
			<arg type="scenery" />
		</function>
		<function opcode="0x05A" name="scenery_animation_start" returnType="void" argc="3">
			<arg type="scenery" />
			<arg type="animation_graph" />
			<arg type="string" />
		</function>
		<function opcode="0x05B" name="scenery_animation_start_at_frame" returnType="void" argc="4">
			<arg type="scenery" />
			<arg type="animation_graph" />
			<arg type="string" />
			<arg type="short" />
		</function>
		<function opcode="0x05C" name="render_effects" returnType="void" argc="1">
			<arg type="boolean" />
		</function>
		<function opcode="0x05D" name="unit_can_blink" returnType="void" argc="2">
			<arg type="unit" />
			<arg type="boolean" />
		</function>
		<function opcode="0x05E" name="unit_open" returnType="void" argc="1">
			<arg type="unit" />
		</function>
		<function opcode="0x05F" name="unit_close" returnType="void" argc="1">
			<arg type="unit" />
		</function>
		<function opcode="0x060" name="unit_kill" returnType="void" argc="1">
			<arg type="unit" />
		</function>
		<function opcode="0x061" name="unit_kill_silent" returnType="void" argc="1">
			<arg type="unit" />
		</function>
		<function opcode="0x062" name="unit_get_custom_animation_time" returnType="short" argc="1">
			<arg type="unit" />
		</function>
		<function opcode="0x063" name="unit_stop_custom_animation" returnType="void" argc="1">
			<arg type="unit" />
		</function>
		<function opcode="0x064" name="unit_custom_animation_at_frame" returnType="boolean" argc="5">
			<arg type="unit" />
			<arg type="animation_graph" />
			<arg type="string" />
			<arg type="boolean" />
			<arg type="short" />
		</function>
		<function opcode="0x065" name="custom_animation" returnType="boolean" argc="4">
			<arg type="unit" />
			<arg type="animation_graph" />
			<arg type="string" />
			<arg type="boolean" />
		</function>
		<function opcode="0x066" name="custom_animation_list" returnType="boolean" argc="4">
			<arg type="object_list" />
			<arg type="animation_graph" />
			<arg type="string" />
			<arg type="boolean" />
		</function>
		<function opcode="0x067" name="unit_is_playing_custom_animation" returnType="boolean" argc="1">
			<arg type="unit" />
		</function>
		<function opcode="0x068" name="unit_aim_without_turning" returnType="void" argc="2">
			<arg type="unit" />
			<arg type="boolean" />
		</function>
		<function opcode="0x069" name="unit_set_emotion" returnType="void" argc="2">
			<arg type="unit" />
			<arg type="short" />
		</function>
		<function opcode="0x06A" name="unit_set_enterable_by_player" returnType="void" argc="2">
			<arg type="unit" />
			<arg type="boolean" />
		</function>
		<function opcode="0x06B" name="unit_enter_vehicle" returnType="void" argc="3">
			<arg type="unit" />
			<arg type="vehicle" />
			<arg type="string" />
		</function>
		<function opcode="0x06C" name="vehicle_test_seat_list" returnType="boolean" argc="3">
			<arg type="vehicle" />
			<arg type="string" />
			<arg type="object_list" />
		</function>
		<function opcode="0x06D" name="vehicle_test_seat" returnType="boolean" argc="3">
			<arg type="vehicle" />
			<arg type="string" />
			<arg type="unit" />
		</function>
		<function opcode="0x06E" name="unit_set_emotion_animation" returnType="void" argc="2">
			<arg type="unit" />
			<arg type="string" />
		</function>
		<function opcode="0x06F" name="unit_exit_vehicle" returnType="void" argc="1">
			<arg type="unit" />
		</function>
		<function opcode="0x070" name="unit_set_maximum_vitality" returnType="void" argc="3">
			<arg type="unit" />
			<arg type="real" />
			<arg type="real" />
		</function>
		<function opcode="0x071" name="units_set_maximum_vitality" returnType="void" argc="3">
			<arg type="object_list" />
			<arg type="real" />
			<arg type="real" />
		</function>
		<function opcode="0x072" name="unit_set_current_vitality" returnType="void" argc="3">
			<arg type="unit" />
			<arg type="real" />
			<arg type="real" />
		</function>
		<function opcode="0x073" name="units_set_current_vitality" returnType="void" argc="3">
			<arg type="object_list" />
			<arg type="real" />
			<arg type="real" />
		</function>
		<function opcode="0x074" name="vehicle_load_magic" returnType="short" argc="3">
			<arg type="unit" />
			<arg type="string" />
			<arg type="object_list" />
		</function>
		<function opcode="0x075" name="vehicle_unload" returnType="short" argc="2">
			<arg type="unit" />
			<arg type="string" />
		</function>
		<function opcode="0x076" name="magic_seat_name" returnType="void" argc="1">
			<arg type="string" />
		</function>
		<function opcode="0x077" name="unit_set_seat" returnType="void" argc="2">
			<arg type="unit" />
			<arg type="string" />
		</function>
		<function opcode="0x078" name="magic_melee_attack" returnType="void" />
		<function opcode="0x079" name="vehicle_riders" returnType="object_list" argc="1">
			<arg type="unit" />
		</function>
		<function opcode="0x07A" name="vehicle_driver" returnType="unit" argc="1">
			<arg type="unit" />
		</function>
		<function opcode="0x07B" name="vehicle_gunner" returnType="unit" argc="1">
			<arg type="unit" />
		</function>
		<function opcode="0x07C" name="unit_get_health" returnType="real" argc="1">
			<arg type="unit" />
		</function>
		<function opcode="0x07D" name="unit_get_shield" returnType="real" argc="1">
			<arg type="unit" />
		</function>
		<function opcode="0x07E" name="unit_get_total_grenade_count" returnType="short" argc="1">
			<arg type="unit" />
		</function>
		<function opcode="0x07F" name="unit_has_weapon" returnType="boolean" argc="2">
			<arg type="unit" />
			<arg type="object_definition" />
		</function>
		<function opcode="0x080" name="unit_has_weapon_readied" returnType="boolean" argc="2">
			<arg type="unit" />
			<arg type="object_definition" />
		</function>
		<function opcode="0x081" name="unit_doesnt_drop_items" returnType="void" argc="1">
			<arg type="object_list" />
		</function>
		<function opcode="0x082" name="unit_impervious" returnType="void" argc="2">
			<arg type="object_list" />
			<arg type="boolean" />
		</function>
		<function opcode="0x083" name="unit_suspended" returnType="void" argc="2">
			<arg type="unit" />
			<arg type="boolean" />
		</function>
		<function opcode="0x084" name="unit_solo_player_integrated_night_vision_is_active" returnType="boolean" />
		<function opcode="0x085" name="units_set_desired_flashlight_state" returnType="void" argc="2">
			<arg type="object_list" />
			<arg type="boolean" />
		</function>
		<function opcode="0x086" name="unit_set_desired_flashlight_state" returnType="void" argc="2">
			<arg type="unit" />
			<arg type="boolean" />
		</function>
		<function opcode="0x087" name="unit_get_current_flashlight_state" returnType="boolean" argc="1">
			<arg type="unit" />
		</function>
		<function opcode="0x088" name="drop_grenade" returnType="void" argc="2">
			<arg type="short" />
			<arg type="cutscene_flag" />
		</function>
		<function opcode="0x089" name="mp_between_rounds" returnType="boolean" />
		<function opcode="0x08A" name="device_set_never_appears_locked" returnType="void" argc="2">
			<arg type="device" />
			<arg type="boolean" />
		</function>
		<function opcode="0x08B" name="device_get_power" returnType="real" argc="1">
			<arg type="device" />
		</function>
		<function opcode="0x08C" name="device_set_power" returnType="void" argc="2">
			<arg type="device" />
			<arg type="real" />
		</function>
		<function opcode="0x08D" name="device_set_position" returnType="boolean" argc="2">
			<arg type="device" />
			<arg type="real" />
		</function>
		<function opcode="0x08E" name="device_get_position" returnType="real" argc="1">
			<arg type="device" />
		</function>
		<function opcode="0x08F" name="device_set_position_immediate" returnType="void" argc="2">
			<arg type="device" />
			<arg type="real" />
		</function>
		<function opcode="0x090" name="device_group_get" returnType="real" argc="1">
			<arg type="device_group" />
		</function>
		<function opcode="0x091" name="device_group_set" returnType="boolean" argc="2">
			<arg type="device_group" />
			<arg type="real" />
		</function>
		<function opcode="0x092" name="device_group_set_immediate" returnType="void" argc="2">
			<arg type="device_group" />
			<arg type="real" />
		</function>
		<function opcode="0x093" name="device_one_sided_set" returnType="void" argc="2">
			<arg type="device" />
			<arg type="boolean" />
		</function>
		<function opcode="0x094" name="device_operates_automatically_set" returnType="void" argc="2">
			<arg type="device" />
			<arg type="boolean" />
		</function>
		<function opcode="0x095" name="device_group_change_only_once_more_set" returnType="void" argc="2">
			<arg type="device_group" />
			<arg type="boolean" />
		</function>
		<function opcode="0x096" name="breakable_surfaces_reset" returnType="void" />
		<function opcode="0x097" name="cheat_all_powerups" returnType="void" />
		<function opcode="0x098" name="cheat_all_weapons" returnType="void" />
		<function opcode="0x099" name="cheat_all_vehicles" returnType="void" />
		<function opcode="0x09A" name="cheat_teleport_to_camera" returnType="void" />
		<function opcode="0x09B" name="cheat_active_camouflage" returnType="void" />
		<function opcode="0x09C" name="cheat_active_camouflage_local_player" returnType="void" argc="1">
			<arg type="short" />
		</function>
		<function opcode="0x09D" name="cheats_load" returnType="void" />
		<function opcode="0x09E" name="cheats_loadout" returnType="void" argc="1">
			<arg type="short" />
		</function>
		<function opcode="0x09F" name="ai_free" returnType="void" argc="1">
			<arg type="ai" />
		</function>
		<function opcode="0x0A0" name="ai_free_units" returnType="void" argc="1">
			<arg type="object_list" />
		</function>
		<function opcode="0x0A1" name="ai_attach" returnType="void" argc="2">
			<arg type="unit" />
			<arg type="ai" />
		</function>
		<function opcode="0x0A2" name="ai_attach_free" returnType="void" argc="2">
			<arg type="unit" />
			<arg type="actor_variant" />
		</function>
		<function opcode="0x0A3" name="ai_detach" returnType="void" argc="1">
			<arg type="unit" />
		</function>
		<function opcode="0x0A4" name="ai_place" returnType="void" argc="1">
			<arg type="ai" />
		</function>
		<function opcode="0x0A5" name="ai_kill" returnType="void" argc="1">
			<arg type="ai" />
		</function>
		<function opcode="0x0A6" name="ai_kill_silent" returnType="void" argc="1">
			<arg type="ai" />
		</function>
		<function opcode="0x0A7" name="ai_erase" returnType="void" argc="1">
			<arg type="ai" />
		</function>
		<function opcode="0x0A8" name="ai_erase_all" returnType="void" />
		<function opcode="0x0A9" name="ai_select" returnType="void" argc="1">
			<arg type="ai" />
		</function>
		<function opcode="0x0AA" name="ai_deselect" returnType="void" />
		<function opcode="0x0AB" name="ai_spawn_actor" returnType="void" argc="1">
			<arg type="ai" />
		</function>
		<function opcode="0x0AC" name="ai_set_respawn" returnType="void" argc="2">
			<arg type="ai" />
			<arg type="boolean" />
		</function>
		<function opcode="0x0AD" name="ai_set_deaf" returnType="void" argc="2">
			<arg type="ai" />
			<arg type="boolean" />
		</function>
		<function opcode="0x0AE" name="ai_set_blind" returnType="void" argc="2">
			<arg type="ai" />
			<arg type="boolean" />
		</function>
		<function opcode="0x0AF" name="ai_magically_see_encounter" returnType="void" argc="2">
			<arg type="ai" />
			<arg type="ai" />
		</function>
		<function opcode="0x0B0" name="ai_magically_see_players" returnType="void" argc="1">
			<arg type="ai" />
		</function>
		<function opcode="0x0B1" name="ai_magically_see_unit" returnType="void" argc="2">
			<arg type="ai" />
			<arg type="unit" />
		</function>
		<function opcode="0x0B2" name="ai_timer_start" returnType="void" argc="1">
			<arg type="ai" />
		</function>
		<function opcode="0x0B3" name="ai_timer_expire" returnType="void" argc="1">
			<arg type="ai" />
		</function>
		<function opcode="0x0B4" name="ai_attack" returnType="void" argc="1">
			<arg type="ai" />
		</function>
		<function opcode="0x0B5" name="ai_defend" returnType="void" argc="1">
			<arg type="ai" />
		</function>
		<function opcode="0x0B6" name="ai_retreat" returnType="void" argc="1">
			<arg type="ai" />
		</function>
		<function opcode="0x0B7" name="ai_maneuver" returnType="void" argc="1">
			<arg type="ai" />
		</function>
		<function opcode="0x0B8" name="ai_maneuver_enable" returnType="void" argc="2">
			<arg type="ai" />
			<arg type="boolean" />
		</function>
		<function opcode="0x0B9" name="ai_migrate" returnType="void" argc="2">
			<arg type="ai" />
			<arg type="ai" />
		</function>
		<function opcode="0x0BA" name="ai_migrate_and_speak" returnType="void" argc="3">
			<arg type="ai" />
			<arg type="ai" />
			<arg type="string" />
		</function>
		<function opcode="0x0BB" name="ai_migrate_by_unit" returnType="void" argc="2">
			<arg type="object_list" />
			<arg type="ai" />
		</function>
		<function opcode="0x0BC" name="ai_allegiance" returnType="void" argc="2">
			<arg type="team" />
			<arg type="team" />
		</function>
		<function opcode="0x0BD" name="ai_allegiance_remove" returnType="void" argc="2">
			<arg type="team" />
			<arg type="team" />
		</function>
		<function opcode="0x0BE" name="ai_living_count" returnType="short" argc="1">
			<arg type="ai" />
		</function>
		<function opcode="0x0BF" name="ai_living_fraction" returnType="real" argc="1">
			<arg type="ai" />
		</function>
		<function opcode="0x0C0" name="ai_strength" returnType="real" argc="1">
			<arg type="ai" />
		</function>
		<function opcode="0x0C1" name="ai_swarm_count" returnType="short" argc="1">
			<arg type="ai" />
		</function>
		<function opcode="0x0C2" name="ai_nonswarm_count" returnType="short" argc="1">
			<arg type="ai" />
		</function>
		<function opcode="0x0C3" name="ai_actors" returnType="object_list" argc="1">
			<arg type="ai" />
		</function>
		<function opcode="0x0C4" name="ai_go_to_vehicle" returnType="void" argc="3">
			<arg type="ai" />
			<arg type="unit" />
			<arg type="string" />
		</function>
		<function opcode="0x0C5" name="ai_go_to_vehicle_override" returnType="void" argc="3">
			<arg type="ai" />
			<arg type="unit" />
			<arg type="string" />
		</function>
		<function opcode="0x0C6" name="ai_going_to_vehicle" returnType="short" argc="1">
			<arg type="unit" />
		</function>
		<function opcode="0x0C7" name="ai_exit_vehicle" returnType="void" argc="1">
			<arg type="ai" />
		</function>
		<function opcode="0x0C8" name="ai_braindead" returnType="void" argc="2">
			<arg type="ai" />
			<arg type="boolean" />
		</function>
		<function opcode="0x0C9" name="ai_braindead_by_unit" returnType="void" argc="2">
			<arg type="object_list" />
			<arg type="boolean" />
		</function>
		<function opcode="0x0CA" name="ai_disregard" returnType="void" argc="2">
			<arg type="object_list" />
			<arg type="boolean" />
		</function>
		<function opcode="0x0CB" name="ai_prefer_target" returnType="void" argc="2">
			<arg type="object_list" />
			<arg type="boolean" />
		</function>
		<function opcode="0x0CC" name="ai_teleport_to_starting_location" returnType="void" argc="1">
			<arg type="ai" />
		</function>
		<function opcode="0x0CD" name="ai_teleport_to_starting_location_if_unsupported" returnType="void" argc="1">
			<arg type="ai" />
		</function>
		<function opcode="0x0CE" name="ai_renew" returnType="void" argc="1">
			<arg type="ai" />
		</function>
		<function opcode="0x0CF" name="ai_try_to_fight_nothing" returnType="void" argc="1">
			<arg type="ai" />
		</function>
		<function opcode="0x0D0" name="ai_try_to_fight" returnType="void" argc="2">
			<arg type="ai" />
			<arg type="ai" />
		</function>
		<function opcode="0x0D1" name="ai_try_to_fight_player" returnType="void" argc="1">
			<arg type="ai" />
		</function>
		<function opcode="0x0D2" name="ai_command_list" returnType="void" argc="2">
			<arg type="ai" />
			<arg type="ai_command_list" />
		</function>
		<function opcode="0x0D3" name="ai_command_list_by_unit" returnType="void" argc="2">
			<arg type="unit" />
			<arg type="ai_command_list" />
		</function>
		<function opcode="0x0D4" name="ai_command_list_advance" returnType="void" argc="1">
			<arg type="ai" />
		</function>
		<function opcode="0x0D5" name="ai_command_list_advance_by_unit" returnType="void" argc="1">
			<arg type="unit" />
		</function>
		<function opcode="0x0D6" name="ai_command_list_status" returnType="short" argc="1">
			<arg type="object_list" />
		</function>
		<function opcode="0x0D7" name="ai_is_attacking" returnType="boolean" argc="1">
			<arg type="ai" />
		</function>
		<function opcode="0x0D8" name="ai_force_active" returnType="void" argc="2">
			<arg type="ai" />
			<arg type="boolean" />
		</function>
		<function opcode="0x0D9" name="ai_force_active_by_unit" returnType="void" argc="2">
			<arg type="unit" />
			<arg type="boolean" />
		</function>
		<function opcode="0x0DA" name="ai_set_return_state" returnType="void" argc="2">
			<arg type="ai" />
			<arg type="ai_default_state" />
		</function>
		<function opcode="0x0DB" name="ai_set_current_state" returnType="void" argc="2">
			<arg type="ai" />
			<arg type="ai_default_state" />
		</function>
		<function opcode="0x0DC" name="ai_playfight" returnType="void" argc="2">
			<arg type="ai" />
			<arg type="boolean" />
		</function>
		<function opcode="0x0DD" name="ai_status" returnType="short" argc="1">
			<arg type="ai" />
		</function>
		<function opcode="0x0DE" name="ai_reconnect" returnType="void" />
		<function opcode="0x0DF" name="ai_vehicle_encounter" returnType="void" argc="2">
			<arg type="unit" />
			<arg type="ai" />
		</function>
		<function opcode="0x0E0" name="ai_vehicle_enterable_distance" returnType="void" argc="2">
			<arg type="unit" />
			<arg type="real" />
		</function>
		<function opcode="0x0E1" name="ai_vehicle_enterable_team" returnType="void" argc="2">
			<arg type="unit" />
			<arg type="team" />
		</function>
		<function opcode="0x0E2" name="ai_vehicle_enterable_actor_type" returnType="void" argc="2">
			<arg type="unit" />
			<arg type="actor_type" />
		</function>
		<function opcode="0x0E3" name="ai_vehicle_enterable_actors" returnType="void" argc="2">
			<arg type="unit" />
			<arg type="ai" />
		</function>
		<function opcode="0x0E4" name="ai_vehicle_enterable_disable" returnType="void" argc="1">
			<arg type="unit" />
		</function>
		<function opcode="0x0E5" name="ai_look_at_object" returnType="void" argc="2">
			<arg type="unit" />
			<arg type="object" />
		</function>
		<function opcode="0x0E6" name="ai_stop_looking" returnType="void" argc="1">
			<arg type="unit" />
		</function>
		<function opcode="0x0E7" name="ai_automatic_migration_target" returnType="void" argc="2">
			<arg type="ai" />
			<arg type="boolean" />
		</function>
		<function opcode="0x0E8" name="ai_follow_target_disable" returnType="void" argc="1">
			<arg type="ai" />
		</function>
		<function opcode="0x0E9" name="ai_follow_target_players" returnType="void" argc="1">
			<arg type="ai" />
		</function>
		<function opcode="0x0EA" name="ai_follow_target_unit" returnType="void" argc="2">
			<arg type="ai" />
			<arg type="unit" />
		</function>
		<function opcode="0x0EB" name="ai_follow_target_ai" returnType="void" argc="2">
			<arg type="ai" />
			<arg type="ai" />
		</function>
		<function opcode="0x0EC" name="ai_follow_distance" returnType="void" argc="2">
			<arg type="ai" />
			<arg type="real" />
		</function>
		<function opcode="0x0ED" name="ai_conversation" returnType="boolean" argc="1">
			<arg type="conversation" />
		</function>
		<function opcode="0x0EE" name="ai_conversation_stop" returnType="void" argc="1">
			<arg type="conversation" />
		</function>
		<function opcode="0x0EF" name="ai_conversation_advance" returnType="void" argc="1">
			<arg type="conversation" />
		</function>
		<function opcode="0x0F0" name="ai_conversation_line" returnType="short" argc="1">
			<arg type="conversation" />
		</function>
		<function opcode="0x0F1" name="ai_conversation_status" returnType="short" argc="1">
			<arg type="conversation" />
		</function>
		<function opcode="0x0F2" name="ai_link_activation" returnType="void" argc="2">
			<arg type="ai" />
			<arg type="ai" />
		</function>
		<function opcode="0x0F3" name="ai_berserk" returnType="void" argc="2">
			<arg type="ai" />
			<arg type="boolean" />
		</function>
		<function opcode="0x0F4" name="ai_set_team" returnType="void" argc="2">
			<arg type="ai" />
			<arg type="team" />
		</function>
		<function opcode="0x0F5" name="ai_allow_charge" returnType="void" argc="2">
			<arg type="ai" />
			<arg type="boolean" />
		</function>
		<function opcode="0x0F6" name="ai_allow_dormant" returnType="void" argc="2">
			<arg type="ai" />
			<arg type="boolean" />
		</function>
		<function opcode="0x0F7" name="ai_drop_equipment_when_dead" returnType="void" argc="2">
			<arg type="ai" />
			<arg type="short" />
		</function>
		<function opcode="0x0F8" name="ai_allegiance_broken" returnType="boolean" argc="2">
			<arg type="team" />
			<arg type="team" />
		</function>
		<function opcode="0x0F9" name="camera_control" returnType="void" argc="1">
			<arg type="boolean" />
		</function>
		<function opcode="0x0FA" name="camera_set" returnType="void" argc="2">
			<arg type="cutscene_camera_point" />
			<arg type="short" />
		</function>
		<function opcode="0x0FB" name="camera_set_relative" returnType="void" argc="3">
			<arg type="cutscene_camera_point" />
			<arg type="short" />
			<arg type="object" />
		</function>
		<function opcode="0x0FC" name="camera_set_animation" returnType="void" argc="2">
			<arg type="animation_graph" />
			<arg type="string" />
		</function>
		<function opcode="0x0FD" name="camera_set_first_person" returnType="void" argc="1">
			<arg type="unit" />
		</function>
		<function opcode="0x0FE" name="camera_set_dead" returnType="void" argc="1">
			<arg type="unit" />
		</function>
		<function opcode="0x0FF" name="camera_time" returnType="short" />
		<function opcode="0x100" name="debug_camera_load" returnType="void" />
		<function opcode="0x101" name="debug_camera_save" returnType="void" />
		<function opcode="0x102" name="game_speed" returnType="void" argc="1">
			<arg type="real" />
		</function>
		<function opcode="0x103" name="game_time" returnType="long" />
		<function opcode="0x104" name="game_variant" returnType="void" argc="1">
			<arg type="string" />
		</function>
		<function opcode="0x105" name="game_difficulty_get" returnType="game_difficulty" />
		<function opcode="0x106" name="game_difficulty_get_real" returnType="game_difficulty" />
		<function opcode="0x107" name="map_reset" returnType="void" />
		<function opcode="0x108" name="map_name" returnType="void" argc="1">
			<arg type="string" />
		</function>
		<function opcode="0x109" name="multiplayer_map_name" returnType="void" argc="1">
			<arg type="string" />
		</function>
		<function opcode="0x10A" name="game_difficulty_set" returnType="void" argc="1">
			<arg type="game_difficulty" />
		</function>
		<function opcode="0x10B" name="game_difficulty_set_ratio" returnType="void" argc="1">
			<arg type="real" />
		</function>
		<function opcode="0x10C" name="game_difficulty_get_ratio" returnType="real" />
		<function opcode="0x10D" name="crash" returnType="void" argc="1">
			<arg type="string" />
		</function>
		<function opcode="0x10E" name="switch_bsp" returnType="void" argc="1">
			<arg type="short" />
		</function>
		<function opcode="0x10F" name="structure_bsp_index" returnType="short" />
		<function opcode="0x110" name="version" returnType="void" />
		<function opcode="0x111" name="playback" returnType="void" />
		<function opcode="0x112" name="game_set_assignment_scheme" returnType="void" argc="1">
			<arg type="long" />
		</function>
		<function opcode="0x113" name="texture_cache_flush" returnType="void" />
		<function opcode="0x114" name="sound_cache_flush" returnType="void" />
		<function opcode="0x115" name="debug_memory" returnType="void" />
		<function opcode="0x116" name="debug_memory_by_file" returnType="void" />
		<function opcode="0x117" name="debug_memory_for_file" returnType="void" argc="1">
			<arg type="string" />
		</function>
		<function opcode="0x118" name="debug_tags" returnType="void" />
		<function opcode="0x119" name="profile_reset" returnType="void" />
		<function opcode="0x11A" name="profile_dump" returnType="void" argc="1">
			<arg type="string" />
		</function>
		<function opcode="0x11B" name="profile_activate" returnType="void" argc="1">
			<arg type="string" />
		</function>
		<function opcode="0x11C" name="profile_deactivate" returnType="void" argc="1">
			<arg type="string" />
		</function>
		<function opcode="0x11D" name="profile_graph_toggle" returnType="void" argc="1">
			<arg type="string" />
		</function>
		<function opcode="0x11E" name="debug_pvs" returnType="void" argc="1">
			<arg type="boolean" />
		</function>
		<function opcode="0x11F" name="radiosity_start" returnType="void" />
		<function opcode="0x120" name="radiosity_save" returnType="void" />
		<function opcode="0x121" name="radiosity_debug_point" returnType="void" />
		<function opcode="0x122" name="ai" returnType="void" argc="1">
			<arg type="boolean" />
		</function>
		<function opcode="0x123" name="ai_dialogue_triggers" returnType="void" argc="1">
			<arg type="boolean" />
		</function>
		<function opcode="0x124" name="ai_grenades" returnType="void" argc="1">
			<arg type="boolean" />
		</function>
		<function opcode="0x125" name="ai_lines" returnType="void" />
		<function opcode="0x126" name="ai_debug_sound_point_set" returnType="void" />
		<function opcode="0x127" name="ai_debug_vocalize" returnType="void" argc="2">
			<arg type="string" />
			<arg type="string" />
		</function>
		<function opcode="0x128" name="ai_debug_teleport_to" returnType="void" argc="1">
			<arg type="ai" />
		</function>
		<function opcode="0x129" name="ai_debug_speak" returnType="void" argc="1">
			<arg type="string" />
		</function>
		<function opcode="0x12A" name="ai_debug_speak_list" returnType="void" argc="1">
			<arg type="string" />
		</function>
		<function opcode="0x12B" name="fade_in" returnType="void" argc="4">
			<arg type="real" />
			<arg type="real" />
			<arg type="real" />
			<arg type="short" />
		</function>
		<function opcode="0x12C" name="fade_out" returnType="void" argc="4">
			<arg type="real" />
			<arg type="real" />
			<arg type="real" />
			<arg type="short" />
		</function>
		<function opcode="0x12D" name="cinematic_start" returnType="void" />
		<function opcode="0x12E" name="cinematic_stop" returnType="void" />
		<function opcode="0x12F" name="cinematic_skip_start_internal" returnType="void" />
		<function opcode="0x130" name="cinematic_skip_stop_internal" returnType="void" />
		<function opcode="0x131" name="cinematic_show_letterbox" returnType="void" argc="1">
			<arg type="boolean" />
		</function>
		<function opcode="0x132" name="cinematic_set_title" returnType="void" argc="1">
			<arg type="cutscene_title" />
		</function>
		<function opcode="0x133" name="cinematic_set_title_delayed" returnType="void" argc="2">
			<arg type="cutscene_title" />
			<arg type="real" />
		</function>
		<function opcode="0x134" name="cinematic_suppress_bsp_object_creation" returnType="void" argc="1">
			<arg type="boolean" />
		</function>
		<function opcode="0x135" name="attract_mode_start" returnType="void" />
		<function opcode="0x136" name="game_won" returnType="void" />
		<function opcode="0x137" name="game_lost" returnType="void" />
		<function opcode="0x138" name="game_safe_to_save" returnType="boolean" />
		<function opcode="0x139" name="game_all_quiet" returnType="boolean" />
		<function opcode="0x13A" name="game_safe_to_speak" returnType="boolean" />
		<function opcode="0x13B" name="game_is_cooperative" returnType="boolean" />
		<function opcode="0x13C" name="game_save" returnType="void" />
		<function opcode="0x13D" name="game_save_cancel" returnType="void" />
		<function opcode="0x13E" name="game_save_no_timeout" returnType="void" />
		<function opcode="0x13F" name="game_save_totally_unsafe" returnType="void" />
		<function opcode="0x140" name="game_saving" returnType="boolean" />
		<function opcode="0x141" name="game_revert" returnType="void" />
		<function opcode="0x142" name="game_reverted" returnType="boolean" />
		<function opcode="0x143" name="core_save" returnType="void" />
		<function opcode="0x144" name="core_save_name" returnType="void" argc="1">
			<arg type="string" />
		</function>
		<function opcode="0x145" name="core_load" returnType="void" />
		<function opcode="0x146" name="core_load_at_startup" returnType="void" />
		<function opcode="0x147" name="core_load_name" returnType="void" argc="1">
			<arg type="string" />
		</function>
		<function opcode="0x148" name="core_load_name_at_startup" returnType="void" argc="1">
			<arg type="string" />
		</function>
		<function opcode="0x149" name="game_skip_ticks" returnType="void" argc="1">
			<arg type="short" />
		</function>
		<function opcode="0x14A" name="sound_impulse_start" returnType="void" argc="3">
			<arg type="sound" />
			<arg type="object" />
			<arg type="real" />
		</function>
		<function opcode="0x14B" name="sound_impulse_time" returnType="long" argc="1">
			<arg type="sound" />
		</function>
		<function opcode="0x14C" name="sound_impulse_stop" returnType="void" argc="1">
			<arg type="sound" />
		</function>
		<function opcode="0x14D" name="sound_looping_predict" returnType="void" argc="1">
			<arg type="looping_sound" />
		</function>
		<function opcode="0x14E" name="sound_looping_start" returnType="void" argc="3">
			<arg type="looping_sound" />
			<arg type="object" />
			<arg type="real" />
		</function>
		<function opcode="0x14F" name="sound_looping_stop" returnType="void" argc="1">
			<arg type="looping_sound" />
		</function>
		<function opcode="0x150" name="sound_looping_set_scale" returnType="void" argc="2">
			<arg type="looping_sound" />
			<arg type="real" />
		</function>
		<function opcode="0x151" name="sound_looping_set_alternate" returnType="void" argc="2">
			<arg type="looping_sound" />
			<arg type="boolean" />
		</function>
		<function opcode="0x152" name="debug_sounds_enable" returnType="void" argc="2">
			<arg type="string" />
			<arg type="boolean" />
		</function>
		<function opcode="0x153" name="debug_sounds_distances" returnType="void" argc="3">
			<arg type="string" />
			<arg type="real" />
			<arg type="real" />
		</function>
		<function opcode="0x154" name="debug_sounds_wet" returnType="void" argc="2">
			<arg type="string" />
			<arg type="real" />
		</function>
		<function opcode="0x155" name="sound_enable" returnType="void" argc="1">
			<arg type="boolean" />
		</function>
		<function opcode="0x156" name="sound_class_set_gain" returnType="void" argc="3">
			<arg type="string" />
			<arg type="real" />
			<arg type="short" />
		</function>
		<function opcode="0x157" name="vehicle_hover" returnType="void" argc="2">
			<arg type="vehicle" />
			<arg type="boolean" />
		</function>
		<function opcode="0x158" name="players_unzoom_all" returnType="void" />
		<function opcode="0x159" name="player_enable_input" returnType="void" argc="1">
			<arg type="boolean" />
		</function>
		<function opcode="0x15A" name="player_camera_control" returnType="boolean" argc="1">
			<arg type="boolean" />
		</function>
		<function opcode="0x15B" name="player_action_test_reset" returnType="void" />
		<function opcode="0x15C" name="player_action_test_jump" returnType="boolean" />
		<function opcode="0x15D" name="player_action_test_primary_trigger" returnType="boolean" />
		<function opcode="0x15E" name="player_action_test_grenade_trigger" returnType="boolean" />
		<function opcode="0x15F" name="player_action_test_zoom" returnType="boolean" />
		<function opcode="0x160" name="player_action_test_action" returnType="boolean" />
		<function opcode="0x161" name="player_action_test_accept" returnType="boolean" />
		<function opcode="0x162" name="player_action_test_loadout" returnType="boolean" />
		<function opcode="0x163" name="player_action_test_back" returnType="boolean" />
		<function opcode="0x164" name="player_action_test_look_relative_up" returnType="boolean" />
		<function opcode="0x165" name="player_action_test_look_relative_down" returnType="boolean" />
		<function opcode="0x166" name="player_action_test_look_relative_left" returnType="boolean" />
		<function opcode="0x167" name="player_action_test_look_relative_right" returnType="boolean" />
		<function opcode="0x168" name="player_action_test_look_relative_all_directions" returnType="boolean" />
		<function opcode="0x169" name="player_action_test_move_relative_all_directions" returnType="boolean" />
		<function opcode="0x16A" name="player_add_equipment" returnType="void" argc="3">
			<arg type="unit" />
			<arg type="starting_profile" />
			<arg type="boolean" />
		</function>
		<function opcode="0x16B" name="player_change_magic" returnType="void" argc="1">
			<arg type="long" />
		</function>
		<function opcode="0x16C" name="player_change_tech" returnType="void" argc="2">
			<arg type="long" />
			<arg type="boolean" />
		</function>
		<function opcode="0x16D" name="player_set_magic" returnType="void" argc="1">
			<arg type="long" />
		</function>
		<function opcode="0x16E" name="debug_teleport_player" returnType="void" argc="2">
			<arg type="short" />
			<arg type="short" />
		</function>
		<function opcode="0x16F" name="show_hud" returnType="boolean" argc="1">
			<arg type="boolean" />
		</function>
		<function opcode="0x170" name="show_hud_help_text" returnType="boolean" argc="1">
			<arg type="boolean" />
		</function>
		<function opcode="0x171" name="enable_hud_help_flash" returnType="void" argc="1">
			<arg type="boolean" />
		</function>
		<function opcode="0x172" name="hud_help_flash_restart" returnType="void" />
		<function opcode="0x173" name="activate_nav_point_flag" returnType="void" argc="4">
			<arg type="navpoint" />
			<arg type="unit" />
			<arg type="cutscene_flag" />
			<arg type="real" />
		</function>
		<function opcode="0x174" name="activate_nav_point_object" returnType="void" argc="4">
			<arg type="navpoint" />
			<arg type="unit" />
			<arg type="object" />
			<arg type="real" />
		</function>
		<function opcode="0x175" name="activate_team_nav_point_flag" returnType="void" argc="4">
			<arg type="navpoint" />
			<arg type="team" />
			<arg type="cutscene_flag" />
			<arg type="real" />
		</function>
		<function opcode="0x176" name="activate_team_nav_point_object" returnType="void" argc="4">
			<arg type="navpoint" />
			<arg type="team" />
			<arg type="object" />
			<arg type="real" />
		</function>
		<function opcode="0x177" name="deactivate_nav_point_flag" returnType="void" argc="2">
			<arg type="unit" />
			<arg type="cutscene_flag" />
		</function>
		<function opcode="0x178" name="deactivate_nav_point_object" returnType="void" argc="2">
			<arg type="unit" />
			<arg type="object" />
		</function>
		<function opcode="0x179" name="deactivate_team_nav_point_flag" returnType="void" argc="2">
			<arg type="team" />
			<arg type="cutscene_flag" />
		</function>
		<function opcode="0x17A" name="deactivate_team_nav_point_object" returnType="void" argc="2">
			<arg type="team" />
			<arg type="object" />
		</function>
		<function opcode="0x17B" name="cls" returnType="void" />
		<function opcode="0x17C" name="error_overflow_suppression" returnType="void" argc="1">
			<arg type="boolean" />
		</function>
		<function opcode="0x17D" name="structure_lens_flares_place" returnType="void" />
		<function opcode="0x17E" name="player_effect_set_max_translation" returnType="void" argc="3">
			<arg type="real" />
			<arg type="real" />
			<arg type="real" />
		</function>
		<function opcode="0x17F" name="player_effect_set_max_rotation" returnType="void" argc="3">
			<arg type="real" />
			<arg type="real" />
			<arg type="real" />
		</function>
		<function opcode="0x180" name="player_effect_set_max_rumble" returnType="void" argc="2">
			<arg type="real" />
			<arg type="real" />
		</function>
		<function opcode="0x181" name="player_effect_set_allow_rumble" returnType="void" argc="1">
			<arg type="boolean" />
		</function>
		<function opcode="0x182" name="player_effect_start" returnType="void" argc="2">
			<arg type="real" />
			<arg type="real" />
		</function>
		<function opcode="0x183" name="player_effect_stop" returnType="void" argc="1">
			<arg type="real" />
		</function>
		<function opcode="0x184" name="hud_show_health" returnType="void" argc="1">
			<arg type="boolean" />
		</function>
		<function opcode="0x185" name="hud_blink_health" returnType="void" argc="1">
			<arg type="boolean" />
		</function>
		<function opcode="0x186" name="hud_show_shield" returnType="void" argc="1">
			<arg type="boolean" />
		</function>
		<function opcode="0x187" name="hud_blink_shield" returnType="void" argc="1">
			<arg type="boolean" />
		</function>
		<function opcode="0x188" name="hud_show_motion_sensor" returnType="void" argc="1">
			<arg type="boolean" />
		</function>
		<function opcode="0x189" name="hud_blink_motion_sensor" returnType="void" argc="1">
			<arg type="boolean" />
		</function>
		<function opcode="0x18A" name="hud_show_crosshair" returnType="void" argc="1">
			<arg type="boolean" />
		</function>
		<function opcode="0x18B" name="hud_clear_messages" returnType="void" />
		<function opcode="0x18C" name="hud_set_help_text" returnType="void" argc="1">
			<arg type="hud_message" />
		</function>
		<function opcode="0x18D" name="hud_set_objective_text" returnType="void" argc="1">
			<arg type="hud_message" />
		</function>
		<function opcode="0x18E" name="hud_set_timer_time" returnType="void" argc="2">
			<arg type="short" />
			<arg type="short" />
		</function>
		<function opcode="0x18F" name="hud_set_timer_warning_time" returnType="void" argc="2">
			<arg type="short" />
			<arg type="short" />
		</function>
		<function opcode="0x190" name="hud_set_timer_position" returnType="void" argc="3">
			<arg type="short" />
			<arg type="short" />
			<arg type="hud_corner" />
		</function>
		<function opcode="0x191" name="show_hud_timer" returnType="void" argc="1">
			<arg type="boolean" />
		</function>
		<function opcode="0x192" name="pause_hud_timer" returnType="void" argc="1">
			<arg type="boolean" />
		</function>
		<function opcode="0x193" name="hud_get_timer_ticks" returnType="short" />
		<function opcode="0x194" name="time_code_show" returnType="void" argc="1">
			<arg type="boolean" />
		</function>
		<function opcode="0x195" name="time_code_start" returnType="void" argc="1">
			<arg type="boolean" />
		</function>
		<function opcode="0x196" name="time_code_reset" returnType="void" />
		<function opcode="0x197" name="rasterizer_decals_flush" returnType="void" />
		<function opcode="0x198" name="rasterizer_fps_accumulate" returnType="void" />
		<function opcode="0x199" name="rasterizer_model_ambient_reflection_tint" returnType="void" argc="4">
			<arg type="real" />
			<arg type="real" />
			<arg type="real" />
			<arg type="real" />
		</function>
		<function opcode="0x19A" name="rasterizer_lights_reset_for_new_map" returnType="void" />
		<function opcode="0x19B" name="script_screen_effect_set_value" returnType="void" argc="2">
			<arg type="short" />
			<arg type="real" />
		</function>
		<function opcode="0x19C" name="cinematic_screen_effect_start" returnType="void" argc="1">
			<arg type="boolean" />
		</function>
		<function opcode="0x19D" name="cinematic_screen_effect_set_convolution" returnType="void" argc="5">
			<arg type="short" />
			<arg type="short" />
			<arg type="real" />
			<arg type="real" />
			<arg type="real" />
		</function>
		<function opcode="0x19E" name="cinematic_screen_effect_set_filter" returnType="void" argc="6">
			<arg type="real" />
			<arg type="real" />
			<arg type="real" />
			<arg type="real" />
			<arg type="boolean" />
			<arg type="real" />
		</function>
		<function opcode="0x19F" name="cinematic_screen_effect_set_filter_desaturation_tint" returnType="void" argc="3">
			<arg type="real" />
			<arg type="real" />
			<arg type="real" />
		</function>
		<function opcode="0x1A0" name="cinematic_screen_effect_set_video" returnType="void" argc="2">
			<arg type="short" />
			<arg type="real" />
		</function>
		<function opcode="0x1A1" name="cinematic_screen_effect_stop" returnType="void" />
		<function opcode="0x1A2" name="cinematic_set_near_clip_distance" returnType="void" argc="1">
			<arg type="real" />
		</function>
		<function opcode="0x1A3" name="enumerate_memory_units" returnType="void" />
		<function opcode="0x1A4" name="delete_save_game_files" returnType="void" />
		<function opcode="0x1A5" name="fast_setup_network_server" returnType="void" />
		<function opcode="0x1A6" name="profile_unlock_solo_levels" returnType="void" />
		<function opcode="0x1A7" name="player0_look_invert_pitch" returnType="void" argc="1">
			<arg type="boolean" />
		</function>
		<function opcode="0x1A8" name="player0_look_pitch_is_inverted" returnType="boolean" />
		<function opcode="0x1A9" name="player0_joystick_set_is_normal" returnType="boolean" />
		<function opcode="0x1AA" name="ui_widget_show_path" returnType="void" argc="1">
			<arg type="boolean" />
		</function>
		<function opcode="0x1AB" name="display_scenario_help" returnType="void" argc="1">
			<arg type="short" />
		</function>
		<function opcode="0x1AC" name="network_game_start_now" returnType="void" />
		<function opcode="0x1AD" name="xbox_set_machine_name" returnType="void" argc="1">
			<arg type="string" />
		</function>
	</functions>

	<globals>
		<global opcode="0x000" name="rasterizer_near_clip_distance" type="real" />
		<global opcode="0x001" name="rasterizer_far_clip_distance" type="real" />
		<global opcode="0x002" name="rasterizer_first_person_weapon_near_clip_distance" type="real" />
		<global opcode="0x003" name="rasterizer_first_person_weapon_far_clip_distance" type="real" />
		<global opcode="0x004" name="rasterizer_pushbuffer_size" type="short" />
		<global opcode="0x005" name="rasterizer_pushbuffer_kickoff_size" type="short" />
		<global opcode="0x006" name="rasterizer_floating_point_zbuffer" type="boolean" />
		<global opcode="0x007" name="rasterizer_framerate_throttle" type="boolean" />
		<global opcode="0x008" name="rasterizer_framerate_stabilization" type="boolean" />
		<global opcode="0x009" name="rasterizer_refresh_rate" type="short" />
		<global opcode="0x00A" name="rasterizer_frame_bounds_left" type="short" />
		<global opcode="0x00B" name="rasterizer_frame_bounds_right" type="short" />
		<global opcode="0x00C" name="rasterizer_frame_bounds_top" type="short" />
		<global opcode="0x00D" name="rasterizer_frame_bounds_bottom" type="short" />
		<global opcode="0x00E" name="rasterizer_stats" type="short" />
		<global opcode="0x00F" name="rasterizer_mode" type="short" />
		<global opcode="0x010" name="rasterizer_wireframe" type="boolean" />
		<global opcode="0x011" name="rasterizer_smart" type="boolean" />
		<global opcode="0x012" name="rasterizer_debug_model_vertices" type="boolean" />
		<global opcode="0x013" name="rasterizer_debug_model_lod" type="short" />
		<global opcode="0x014" name="rasterizer_debug_transparents" type="boolean" />
		<global opcode="0x015" name="rasterizer_debug_meter_shader" type="boolean" />
		<global opcode="0x016" name="rasterizer_models" type="boolean" />
		<global opcode="0x017" name="rasterizer_model_transparents" type="boolean" />
		<global opcode="0x018" name="rasterizer_draw_first_person_weapon_first" type="boolean" />
		<global opcode="0x019" name="rasterizer_stencil_mask" type="boolean" />
		<global opcode="0x01A" name="rasterizer_environment" type="boolean" />
		<global opcode="0x01B" name="rasterizer_environment_lightmaps" type="boolean" />
		<global opcode="0x01C" name="rasterizer_environment_shadows" type="boolean" />
		<global opcode="0x01D" name="rasterizer_environment_diffuse_lights" type="boolean" />
		<global opcode="0x01E" name="rasterizer_environment_diffuse_textures" type="boolean" />
		<global opcode="0x01F" name="rasterizer_environment_decals" type="boolean" />
		<global opcode="0x020" name="rasterizer_environment_specular_lights" type="boolean" />
		<global opcode="0x021" name="rasterizer_environment_specular_lightmaps" type="boolean" />
		<global opcode="0x022" name="rasterizer_environment_reflection_lightmap_mask" type="boolean" />
		<global opcode="0x023" name="rasterizer_environment_reflection_mirrors" type="boolean" />
		<global opcode="0x024" name="rasterizer_environment_reflections" type="boolean" />
		<global opcode="0x025" name="rasterizer_environment_transparents" type="boolean" />
		<global opcode="0x026" name="rasterizer_environment_fog" type="boolean" />
		<global opcode="0x027" name="rasterizer_environment_fog_screen" type="boolean" />
		<global opcode="0x028" name="rasterizer_water" type="boolean" />
		<global opcode="0x029" name="rasterizer_lens_flares" type="boolean" />
		<global opcode="0x02A" name="rasterizer_dynamic_unlit_geometry" type="boolean" />
		<global opcode="0x02B" name="rasterizer_dynamic_lit_geometry" type="boolean" />
		<global opcode="0x02C" name="rasterizer_dynamic_screen_geometry" type="boolean" />
		<global opcode="0x02D" name="rasterizer_hud_motion_sensor" type="boolean" />
		<global opcode="0x02E" name="rasterizer_detail_objects" type="boolean" />
		<global opcode="0x02F" name="rasterizer_debug_geometry" type="boolean" />
		<global opcode="0x030" name="rasterizer_debug_geometry_multipass" type="boolean" />
		<global opcode="0x031" name="rasterizer_fog_atmosphere" type="boolean" />
		<global opcode="0x032" name="rasterizer_fog_plane" type="boolean" />
		<global opcode="0x033" name="rasterizer_bump_mapping" type="boolean" />
		<global opcode="0x034" name="rasterizer_lightmap_ambient" type="real" />
		<global opcode="0x035" name="rasterizer_lightmap_mode" type="short" />
		<global opcode="0x036" name="rasterizer_lightmaps_incident_radiosity" type="boolean" />
		<global opcode="0x037" name="rasterizer_lightmaps_filtering" type="boolean" />
		<global opcode="0x038" name="rasterizer_model_lighting_ambient" type="real" />
		<global opcode="0x039" name="rasterizer_environment_alpha_testing" type="boolean" />
		<global opcode="0x03A" name="rasterizer_environment_specular_mask" type="boolean" />
		<global opcode="0x03B" name="rasterizer_shadows_convolution" type="boolean" />
		<global opcode="0x03C" name="rasterizer_shadows_debug" type="boolean" />
		<global opcode="0x03D" name="rasterizer_water_mipmapping" type="boolean" />
		<global opcode="0x03E" name="rasterizer_active_camouflage" type="boolean" />
		<global opcode="0x03F" name="rasterizer_active_camouflage_multipass" type="boolean" />
		<global opcode="0x040" name="rasterizer_plasma_energy" type="boolean" />
		<global opcode="0x041" name="rasterizer_lens_flares_occlusion" type="boolean" />
		<global opcode="0x042" name="rasterizer_lens_flares_occlusion_debug" type="boolean" />
		<global opcode="0x043" name="rasterizer_ray_of_buddha" type="boolean" />
		<global opcode="0x044" name="rasterizer_screen_flashes" type="boolean" />
		<global opcode="0x045" name="rasterizer_screen_effects" type="boolean" />
		<global opcode="0x046" name="rasterizer_DXTC_noise" type="boolean" />
		<global opcode="0x047" name="rasterizer_soft_filter" type="boolean" />
		<global opcode="0x048" name="rasterizer_secondary_render_target_debug" type="boolean" />
		<global opcode="0x049" name="rasterizer_profile_log" type="boolean" />
		<global opcode="0x04A" name="rasterizer_detail_objects_offset_multiplier" type="real" />
		<global opcode="0x04B" name="rasterizer_zbias" type="long" />
		<global opcode="0x04C" name="rasterizer_zoffset" type="real" />
		<global opcode="0x04D" name="force_all_player_views_to_default_player" type="boolean" />
		<global opcode="0x04E" name="rasterizer_safe_frame_bounds" type="boolean" />
		<global opcode="0x04F" name="freeze_flying_camera" type="short" />
		<global opcode="0x050" name="rasterizer_zsprites" type="boolean" />
		<global opcode="0x051" name="rasterizer_filthy_decal_fog_hack" type="boolean" />
		<global opcode="0x052" name="rasterizer_splitscreen_VB_optimization" type="boolean" />
		<global opcode="0x053" name="rasterizer_profile_print_locks" type="boolean" />
		<global opcode="0x054" name="rasterizer_profile_objectlock_time" type="real" />
		<global opcode="0x055" name="pad3" type="short" />
		<global opcode="0x056" name="pad3_scale" type="real" />
		<global opcode="0x057" name="f0" type="real" />
		<global opcode="0x058" name="f1" type="real" />
		<global opcode="0x059" name="f2" type="real" />
		<global opcode="0x05A" name="f3" type="real" />
		<global opcode="0x05B" name="f4" type="real" />
		<global opcode="0x05C" name="f5" type="real" />
		<global opcode="0x05D" name="rasterizer_transparent_pixel_counter" null="true" type="boolean" />
		<global opcode="0x05E" name="debug_no_frustum_clip" type="boolean" />
		<global opcode="0x05F" name="debug_frustum" type="boolean" />
		<global opcode="0x060" name="debug_bink" null="true" type="boolean" />
		<global opcode="0x061" name="screenshot_size" type="short" />
		<global opcode="0x062" name="screenshot_count" type="short" />
		<global opcode="0x063" name="terminal_render" type="boolean" />
		<global opcode="0x064" name="console_dump_to_file" null="true" type="boolean" />
		<global opcode="0x065" name="player_spawn_count" type="short" />
		<global opcode="0x066" name="debug_object_garbage_collection" null="true" type="boolean" />
		<global opcode="0x067" name="debug_render_freeze" null="true" type="boolean" />
		<global opcode="0x068" name="debug_no_drawing" null="true" type="boolean" />
		<global opcode="0x069" name="debug_input_target" null="true" type="short" />
		<global opcode="0x06A" name="temporary_hud" null="true" type="boolean" />
		<global opcode="0x06B" name="debug_leaf_index" null="true" type="long" />
		<global opcode="0x06C" name="debug_leaf_portal_index" null="true" type="long" />
		<global opcode="0x06D" name="debug_leaf_portals" null="true" type="boolean" />
		<global opcode="0x06E" name="debug_unit_all_animations" null="true" type="boolean" />
		<global opcode="0x06F" name="debug_unit_animations" null="true" type="boolean" />
		<global opcode="0x070" name="debug_unit_illumination" null="true" type="boolean" />
		<global opcode="0x071" name="debug_damage_taken" null="true" type="boolean" />
		<global opcode="0x072" name="cheat_deathless_player" type="boolean" />
		<global opcode="0x073" name="cheat_jetpack" type="boolean" />
		<global opcode="0x074" name="cheat_infinite_ammo" type="boolean" />
		<global opcode="0x075" name="cheat_bottomless_clip" type="boolean" />
		<global opcode="0x076" name="cheat_bump_possession" type="boolean" />
		<global opcode="0x077" name="cheat_super_jump" type="boolean" />
		<global opcode="0x078" name="cheat_reflexive_damage_effects" type="boolean" />
		<global opcode="0x079" name="cheat_medusa" type="boolean" />
		<global opcode="0x07A" name="cheat_omnipotent" type="boolean" />
		<global opcode="0x07B" name="cheat_controller" type="boolean" />
		<global opcode="0x07C" name="effects_corpse_nonviolent" type="boolean" />
		<global opcode="0x07D" name="debug_effects_nonviolent" null="true" type="boolean" />
		<global opcode="0x07E" name="debug_sound_cache" type="boolean" />
		<global opcode="0x07F" name="debug_sound" type="boolean" />
		<global opcode="0x080" name="debug_looping_sound" type="boolean" />
		<global opcode="0x081" name="debug_sound_channels" type="boolean" />
		<global opcode="0x082" name="loud_dialog_hack" type="boolean" />
		<global opcode="0x083" name="sound_gain_under_dialog" type="real" />
		<global opcode="0x084" name="debug_sound_environment" null="true" type="boolean" />
		<global opcode="0x085" name="object_light_ambient_base" type="real" />
		<global opcode="0x086" name="object_light_ambient_scale" type="real" />
		<global opcode="0x087" name="object_light_secondary_scale" type="real" />
		<global opcode="0x088" name="object_light_interpolate" type="boolean" />
		<global opcode="0x089" name="model_animation_compression" type="boolean" />
		<global opcode="0x08A" name="model_animation_data_compressed_size" type="long" />
		<global opcode="0x08B" name="model_animation_data_uncompressed_size" type="long" />
		<global opcode="0x08C" name="model_animation_data_compression_savings_in_bytes" type="long" />
		<global opcode="0x08D" name="model_animation_data_compression_savings_in_bytes_at_import" type="long" />
		<global opcode="0x08E" name="model_animation_data_compression_savings_in_percent" type="real" />
		<global opcode="0x08F" name="model_animation_bullshit0" type="long" />
		<global opcode="0x090" name="model_animation_bullshit1" type="long" />
		<global opcode="0x091" name="model_animation_bullshit2" type="long" />
		<global opcode="0x092" name="model_animation_bullshit3" type="long" />
		<global opcode="0x093" name="rider_ejection" type="boolean" />
		<global opcode="0x094" name="stun_enable" type="boolean" />
		<global opcode="0x095" name="debug_sprites" null="true" type="boolean" />
		<global opcode="0x096" name="debug_portals" null="true" type="boolean" />
		<global opcode="0x097" name="debug_inactive_objects" null="true" type="boolean" />
		<global opcode="0x098" name="render_contrails" null="true" type="boolean" />
		<global opcode="0x099" name="render_particles" null="true" type="boolean" />
		<global opcode="0x09A" name="render_psystems" null="true" type="boolean" />
		<global opcode="0x09B" name="render_wsystems" null="true" type="boolean" />
		<global opcode="0x09C" name="debug_objects" null="true" type="boolean" />
		<global opcode="0x09D" name="debug_objects_position_velocity" null="true" type="boolean" />
		<global opcode="0x09E" name="debug_objects_root_node" null="true" type="boolean" />
		<global opcode="0x09F" name="debug_objects_bounding_spheres" null="true" type="boolean" />
		<global opcode="0x0A0" name="debug_objects_collision_models" null="true" type="boolean" />
		<global opcode="0x0A1" name="debug_objects_physics" null="true" type="boolean" />
		<global opcode="0x0A2" name="debug_objects_names" null="true" type="boolean" />
		<global opcode="0x0A3" name="debug_objects_pathfinding_spheres" null="true" type="boolean" />
		<global opcode="0x0A4" name="debug_objects_unit_vectors" null="true" type="boolean" />
		<global opcode="0x0A5" name="debug_objects_unit_seats" null="true" type="boolean" />
		<global opcode="0x0A6" name="debug_objects_unit_mouth_apeture" null="true" type="boolean" />
		<global opcode="0x0A7" name="debug_objects_biped_physics_pills" null="true" type="boolean" />
		<global opcode="0x0A8" name="debug_objects_biped_autoaim_pills" null="true" type="boolean" />
		<global opcode="0x0A9" name="debug_objects_vehicle_powered_mass_points" null="true" type="boolean" />
		<global opcode="0x0AA" name="debug_objects_devices" null="true" type="boolean" />
		<global opcode="0x0AB" name="render_model_nodes" null="true" type="boolean" />
		<global opcode="0x0AC" name="render_model_vertex_counts" null="true" type="boolean" />
		<global opcode="0x0AD" name="render_model_index_counts" null="true" type="boolean" />
		<global opcode="0x0AE" name="render_model_markers" null="true" type="boolean" />
		<global opcode="0x0AF" name="render_model_no_geometry" null="true" type="boolean" />
		<global opcode="0x0B0" name="render_shadows" null="true" type="boolean" />
		<global opcode="0x0B1" name="debug_damage" null="true" type="boolean" />
		<global opcode="0x0B2" name="debug_scripting" null="true" type="boolean" />
		<global opcode="0x0B3" name="debug_trigger_volumes" null="true" type="boolean" />
		<global opcode="0x0B4" name="debug_point_physics" null="true" type="boolean" />
		<global opcode="0x0B5" name="debug_physics_disable_penetration_freeze" null="true" type="boolean" />
		<global opcode="0x0B6" name="debug_motion_sensor_draw_all_units" type="boolean" />
		<global opcode="0x0B7" name="collision_debug" null="true" type="boolean" />
		<global opcode="0x0B8" name="collision_debug_spray" null="true" type="boolean" />
		<global opcode="0x0B9" name="collision_debug_features" null="true" type="boolean" />
		<global opcode="0x0BA" name="collision_debug_repeat" null="true" type="boolean" />
		<global opcode="0x0BB" name="collision_debug_flag_front_facing_surfaces" null="true" type="boolean" />
		<global opcode="0x0BC" name="collision_debug_flag_back_facing_surfaces" null="true" type="boolean" />
		<global opcode="0x0BD" name="collision_debug_flag_ignore_two_sided_surfaces" null="true" type="boolean" />
		<global opcode="0x0BE" name="collision_debug_flag_ignore_invisible_surfaces" null="true" type="boolean" />
		<global opcode="0x0BF" name="collision_debug_flag_ignore_breakable_surfaces" null="true" type="boolean" />
		<global opcode="0x0C0" name="collision_debug_flag_structure" null="true" type="boolean" />
		<global opcode="0x0C1" name="collision_debug_flag_media" null="true" type="boolean" />
		<global opcode="0x0C2" name="collision_debug_flag_objects" null="true" type="boolean" />
		<global opcode="0x0C3" name="collision_debug_flag_objects_bipeds" null="true" type="boolean" />
		<global opcode="0x0C4" name="collision_debug_flag_objects_vehicles" null="true" type="boolean" />
		<global opcode="0x0C5" name="collision_debug_flag_objects_weapons" null="true" type="boolean" />
		<global opcode="0x0C6" name="collision_debug_flag_objects_equipment" null="true" type="boolean" />
		<global opcode="0x0C7" name="collision_debug_flag_objects_projectiles" null="true" type="boolean" />
		<global opcode="0x0C8" name="collision_debug_flag_objects_scenery" null="true" type="boolean" />
		<global opcode="0x0C9" name="collision_debug_flag_objects_machines" null="true" type="boolean" />
		<global opcode="0x0CA" name="collision_debug_flag_objects_controls" null="true" type="boolean" />
		<global opcode="0x0CB" name="collision_debug_flag_objects_light_fixtures" null="true" type="boolean" />
		<global opcode="0x0CC" name="collision_debug_flag_objects_placeholders" null="true" type="boolean" />
		<global opcode="0x0CD" name="collision_debug_flag_try_to_keep_location_valid" null="true" type="boolean" />
		<global opcode="0x0CE" name="collision_debug_flag_skip_passthrough_bipeds" null="true" type="boolean" />
		<global opcode="0x0CF" name="collision_debug_flag_use_vehicle_physics" null="true" type="boolean" />
		<global opcode="0x0D0" name="collision_debug_point_x" null="true" type="real" />
		<global opcode="0x0D1" name="collision_debug_point_y" null="true" type="real" />
		<global opcode="0x0D2" name="collision_debug_point_z" null="true" type="real" />
		<global opcode="0x0D3" name="collision_debug_vector_i" null="true" type="real" />
		<global opcode="0x0D4" name="collision_debug_vector_j" null="true" type="real" />
		<global opcode="0x0D5" name="collision_debug_vector_k" null="true" type="real" />
		<global opcode="0x0D6" name="collision_debug_length" null="true" type="real" />
		<global opcode="0x0D7" name="collision_debug_width" null="true" type="real" />
		<global opcode="0x0D8" name="collision_debug_height" null="true" type="real" />
		<global opcode="0x0D9" name="collision_debug_phantom_bsp" null="true" type="boolean" />
		<global opcode="0x0DA" name="collision_log_render" null="true" type="boolean" />
		<global opcode="0x0DB" name="collision_log_detailed" null="true" type="boolean" />
		<global opcode="0x0DC" name="collision_log_extended" null="true" type="boolean" />
		<global opcode="0x0DD" name="collision_log_totals_only" null="true" type="boolean" />
		<global opcode="0x0DE" name="collision_log_time" null="true" type="boolean" />
		<global opcode="0x0DF" name="debug_obstacle_path" null="true" type="boolean" />
		<global opcode="0x0E0" name="debug_obstacle_path_on_failure" null="true" type="boolean" />
		<global opcode="0x0E1" name="debug_obstacle_path_start_point_x" null="true" type="real" />
		<global opcode="0x0E2" name="debug_obstacle_path_start_point_y" null="true" type="real" />
		<global opcode="0x0E3" name="debug_obstacle_path_start_surface_index" null="true" type="long" />
		<global opcode="0x0E4" name="debug_obstacle_path_goal_point_x" null="true" type="real" />
		<global opcode="0x0E5" name="debug_obstacle_path_goal_point_y" null="true" type="real" />
		<global opcode="0x0E6" name="debug_obstacle_path_goal_surface_index" null="true" type="long" />
		<global opcode="0x0E7" name="debug_camera" null="true" type="boolean" />
		<global opcode="0x0E8" name="debug_player" null="true" type="boolean" />
		<global opcode="0x0E9" name="debug_structure" null="true" type="boolean" />
		<global opcode="0x0EA" name="debug_bsp" null="true" type="boolean" />
		<global opcode="0x0EB" name="debug_input" null="true" type="boolean" />
		<global opcode="0x0EC" name="debug_permanent_decals" null="true" type="boolean" />
		<global opcode="0x0ED" name="debug_fog_planes" null="true" type="boolean" />
		<global opcode="0x0EE" name="decals" type="boolean" />
		<global opcode="0x0EF" name="debug_decals" null="true" type="boolean" />
		<global opcode="0x0F0" name="debug_object_lights" null="true" type="boolean" />
		<global opcode="0x0F1" name="debug_lights" null="true" type="boolean" />
		<global opcode="0x0F2" name="debug_biped_physics" null="true" type="boolean" />
		<global opcode="0x0F3" name="debug_biped_skip_update" null="true" type="boolean" />
		<global opcode="0x0F4" name="debug_biped_skip_collision" null="true" type="boolean" />
		<global opcode="0x0F5" name="debug_biped_limp_body_disable" null="true" type="boolean" />
		<global opcode="0x0F6" name="debug_collision_skip_objects" null="true" type="boolean" />
		<global opcode="0x0F7" name="debug_collision_skip_vectors" null="true" type="boolean" />
		<global opcode="0x0F8" name="debug_material_effects" null="true" type="boolean" />
		<global opcode="0x0F9" name="weather" type="boolean" />
		<global opcode="0x0FA" name="breakable_surfaces" type="boolean" />
		<global opcode="0x0FB" name="decals" type="boolean" />
		<global opcode="0x0FC" name="profile_graph" null="true" type="boolean" />
		<global opcode="0x0FD" name="profile_display" null="true" type="boolean" />
		<global opcode="0x0FE" name="profile_timebase_ticks" null="true" type="boolean" />
		<global opcode="0x0FF" name="profile_dump_frames" null="true" type="boolean" />
		<global opcode="0x100" name="profile_dump_lost_frames" null="true" type="boolean" />
		<global opcode="0x101" name="recover_saved_games_hack" type="boolean" />
		<global opcode="0x102" name="radiosity_quality" null="true" type="short" />
		<global opcode="0x103" name="radiosity_step_count" null="true" type="short" />
		<global opcode="0x104" name="radiosity_lines" null="true" type="boolean" />
		<global opcode="0x105" name="radiosity_normals" null="true" type="boolean" />
		<global opcode="0x106" name="structures_use_pvs_for_vs" type="boolean" />
		<global opcode="0x107" name="debug_texture_cache" null="true" type="boolean" />
		<global opcode="0x108" name="debug_detail_objects" null="true" type="boolean" />
		<global opcode="0x109" name="ai_render" null="true" type="boolean" />
		<global opcode="0x10A" name="ai_render_all_actors" null="true" type="boolean" />
		<global opcode="0x10B" name="ai_render_inactive_actors" null="true" type="boolean" />
		<global opcode="0x10C" name="ai_render_lineoffire_crouching" null="true" type="boolean" />
		<global opcode="0x10D" name="ai_render_lineoffire" null="true" type="boolean" />
		<global opcode="0x10E" name="ai_render_lineofsight" null="true" type="boolean" />
		<global opcode="0x10F" name="ai_render_ballistic_lineoffire" null="true" type="boolean" />
		<global opcode="0x110" name="ai_render_encounter_activeregion" null="true" type="boolean" />
		<global opcode="0x111" name="ai_render_vision_cones" null="true" type="boolean" />
		<global opcode="0x112" name="ai_render_current_state" null="true" type="boolean" />
		<global opcode="0x113" name="ai_render_detailed_state" null="true" type="boolean" />
		<global opcode="0x114" name="ai_render_props" null="true" type="boolean" />
		<global opcode="0x115" name="ai_render_props_web" null="true" type="boolean" />
		<global opcode="0x116" name="ai_render_props_no_friends" null="true" type="boolean" />
		<global opcode="0x117" name="ai_render_props_target_weight" null="true" type="boolean" />
		<global opcode="0x118" name="ai_render_props_unreachable" null="true" type="boolean" />
		<global opcode="0x119" name="ai_render_props_unopposable" null="true" type="boolean" />
		<global opcode="0x11A" name="ai_render_idle_look" null="true" type="boolean" />
		<global opcode="0x11B" name="ai_render_support_surfaces" null="true" type="boolean" />
		<global opcode="0x11C" name="ai_render_recent_damage" null="true" type="boolean" />
		<global opcode="0x11D" name="ai_render_threats" null="true" type="boolean" />
		<global opcode="0x11E" name="ai_render_emotions" null="true" type="boolean" />
		<global opcode="0x11F" name="ai_render_audibility" null="true" type="boolean" />
		<global opcode="0x120" name="ai_render_aiming_vectors" null="true" type="boolean" />
		<global opcode="0x121" name="ai_render_secondary_looking" null="true" type="boolean" />
		<global opcode="0x122" name="ai_render_targets" null="true" type="boolean" />
		<global opcode="0x123" name="ai_render_targets_last_visible" null="true" type="boolean" />
		<global opcode="0x124" name="ai_render_states" null="true" type="boolean" />
		<global opcode="0x125" name="ai_render_vitality" null="true" type="boolean" />
		<global opcode="0x126" name="ai_render_active_cover_seeking" null="true" type="boolean" />
		<global opcode="0x127" name="ai_render_evaluations" null="true" type="boolean" />
		<global opcode="0x128" name="ai_render_pursuit" null="true" type="boolean" />
		<global opcode="0x129" name="ai_render_shooting" null="true" type="boolean" />
		<global opcode="0x12A" name="ai_render_trigger" null="true" type="boolean" />
		<global opcode="0x12B" name="ai_render_projectile_aiming" null="true" type="boolean" />
		<global opcode="0x12C" name="ai_render_aiming_validity" null="true" type="boolean" />
		<global opcode="0x12D" name="ai_render_speech" null="true" type="boolean" />
		<global opcode="0x12E" name="ai_render_teams" null="true" type="boolean" />
		<global opcode="0x12F" name="ai_render_player_ratings" null="true" type="boolean" />
		<global opcode="0x130" name="ai_render_spatial_effects" null="true" type="boolean" />
		<global opcode="0x131" name="ai_render_firing_positions" null="true" type="boolean" />
		<global opcode="0x132" name="ai_render_gun_positions" null="true" type="boolean" />
		<global opcode="0x133" name="ai_render_burst_geometry" null="true" type="boolean" />
		<global opcode="0x134" name="ai_render_vehicle_avoidance" null="true" type="boolean" />
		<global opcode="0x135" name="ai_render_vehicles_enterable" null="true" type="boolean" />
		<global opcode="0x136" name="ai_render_melee_check" null="true" type="boolean" />
		<global opcode="0x137" name="ai_render_dialogue_variants" null="true" type="boolean" />
		<global opcode="0x138" name="ai_render_grenade_decisions" null="true" type="boolean" />
		<global opcode="0x139" name="ai_render_danger_zones" null="true" type="boolean" />
		<global opcode="0x13A" name="ai_render_charge_decisions" null="true" type="boolean" />
		<global opcode="0x13B" name="ai_render_control" null="true" type="boolean" />
		<global opcode="0x13C" name="ai_render_activation" null="true" type="boolean" />
		<global opcode="0x13D" name="ai_render_paths" null="true" type="boolean" />
		<global opcode="0x13E" name="ai_render_paths_selected_only" null="true" type="boolean" />
		<global opcode="0x13F" name="ai_render_paths_destination" null="true" type="boolean" />
		<global opcode="0x140" name="ai_render_paths_current" null="true" type="boolean" />
		<global opcode="0x141" name="ai_render_paths_failed" null="true" type="boolean" />
		<global opcode="0x142" name="ai_render_paths_raw" null="true" type="boolean" />
		<global opcode="0x143" name="ai_render_paths_smoothed" null="true" type="boolean" />
		<global opcode="0x144" name="ai_render_paths_avoided" null="true" type="boolean" />
		<global opcode="0x145" name="ai_render_paths_avoidance_segment" null="true" type="short" />
		<global opcode="0x146" name="ai_render_paths_avoidance_obstacles" null="true" type="boolean" />
		<global opcode="0x147" name="ai_render_paths_avoidance_search" null="true" type="boolean" />
		<global opcode="0x148" name="ai_render_paths_nodes" null="true" type="boolean" />
		<global opcode="0x149" name="ai_render_paths_nodes_all" null="true" type="boolean" />
		<global opcode="0x14A" name="ai_render_paths_nodes_polygons" null="true" type="boolean" />
		<global opcode="0x14B" name="ai_render_paths_nodes_costs" null="true" type="boolean" />
		<global opcode="0x14C" name="ai_render_paths_nodes_closest" null="true" type="boolean" />
		<global opcode="0x14D" name="ai_render_player_aiming_blocked" null="true" type="boolean" />
		<global opcode="0x14E" name="ai_render_vector_avoidance" null="true" type="boolean" />
		<global opcode="0x14F" name="ai_render_vector_avoidance_rays" null="true" type="boolean" />
		<global opcode="0x150" name="ai_render_vector_avoidance_sense_t" null="true" type="boolean" />
		<global opcode="0x151" name="ai_render_vector_avoidance_avoid_t" null="true" type="boolean" />
		<global opcode="0x152" name="ai_render_vector_avoidance_clear_time" null="true" type="boolean" />
		<global opcode="0x153" name="ai_render_vector_avoidance_weights" null="true" type="boolean" />
		<global opcode="0x154" name="ai_render_vector_avoidance_objects" null="true" type="boolean" />
		<global opcode="0x155" name="ai_render_vector_avoidance_intermediate" null="true" type="boolean" />
		<global opcode="0x156" name="ai_render_postcombat" null="true" type="boolean" />
		<global opcode="0x157" name="ai_print_pursuit_checks" null="true" type="boolean" />
		<global opcode="0x158" name="ai_print_rules" null="true" type="boolean" />
		<global opcode="0x159" name="ai_print_rule_values" null="true" type="boolean" />
		<global opcode="0x15A" name="ai_print_major_upgrade" null="true" type="boolean" />
		<global opcode="0x15B" name="ai_print_respawn" null="true" type="boolean" />
		<global opcode="0x15C" name="ai_print_evaluation_statistics" null="true" type="boolean" />
		<global opcode="0x15D" name="ai_print_communication" null="true" type="boolean" />
		<global opcode="0x15E" name="ai_print_communication_player" null="true" type="boolean" />
		<global opcode="0x15F" name="ai_print_vocalizations" null="true" type="boolean" />
		<global opcode="0x160" name="ai_print_placement" null="true" type="boolean" />
		<global opcode="0x161" name="ai_print_speech" null="true" type="boolean" />
		<global opcode="0x162" name="ai_print_speech_timers" null="true" type="boolean" />
		<global opcode="0x163" name="ai_print_allegiance" null="true" type="boolean" />
		<global opcode="0x164" name="ai_print_lost_speech" null="true" type="boolean" />
		<global opcode="0x165" name="ai_print_migration" null="true" type="boolean" />
		<global opcode="0x166" name="ai_print_automatic_migration" null="true" type="boolean" />
		<global opcode="0x167" name="ai_print_scripting" null="true" type="boolean" />
		<global opcode="0x168" name="ai_print_surprise" null="true" type="boolean" />
		<global opcode="0x169" name="ai_print_command_lists" null="true" type="boolean" />
		<global opcode="0x16A" name="ai_print_damage_modifiers" null="true" type="boolean" />
		<global opcode="0x16B" name="ai_print_secondary_looking" null="true" type="boolean" />
		<global opcode="0x16C" name="ai_print_oversteer" null="true" type="boolean" />
		<global opcode="0x16D" name="ai_print_conversations" null="true" type="boolean" />
		<global opcode="0x16E" name="ai_print_killing_sprees" null="true" type="boolean" />
		<global opcode="0x16F" name="ai_print_acknowledgement" null="true" type="boolean" />
		<global opcode="0x170" name="ai_print_unfinished_paths" null="true" type="boolean" />
		<global opcode="0x171" name="ai_print_bsp_transition" null="true" type="boolean" />
		<global opcode="0x172" name="ai_print_uncovering" null="true" type="boolean" />
		<global opcode="0x173" name="ai_profile_disable" null="true" type="boolean" />
		<global opcode="0x174" name="ai_profile_random" null="true" type="boolean" />
		<global opcode="0x175" name="ai_show" null="true" type="boolean" />
		<global opcode="0x176" name="ai_show_stats" null="true" type="boolean" />
		<global opcode="0x177" name="ai_show_actors" null="true" type="boolean" />
		<global opcode="0x178" name="ai_show_swarms" null="true" type="boolean" />
		<global opcode="0x179" name="ai_show_paths" null="true" type="boolean" />
		<global opcode="0x17A" name="ai_show_line_of_sight" null="true" type="boolean" />
		<global opcode="0x17B" name="ai_show_prop_types" null="true" type="boolean" />
		<global opcode="0x17C" name="ai_show_sound_distance" null="true" type="boolean" />
		<global opcode="0x17D" name="ai_debug_fast_los" null="true" type="boolean" />
		<global opcode="0x17E" name="ai_debug_oversteer_disable" null="true" type="boolean" />
		<global opcode="0x17F" name="ai_debug_evaluate_all_positions" null="true" type="boolean" />
		<global opcode="0x180" name="ai_debug_path" null="true" type="boolean" />
		<global opcode="0x181" name="ai_debug_path_start_freeze" null="true" type="boolean" />
		<global opcode="0x182" name="ai_debug_path_end_freeze" null="true" type="boolean" />
		<global opcode="0x183" name="ai_debug_path_flood" null="true" type="boolean" />
		<global opcode="0x184" name="ai_debug_path_maximum_radius" null="true" type="real" />
		<global opcode="0x185" name="ai_debug_path_attractor" null="true" type="boolean" />
		<global opcode="0x186" name="ai_debug_path_attractor_radius" null="true" type="real" />
		<global opcode="0x187" name="ai_debug_path_attractor_weight" null="true" type="real" />
		<global opcode="0x188" name="ai_debug_path_accept_radius" null="true" type="real" />
		<global opcode="0x189" name="ai_debug_ballistic_lineoffire_freeze" null="true" type="boolean" />
		<global opcode="0x18A" name="ai_debug_communication_random_disabled" null="true" type="boolean" />
		<global opcode="0x18B" name="ai_debug_communication_timeout_disabled" null="true" type="boolean" />
		<global opcode="0x18C" name="ai_debug_communication_unit_repeat_disabled" null="true" type="boolean" />
		<global opcode="0x18D" name="ai_debug_communication_focus_enable" null="true" type="boolean" />
		<global opcode="0x18E" name="ai_debug_blind" null="true" type="boolean" />
		<global opcode="0x18F" name="ai_debug_deaf" null="true" type="boolean" />
		<global opcode="0x190" name="ai_debug_invisible_player" null="true" type="boolean" />
		<global opcode="0x191" name="ai_debug_ignore_player" null="true" type="boolean" />
		<global opcode="0x192" name="ai_debug_flee_always" null="true" type="boolean" />
		<global opcode="0x193" name="ai_debug_force_all_active" null="true" type="boolean" />
		<global opcode="0x194" name="ai_debug_disable_wounded_sounds" null="true" type="boolean" />
		<global opcode="0x195" name="ai_debug_force_vocalizations" null="true" type="boolean" />
		<global opcode="0x196" name="ai_debug_force_crouch" null="true" type="boolean" />
		<global opcode="0x197" name="ai_debug_path_disable_smoothing" null="true" type="boolean" />
		<global opcode="0x198" name="ai_debug_path_disable_obstacle_avoidance" null="true" type="boolean" />
		<global opcode="0x199" name="ai_fix_defending_guard_firing_positions" null="true" type="boolean" />
		<global opcode="0x19A" name="ai_fix_actor_variants" null="true" type="boolean" />
		<global opcode="0x19B" name="controls_enable_crouch" type="boolean" />
		<global opcode="0x19C" name="controls_swapped" type="boolean" />
		<global opcode="0x19D" name="controls_enable_doubled_spin" type="boolean" />
		<global opcode="0x19E" name="controls_swap_doubled_spin_state" type="boolean" />
		<global opcode="0x19F" name="player0_look_yaw_rate" type="real" />
		<global opcode="0x1A0" name="player1_look_yaw_rate" type="real" />
		<global opcode="0x1A1" name="player2_look_yaw_rate" type="real" />
		<global opcode="0x1A2" name="player3_look_yaw_rate" type="real" />
		<global opcode="0x1A3" name="player0_look_pitch_rate" type="real" />
		<global opcode="0x1A4" name="player1_look_pitch_rate" type="real" />
		<global opcode="0x1A5" name="player2_look_pitch_rate" type="real" />
		<global opcode="0x1A6" name="player3_look_pitch_rate" type="real" />
		<global opcode="0x1A7" name="player_autoaim" type="boolean" />
		<global opcode="0x1A8" name="player_magnetism" type="boolean" />
		<global opcode="0x1A9" name="debug_player_teleport" null="true" type="boolean" />
		<global opcode="0x1AA" name="texture_cache_graph" null="true" type="boolean" />
		<global opcode="0x1AB" name="texture_cache_list" null="true" type="boolean" />
		<global opcode="0x1AC" name="director_camera_switch_fast" type="boolean" />
		<global opcode="0x1AD" name="debug_recording" null="true" type="boolean" />
		<global opcode="0x1AE" name="debug_recording_newlines" null="true" type="short" />
		<global opcode="0x1AF" name="debug_player_color" null="true" type="short" />
		<global opcode="0x1B0" name="debug_framerate" type="boolean" />
		<global opcode="0x1B1" name="display_framerate" type="boolean" />
		<global opcode="0x1B2" name="display_vblank_deltas" type="boolean" />
		<global opcode="0x1B3" name="framerate_throttle" type="boolean" />
		<global opcode="0x1B4" name="framerate_lock" type="boolean" />
		<global opcode="0x1B5" name="display_precache_progress" type="boolean" />
		<global opcode="0x1B6" name="debug_game_save" type="boolean" />
		<global opcode="0x1B7" name="allow_out_of_sync" type="boolean" />
		<global opcode="0x1B8" name="global_connection_dont_timeout" type="boolean" />
		<global opcode="0x1B9" name="find_all_fucked_up_shit" type="boolean" />
		<global opcode="0x1BA" name="run_game_scripts" null="true" type="boolean" />
		<global opcode="0x1BB" name="dynamic_difficulty_enabled" type="boolean" />
	</globals>
</BlamScript>
