﻿<?xml version="1.0" encoding="utf-8"?>
<symbols>
	<!-- To add a new locale symbol, just add it's hex value, and then it's friendly name -->

	<symbol code="0xEE8480" display="_a-button" />
	<symbol code="0xEE8481" display="_b-button" />
	<symbol code="0xEE8482" display="_x-button" />
	<symbol code="0xEE8483" display="_y-button" />
	<symbol code="0xEE8484" display="_black-button" />
	<symbol code="0xEE8485" display="_white-button" />
	<symbol code="0xEE8486" display="_left-trigger" />
	<symbol code="0xEE8487" display="_right-trigger" />
	<symbol code="0xEE8488" display="_dpad-up" />
	<symbol code="0xEE8489" display="_dpad-down" />
	<symbol code="0xEE848A" display="_dpad-left" />
	<symbol code="0xEE848B" display="_dpad-right" />
	<symbol code="0xEE848C" display="_start-button" />
	<symbol code="0xEE848D" display="_back-button" />
	<symbol code="0xEE848E" display="_left-thumb" />
	<symbol code="0xEE848F" display="_right-thumb" />

	<symbol code="0xEE8490" display="_left-stick" />
	<symbol code="0xEE8491" display="_right-stick" />
	<symbol code="0xEE8492" display="_battle_rifle" />
	<symbol code="0xEE8493" display="_bomb" />
	<symbol code="0xEE8494" display="_brute_shot" />
	<symbol code="0xEE8495" display="_carbine" />
	<symbol code="0xEE8496" display="_flag" />
	<symbol code="0xEE8497" display="_flak_cannon" />
	<symbol code="0xEE8498" display="_flamethrower" />
	<symbol code="0xEE8499" display="_fuel_rod" />
	<symbol code="0xEE849A" display="_magnum" />
	<symbol code="0xEE849B" display="_needler" />
	<symbol code="0xEE849C" display="_oddball" />
	<symbol code="0xEE849D" display="_plasma_pistol" />
	<symbol code="0xEE849E" display="_plasma_rifle" />
	<symbol code="0xEE849F" display="_plasma_sword" />

	<symbol code="0xEE84A0" display="_rocket_launcher" />
	<symbol code="0xEE84A1" display="_shotgun" />
	<symbol code="0xEE84A2" display="_smg" />
	<symbol code="0xEE84A3" display="_sniper" />
	<symbol code="0xEE84A4" display="_beam_rifle" />
	<symbol code="0xEE84A5" display="_disintegrator" />
	<symbol code="0xEE84A6" display="_sentinel_beam_weapon" />
	<symbol code="0xEE84A7" display="_sentinel_needle_weapon" />
	<symbol code="0xEE84A8" display="_sentinel_grenade_weapon" />
	<symbol code="0xEE84A9" display="_sentinel_charge_weapon" />
	<symbol code="0xEE84AA" display="_brute_plasma_rifle" />
	<symbol code="0xEE84AB" display="_silenced_smg" />

	<symbol code="0xEE84B2" display="_keyboard_button_background0" />
	<symbol code="0xEE84B3" display="_keyboard_button_background1" />
	<symbol code="0xEE84B4" display="_keyboard_button_background2" />
	<symbol code="0xEE84B5" display="_keyboard_button_background3" />
	<symbol code="0xEE84B6" display="_footer_button_bg0_normal" />
	<symbol code="0xEE84B7" display="_footer_button_bg1_normal" />
	<symbol code="0xEE84B8" display="_footer_button_bg2_normal" />
	<symbol code="0xEE84B9" display="_footer_button_bg0_hovered" />
	<symbol code="0xEE84BA" display="_footer_button_bg1_hovered" />
	<symbol code="0xEE84BB" display="_footer_button_bg2_hovered" />
	<symbol code="0xEE84BC" display="_gold-only" />
	
	<symbol code="0xEE9088" display="_mapname" />
	<symbol code="0xEE9089" display="_gametype" />
	<symbol code="0xEE908A" display="_variant" />
	<symbol code="0xEE908B" display="_motion_sensor_enabled" />
	<symbol code="0xEE908C" display="_teams_enabled" />
	<symbol code="0xEE908D" display="_vehicle_set" />
	<symbol code="0xEE908E" display="_weapon_set" />
	<symbol code="0xEE908F" display="_player0_profile_name" />
	
	<symbol code="0xEE9090" display="_player1_profile_name" />
	<symbol code="0xEE9091" display="_player2_profile_name" />
	<symbol code="0xEE9092" display="_player3_profile_name" />
	<symbol code="0xEE9093" display="_countdown" />
	<symbol code="0xEE9094" display="_name_of_last_person_to_delay_countdown" />
	<symbol code="0xEE9095" display="_build_number" />
	<symbol code="0xEE9096" display="_leader" />
	<symbol code="0xEE9097" display="_qprs" />
	<symbol code="0xEE9098" display="_qprr" />
	<symbol code="0xEE9099" display="_qpimi" />
	<symbol code="0xEE909A" display="_qpime" />
	<symbol code="0xEE909B" display="_qbwd" />
	<symbol code="0xEE909C" display="_qbwu" />
	<symbol code="0xEE909D" display="_qmaxm" />
	<symbol code="0xEE909E" display="_qnat" />
	<symbol code="0xEE909F" display="_active_multiplayer_protocol" />
	
	<symbol code="0xEE90A0" display="_live_ui_driver_gamertag" />
	<symbol code="0xEE90A2" display="_hud_quantity" />
	<symbol code="0xEE90A3" display="_ge_round_time_left" />
	<symbol code="0xEE90A4" display="_target_player_gamertag" />
	<symbol code="0xEE90A5" display="_game_player_count" />
	<symbol code="0xEE90A6" display="_coop_level_name" />
	<symbol code="0xEE90A7" display="_coop_level_description" />
	<symbol code="0xEE90A8" display="_coop_difficulty" />
	<symbol code="0xEE90A9" display="_player0_gamertag" />
	<symbol code="0xEE90AA" display="_player1_gamertag" />
	<symbol code="0xEE90AB" display="_player2_gamertag" />
	<symbol code="0xEE90AC" display="_player3_gamertag" />
	<symbol code="0xEE90AD" display="_hud_scoreboard_player_score" />
	<symbol code="0xEE90AE" display="_hud_scoreboard_other_player_score" />
	<symbol code="0xEE90AF" display="_hud_scoreboard_variant_name" />

	<symbol code="0xEE90B0" display="_hud_scoreboard_time_left" />
	<symbol code="0xEE90B1" display="_edit_player_profile_name" />
	<symbol code="0xEE90B2" display="_qebw" />
	<symbol code="0xEE90B3" display="_player_profile_blocks" />
	<symbol code="0xEE90B4" display="_game_variant_blocks" />
	<symbol code="0xEE90B5" display="_playlist_blocks" />
	<symbol code="0xEE90B6" display="_saved_film_blocks" />
	<symbol code="0xEE90B7" display="_target_player_clan_name" />
	<symbol code="0xEE90BA" display="_hopper_name" />
	<symbol code="0xEE90BB" display="_hopper_description" />
	<symbol code="0xEE90BE" display="_hour_12" />
	<symbol code="0xEE90BF" display="_hour_24" />
	
	<symbol code="0xEE9180" display="_minute" />
	<symbol code="0xEE9181" display="_day" />
	<symbol code="0xEE9182" display="_month" />
	<symbol code="0xEE9183" display="_year" />
	<symbol code="0xEE9184" display="_saved_game_size" />
	<symbol code="0xEE9185" display="_total_minimal_storage_blocks" />
	<symbol code="0xEE9186" display="_button_jump" />
	<symbol code="0xEE9187" display="_button_switch_grenade" />
	<symbol code="0xEE9188" display="_button_action_reload" />
	<symbol code="0xEE9189" display="_button_switch_weapon" />
	<symbol code="0xEE918A" display="_button_melee_attack" />
	<symbol code="0xEE918B" display="_button_flashlight" />
	<symbol code="0xEE918C" display="_button_throw_grenade" />
	<symbol code="0xEE918D" display="_button_fire" />
	<symbol code="0xEE918E" display="_button_start" />
	<symbol code="0xEE918F" display="_button_back" />
	
	<symbol code="0xEE9190" display="_button_crouch" />
	<symbol code="0xEE9191" display="_button_scope_zoom" />
	<symbol code="0xEE9192" display="_button_scope_zoom_in" />
	<symbol code="0xEE9193" display="_button_scope_zoom_out" />
	<symbol code="0xEE9194" display="_button_lean_left" />
	<symbol code="0xEE9195" display="_button_lean_right" />
	<symbol code="0xEE9196" display="_button_accept" />
	<symbol code="0xEE9197" display="_button_cancel" />
	<symbol code="0xEE9198" display="_button_trick" />
	<symbol code="0xEE9199" display="_button_brake" />
	<symbol code="0xEE919A" display="_button_pickup_weapon" />
	<symbol code="0xEE919B" display="_button_take_weapon" />
	<symbol code="0xEE919C" display="_button_speed_boost" />
	<symbol code="0xEE919E" display="_button_banshee_bomb" />
	<symbol code="0xEE919F" display="_button_stealth" />
	
	<symbol code="0xEE91A0" display="_button_chat" />
	<symbol code="0xEE91A1" display="_button_touch_device" />
	<symbol code="0xEE91A6" display="_button_flip_vehicle" />
	<symbol code="0xEE91A7" display="_button_enter_vehicle" />
	<symbol code="0xEE91A8" display="_button_board_vehicle" />
	<symbol code="0xEE91A9" display="_button_evict_from_vehicle" />
	<symbol code="0xEE91AA" display="_button_pickup_dual_wield" />
	<symbol code="0xEE91AB" display="_button_move_forward" />
	<symbol code="0xEE91AC" display="_button_move_backward" />
	<symbol code="0xEE91AD" display="_button_strafe_left" />
	<symbol code="0xEE91AE" display="_button_strafe_right" />
	<symbol code="0xEE91AF" display="_button_yaw_left" />
	
	<symbol code="0xEE91B0" display="_button_yaw_right" />
	<symbol code="0xEE91B1" display="_button_pitch_forward" />
	<symbol code="0xEE91B2" display="_button_pitch_backward" />
	<symbol code="0xEE91B3" display="_stick_move" />
	<symbol code="0xEE91B4" display="_stick_look" />
	<symbol code="0xEE91B5" display="_hud_betraying_player" />
	<symbol code="0xEE91B6" display="_animating_left_thumbstick" />
	<symbol code="0xEE91B7" display="_animating_right_thumbstick" />
	<symbol code="0xEE91B8" display="_matchmaking_countdown" />
	<symbol code="0xEE91B9" display="_new-content" />
	<symbol code="0xEE91BA" display="_map_load_percent" />
	<symbol code="0xEE91BB" display="_button_dual_fire" />
	<symbol code="0xEE91BC" display="_button_verb1" />
	<symbol code="0xEE91BD" display="_button_verb2" />
	<symbol code="0xEE91BE" display="_button_verb3" />
	<symbol code="0xEE91BF" display="_button_verb4" />
	
	<symbol code="0xEE9280" display="_training_looklong_grouping" />
	<symbol code="0xEE9281" display="_training_looklongH_grouping" />
	<symbol code="0xEE9282" display="_training_move_grouping" />
	<symbol code="0xEE9283" display="_training_moveURL_grouping" />
	<symbol code="0xEE9286" display="_grouping_EOS" />
	<symbol code="0xEE9287" display="_looklong_grouping_nested" />
	<symbol code="0xEE9288" display="_move_grouping_nested" />
	<symbol code="0xEE9289" display="_map-download-percent" />
	<symbol code="0xEE928A" display="_proposer" />
	<symbol code="0xEE928B" display="_yes_votes" />
	<symbol code="0xEE928C" display="_no_votes" />
	<symbol code="0xEE928D" display="_vote_booted" />
	<symbol code="0xEE928E" display="_vote_timer" />
	<symbol code="0xEE928F" display="_vote_variant" />
	
	<symbol code="0xEE9290" display="_vote_mapname" />
	<symbol code="0xEE9291" display="_pending_votes" />
	<symbol code="0xEE9292" display="_resolution_change_seconds_remaining" />
</symbols>