﻿<?xml version="1.0" encoding="utf-8"?>
<layouts>
	<layout for="header" size="0x800">
		<uint32 name="file size" offset="0x8" />
		<uint32 name="meta offset" offset="0x10" />
		<uint32 name="meta size" offset="0x14" />

		<asciiz name="internal name" offset="0x20" />
		<asciiz name="build string" offset="0x40" />

		<uint16 name="type" offset="0x60" />

		<!-- checksum used isn't supported
		<uint32 name="checksum" offset="0x64" />
		-->

	</layout>

	<layout for="meta header" size="0x38">
		<int64 name="tag table offset" offset="0x0" />
		<int32 name="scenario datum index" offset="0x8" />
		<int32 name="checksum" offset="0xC" />
		<int32 name="number of tags" offset="0x10" />
		<int32 name="number of vertices" offset="0x14" />
		<int64 name="vertices offset" offset="0x18" />
		<int32 name="number of indices" offset="0x20" />
		<int64 name="indices offset" offset="0x28" />
		<int32 name="model data size" offset="0x30" />
		<int32 name="magic" offset="0x34" />
	</layout>

	<layout for="tag element" size="0x28">
		<int32 name="tag group magic" offset="0x0" />
		<int32 name="parent group magic" offset="0x4" />
		<int32 name="grandparent group magic" offset="0x8" />
		<int32 name="datum index" offset="0xC" />
		<int64 name="name offset" offset="0x10" />
		<int64 name="offset" offset="0x18" />
		<int32 name="is in data file" offset="0x20" />
		<int32 name="pad_2" offset="0x24" />
	</layout>

	<layout for="bsp header" size="0x2C">
		<int64 name="bsp address" offset="0x0" />
		<int32 name="magic" offset="0x28" />
	</layout>

	<layout for="tag block" size="0x14">
		<int32 name="entry count" offset="0x0" />
		<uint64 name="pointer" offset="0x4" />
		<uint32 name="block definition" offset="0xC" />
	</layout>

	<layout for="tag reference" size="0x14">
		<int32 name="tag group magic" offset="0x0" />
		<uint64 name="name" offset="0x4" />
		<uint32 name="name length" offset="0xC" />
		<uint32 name="datum index" offset="0x10" />
	</layout>

	<layout for="data reference" size="0x1C">
		<int32 name="size" offset="0x0" />
		<uint32 name="flags" offset="0x4" />
		<uint32 name="stream position" offset="0x8" />
		<uint64 name="pointer" offset="0xC" />
	</layout>
</layouts>
