﻿<poking>
	<!-- To add a new build, just add the version number, and then depending on the game, the following;
	
				For engines that use a single pointer to the map header and the magic value just beyond:
				headerPointer       - The location of a pointer for a buffer containing the map header and magic. The offset (subtracting the header size) to the magic should be added to Engines.xml
				
				For engines where the above does not apply and the map header and magic are not pointers:
				headerAddress       - The location of the map header.
				magicAddress        - The location of the magic value to convert map addresses to runtime addresses.
				magicOffset         - The location inside headerAddress of the magic value to convert map addresses to runtime addresses. Should never change.
				sharedMagicAddress  - The location of the magic value to convert shared map addresses to runtime addresses. For Second Generation.
				
				For Halo Online, none of the above applies; the version name should be the product version rather than file version, where available.
				versionString				- The build string of your version. Should match the string read from the below address. Only needed when version meta doesn't exist.
				versionAddress			- The address to the build string within the exe. Early HO builds didn't store version information, so this is used to find the right version.
				lastTagIndex				- The location of the index for the last tag, used to sanity check you are editing a valid tag.
				indexArrayPointer   - Pointer to the tag address index table. Used to get the offset into the address table for the tag's address.
				addressArrayPointer	- Pointer to the tag address table.-->

	<version name="1.106708" versionString="1.106708 cert_ms23" versionAddress="0x124F7E0" lastTagIndex="0x1EAB008" indexArrayPointer="0x1EAAFFC" addressArrayPointer="0x1EAAFF8" />
	<version name="1.155080" versionString="1.155080 cert_ms23" versionAddress="0xD50658" lastTagIndex="0x3C9D980" indexArrayPointer="0x3C9D974" addressArrayPointer="0x3C9D970" />
	<version name="1.171227" versionString="1.171227 cert_ms23" versionAddress="0xD50C58" lastTagIndex="0x3C9E980" indexArrayPointer="0x3C9E974" addressArrayPointer="0x3C9E970" />
	<version name="1.177150" versionString="1.177150 cert_ms23" versionAddress="0xD50870" lastTagIndex="0x3C9D980" indexArrayPointer="0x3C9D974" addressArrayPointer="0x3C9D970" />
	<version name="1.235640" versionString="1.235640 cert_ms25" versionAddress="0xD4A48C" lastTagIndex="0x3CD44A8" indexArrayPointer="0x3CD449C" addressArrayPointer="0x3CD4498" />

	<version name="0.0.1.301003" lastTagIndex="0x3D098E0" indexArrayPointer="0x3D098D4" addressArrayPointer="0x3D098D0" />
	<version name="0.4.1.332089" lastTagIndex="0x3D098E0" indexArrayPointer="0x3D09854" addressArrayPointer="0x3D09850" />
	<version name="8.1.373869" lastTagIndex="0x3E61B60" indexArrayPointer="0x3E61B54" addressArrayPointer="0x3E61B50" />
	<version name="9.1.416138" lastTagIndex="0x3E61BE0" indexArrayPointer="0x3E61BD4" addressArrayPointer="0x3E61BD0" />
	<version name="10.1.430653" lastTagIndex="0x3E6BA58" indexArrayPointer="0x3E6BA4C" addressArrayPointer="0x3E6BA48" />
	<version name="10.1.454665" lastTagIndex="0x3E6BAD8" indexArrayPointer="0x3E6BACC" addressArrayPointer="0x3E6BAC8" />
	<version name="10.1.479394" lastTagIndex="0x3E77AD8" indexArrayPointer="0x3E77ACC" addressArrayPointer="0x3E77AC8" />
	<version name="11.1.498295" lastTagIndex="0x3ED68E8" indexArrayPointer="0x3ED68DC" addressArrayPointer="0x3ED68D8" />
	<version name="11.1.530945" lastTagIndex="0x3EDDD68" indexArrayPointer="0x3EDDD5C" addressArrayPointer="0x3EDDD58" />
	<version name="11.1.533032" lastTagIndex="0x3EDDCE8" indexArrayPointer="0x3EDDCDC" addressArrayPointer="0x3EDDCD8" />
	<version name="11.1.554482" lastTagIndex="0x3EDDD68" indexArrayPointer="0x3EDDD5C" addressArrayPointer="0x3EDDD58" />
	<version name="11.1.571698" lastTagIndex="0x3EDDCE8" indexArrayPointer="0x3EDDCDC" addressArrayPointer="0x3EDDCD8" />
	<version name="11.1.604673" lastTagIndex="0x3EDDCE8" indexArrayPointer="0x3EDDCDC" addressArrayPointer="0x3EDDCD8" />

	<!-- index and address should be 0x2B48008 and 0x2B8C5C8 but for this last build they changed it up and its easier to point to code that references the addresses. -->
	<version name="12.1.700255" lastTagIndex="0x2C10B90" indexArrayPointer="0x503F6" addressArrayPointer="0x50406" />
</poking>