﻿<?xml version="1.0" encoding="utf-8"?>
<symbols>
	<!-- To add a new locale symbol, just add it's hex value, and then it's friendly name -->

	<symbol code="0x07" display="_variable" />

	<symbol code="0xEE8086" display="_friends_icon" />
	<symbol code="0xEE8088" display="_lock" />
	<symbol code="0xEE80B3" display="_medal_spree" />
	<symbol code="0xEE80B4" display="_skull_thunderstorm" />
	<symbol code="0xEE80B5" display="_skull_famine" />
	<symbol code="0xEE80B6" display="_equipment_sprint" />
	<symbol code="0xEE80B7" display="_equipment_hologram" />
	<symbol code="0xEE80B8" display="_equipment_evade" />
	<symbol code="0xEE80B9" display="_skull_blackeye" />

	<symbol code="0xEE8180" display="_skull_toughluck" />
	<symbol code="0xEE8181" display="_skull_iron" />
	<symbol code="0xEE8182" display="_equipment_cloak" />
	<symbol code="0xEE8183" display="_equipment_jet_pack" />
	<symbol code="0xEE8184" display="_medal_snipe_kill" />
	<symbol code="0xEE8185" display="_medal_vehi_spree" />
	<symbol code="0xEE8186" display="_equipment_cover" />
	<symbol code="0xEE8187" display="_medal_behind_kill" />
	<symbol code="0xEE8188" display="_medal_sticky_kill" />
	<symbol code="0xEE8189" display="_medal_flag_carrier_kill" />
	<symbol code="0xEE8190" display="_medal_ball_carrier_kill" />
	<symbol code="0xEE8191" display="_medal_bomb_carrier_kill" />
	<symbol code="0xEE8192" display="_medal_vehi_kill" />
	<symbol code="0xEE8193" display="_medal_hijack" />
	<symbol code="0xEE8194" display="_medal_gold_flag" />
	<symbol code="0xEE8195" display="_medal_gold_bomb" />
	<symbol code="0xEE8196" display="_medal_flag_score" />
	<symbol code="0xEE8197" display="_medal_bomb_score" />
	<symbol code="0xEE8198" display="_medal_flag_return" />
	<symbol code="0xEE8199" display="_medal_bomb_return" />
	<symbol code="0xEE81A0" display="_medal_question_mark" />
	<symbol code="0xEE81A1" display="_medal_question_mark2" />
	<symbol code="0xEE81A2" display="_medal_question_mark3" />
	<symbol code="0xEE81A3" display="_medal_question_mark4" />
	<symbol code="0xEE81A4" display="_medal_question_mark5" />
	<symbol code="0xEE81A6" display="_right_arrow1" />
	<symbol code="0xEE81A7" display="_right_arrow2" />
	<symbol code="0xEE81A8" display="_dual_smg" />
	<symbol code="0xEE81A9" display="_dual_spike_rifle" />
	<symbol code="0xEE81B0" display="_dual_excavator" />
	<symbol code="0xEE81B1" display="_dual_magnum" />
	<symbol code="0xEE81B2" display="_dual_plasma_pistol" />
	<symbol code="0xEE81B3" display="_dual_plasma_rifle" />
	<symbol code="0xEE81B4" display="_smg_silenced" />
	<symbol code="0xEE81B5" display="_unic_7star" />
	<symbol code="0xEE81B6" display="_unic_crosshair" />
	<symbol code="0xEE81B7" display="_human_core" />
	<symbol code="0xEE81B8" display="_plasma_cannon" />
	<symbol code="0xEE81B9" display="_msp" />

	<symbol code="0xEE8280" display="_unic_crown" />
	<symbol code="0xEE8281" display="_unic_thumbup" />
	<symbol code="0xEE8282" display="_unic_thumbdown" />
	<symbol code="0xEE8283" display="_arrow_updown" />
	<symbol code="0xEE8284" display="_unic_ball" />
	<symbol code="0xEE8285" display="_unic_bomb" />
	<symbol code="0xEE8286" display="_unic_flagup" />
	<symbol code="0xEE8287" display="_unic_bombup" />
	<symbol code="0xEE8288" display="_unic_flagdown" />
	<symbol code="0xEE8289" display="_unic_bombdown" />
	<symbol code="0xEE8290" display="_unic_flagorb" />
	<symbol code="0xEE8291" display="_unic_bomborb" />

	<symbol code="0xEE8480" display="_a_button" />
	<symbol code="0xEE8481" display="_b_button" />
	<symbol code="0xEE8482" display="_x_button" />
	<symbol code="0xEE8483" display="_y_button" />
	<symbol code="0xEE8484" display="_left_bumper" />
	<symbol code="0xEE8485" display="_right_bumper" />
	<symbol code="0xEE8486" display="_left_trigger" />
	<symbol code="0xEE8487" display="_right_trigger" />
	<symbol code="0xEE8488" display="_dpad_up" />
	<symbol code="0xEE8489" display="_dpad_down" />
	<symbol code="0xEE848A" display="_dpad_left" />
	<symbol code="0xEE848B" display="_dpad_right" />
	<symbol code="0xEE848C" display="_start_button" />
	<symbol code="0xEE848D" display="_back_button" />
	<symbol code="0xEE848E" display="_left_thumb" />
	<symbol code="0xEE848F" display="_right_thumb" />

	<symbol code="0xEE8490" display="_left_stick" />
	<symbol code="0xEE8491" display="_right_stick" />
	<symbol code="0xEE8492" display="_assault_rifle" />
	<symbol code="0xEE8493" display="_ball" />
	<symbol code="0xEE8494" display="_battle_rifle" />
	<symbol code="0xEE8495" display="_bomb" />
	<symbol code="0xEE8496" display="_brute_shot" />
	<symbol code="0xEE8497" display="_carbine" />
	<symbol code="0xEE8498" display="_claymore_grenade" />
	<symbol code="0xEE8499" display="_energy_sword" />
	<symbol code="0xEE849A" display="_excavator" />
	<symbol code="0xEE849B" display="_firebomb_grenade" />
	<symbol code="0xEE849C" display="_flag" />
	<symbol code="0xEE849D" display="_flamethrower" />
	<symbol code="0xEE849E" display="_frag_grenade" />
	<symbol code="0xEE849F" display="_fuel_rod_gun" />

	<symbol code="0xEE84A0" display="_gravity_hammer" />
	<symbol code="0xEE84A1" display="_guardian_eye_beam" />
	<symbol code="0xEE84A2" display="_machinegun_turret" />
	<symbol code="0xEE84A3" display="_magnum" />
	<symbol code="0xEE84A4" display="_missile_launcher" />
	<symbol code="0xEE84A5" display="_needler" />
	<symbol code="0xEE84A6" display="_particle_beam_rifle" />
	<symbol code="0xEE84A7" display="_plasma_grenade" />
	<symbol code="0xEE84A8" display="_plasma_mortar_turret" />
	<symbol code="0xEE84A9" display="_plasma_pistol" />
	<symbol code="0xEE84AA" display="_plasma_rifle" />
	<symbol code="0xEE84AB" display="_plasma_turret" />
	<symbol code="0xEE84AC" display="_pump_laser" />
	<symbol code="0xEE84AD" display="_rocket_launcher" />
	<symbol code="0xEE84AE" display="_sentinel_beam" />
	<symbol code="0xEE84AF" display="_shotgun" />

	<symbol code="0xEE84B0" display="_smg" />
	<symbol code="0xEE84B1" display="_sniper_rifle" />
	<symbol code="0xEE84B2" display="_spike_rifle" />
	<symbol code="0xEE84B3" display="_button_left_thumb_a" />
	<symbol code="0xEE84B4" display="_button_left_thumb_b" />
	<symbol code="0xEE84B5" display="_button_left_thumb_c" />
	<symbol code="0xEE84B6" display="_button_right_thumb_a" />
	<symbol code="0xEE84B7" display="_button_right_thumb_b" />
	<symbol code="0xEE84B8" display="_button_right_thumb_c" />

	<symbol code="0xEE908B" display="_mapname" />
	<symbol code="0xEE908D" display="_variant" />
	<symbol code="0xEE908E" display="_motion_sensor_enabled" />
	<symbol code="0xEE908F" display="_teams_enabled" />
	<symbol code="0xEE9090" display="_vehicle_set" />
	<symbol code="0xEE9091" display="_weapon_set" />
	<symbol code="0xEE9092" display="_player0_profile_name" />
	<symbol code="0xEE9093" display="_player1_profile_name" />
	<symbol code="0xEE9094" display="_player2_profile_name" />
	<symbol code="0xEE9095" display="_player3_profile_name" />
	<symbol code="0xEE9096" display="_countdown" />
	<symbol code="0xEE9097" display="_name_of_last_person_to_delay_countdown" />
	<symbol code="0xEE9098" display="_build_number" />
	<symbol code="0xEE9099" display="_leader" />
	<symbol code="0xEE909A" display="_qprs" />
	<symbol code="0xEE909B" display="_qprr" />
	<symbol code="0xEE909C" display="_qpimi" />
	<symbol code="0xEE909D" display="_qpime" />
	<symbol code="0xEE909E" display="_qbwd" />
	<symbol code="0xEE909F" display="_qbwu" />

	<symbol code="0xEE90A0" display="_qnat" />
	<symbol code="0xEE90A1" display="_var_unk_num8" />
	<symbol code="0xEE90A4" display="_hud_quantity" />
	<symbol code="0xEE90A5" display="_ge_round_time_left" />
	<symbol code="0xEE90A6" display="_target_player_gamertag" />
	<symbol code="0xEE90A7" display="_game_player_count" />
	<symbol code="0xEE90A8" display="_coop_level_name" />
	<symbol code="0xEE90A9" display="_coop_level_description" />
	<symbol code="0xEE90AA" display="_coop_difficulty" />
	<symbol code="0xEE90AB" display="_player0_gamertag" />
	<symbol code="0xEE90AC" display="_player1_gamertag" />
	<symbol code="0xEE90AD" display="_player2_gamertag" />
	<symbol code="0xEE90AE" display="_player3_gamertag" />
	<symbol code="0xEE90AF" display="_hud_scoreboard_player_score" />

	<symbol code="0xEE90B0" display="_hud_scoreboard_other_player_score" />
	<symbol code="0xEE90B1" display="_hud_scoreboard_variant_name" />
	<symbol code="0xEE90B2" display="_hud_scoreboard_time_left" />
	<symbol code="0xEE90B4" display="_qebw" />
	<symbol code="0xEE90B8" display="_hopper_name" />
	<symbol code="0xEE90B9" display="_hopper_description" />
	<symbol code="0xEE90BC" display="_hour_12" />
	<symbol code="0xEE90BD" display="_hour_24" />
	<symbol code="0xEE90BE" display="_minute" />
	<symbol code="0xEE90BF" display="_day" />

	<symbol code="0xEE9180" display="_month" />
	<symbol code="0xEE9181" display="_year" />
	<symbol code="0xEE9182" display="_button_jump" />
	<symbol code="0xEE9183" display="_button_switch_grenade" />
	<symbol code="0xEE9184" display="_button_switch_weapon" />
	<symbol code="0xEE9185" display="_button_action_reload" />
	<symbol code="0xEE9186" display="_button_action_generic" />
	<symbol code="0xEE9187" display="_button_action_weapon_primary" />
	<symbol code="0xEE9188" display="_button_melee_attack" />
	<symbol code="0xEE9189" display="_button_equipment" />
	<symbol code="0xEE918A" display="_button_throw_grenade" />
	<symbol code="0xEE918B" display="_button_fire" />
	<symbol code="0xEE918C" display="_button_crouch" />
	<symbol code="0xEE918D" display="_button_scope_zoom" />
	<symbol code="0xEE918E" display="_button_dual_fire" />
	<symbol code="0xEE918F" display="_button_fire_secondary" />

	<symbol code="0xEE9190" display="_button_fire_tertiary" />
	<symbol code="0xEE9191" display="_button_vehicle_trick_primary" />
	<symbol code="0xEE9192" display="_button_vehicle_trick_secondary" />
	<symbol code="0xEE9193" display="_button_action_weapon_secondary" />
	<symbol code="0xEE9194" display="_button_radio_message" />
	<symbol code="0xEE9195" display="_button_start" />
	<symbol code="0xEE9196" display="_button_back" />
	<symbol code="0xEE9197" display="_button_lean_left" />
	<symbol code="0xEE9198" display="_button_lean_right" />
	<symbol code="0xEE9199" display="_button_flashlight" />
	<symbol code="0xEE919A" display="_button_accept" />
	<symbol code="0xEE919B" display="_button_cancel" />
	<symbol code="0xEE919C" display="_button_push_to_talk" />
	<symbol code="0xEE919D" display="_button_requisition_menu" />
	<symbol code="0xEE919E" display="_button_loadout_menu" />
	<symbol code="0xEE919F" display="_stick_move" />

	<symbol code="0xEE91A0" display="_stick_look" />
	<symbol code="0xEE91A1" display="_hud_betraying_player" />
	<symbol code="0xEE91A2" display="_animating_left_thumbstick" />
	<symbol code="0xEE91A3" display="_animating_right_thumbstick" />
	<symbol code="0xEE91A4" display="_matchmaking_countdown" />
	<symbol code="0xEE91A6" display="_map_load_percent" />
</symbols>