﻿<?xml version="1.0" encoding="utf-8"?>
<symbols>
	<!-- To add a new locale symbol, just add it's hex value, and then it's friendly name -->

	<symbol unicode="0xE100" display="a-button" usesFunction="false" />
	<symbol unicode="0xE101" display="b-button" usesFunction="false" />
	<symbol unicode="0xE102" display="x-button" usesFunction="false" />
	<symbol unicode="0xE103" display="y-button" usesFunction="false" />
	<symbol unicode="0xE104" display="black-button" usesFunction="false" />
	<symbol unicode="0xE105" display="white-button" usesFunction="false" />
	<symbol unicode="0xE106" display="left-trigger" usesFunction="false" />
	<symbol unicode="0xE107" display="right-trigger" usesFunction="false" />
	<symbol unicode="0xE108" display="dpad-up" usesFunction="false" />
	<symbol unicode="0xE109" display="dpad-down" usesFunction="false" />
	<symbol unicode="0xE10A" display="dpad-left" usesFunction="false" />
	<symbol unicode="0xE10B" display="dpad-right" usesFunction="false" />
	<symbol unicode="0xE10C" display="start-button" usesFunction="false" />
	<symbol unicode="0xE10D" display="back-button" usesFunction="false" />
	<symbol unicode="0xE10E" display="left-thumb" usesFunction="false" />
	<symbol unicode="0xE10F" display="right-thumb" usesFunction="false" />
	<symbol unicode="0xE110" display="left-stick" usesFunction="false" />
	<symbol unicode="0xE111" display="right-stick" usesFunction="false" />
	<symbol unicode="0xE112" display="battle_rifle" usesFunction="false" />
	<symbol unicode="0xE113" display="bomb" usesFunction="false" />
	<symbol unicode="0xE114" display="brute_shot" usesFunction="false" />
	<symbol unicode="0xE115" display="carbine" usesFunction="false" />
	<symbol unicode="0xE116" display="flag" usesFunction="false" />
	<symbol unicode="0xE117" display="flak_cannon" usesFunction="false" />
	<symbol unicode="0xE118" display="flamethrower" usesFunction="false" />
	<symbol unicode="0xE119" display="fuel_rod" usesFunction="false" />
	<symbol unicode="0xE11A" display="magnum" usesFunction="false" />
	<symbol unicode="0xE11B" display="needler" usesFunction="false" />
	<symbol unicode="0xE11C" display="oddball" usesFunction="false" />
	<symbol unicode="0xE11D" display="plasma_pistol" usesFunction="false" />
	<symbol unicode="0xE11E" display="plasma_rifle" usesFunction="false" />
	<symbol unicode="0xE11F" display="plasma_sword" usesFunction="false" />
	<symbol unicode="0xE120" display="rocket_launcher" usesFunction="false" />
	<symbol unicode="0xE121" display="shotgun" usesFunction="false" />
	<symbol unicode="0xE122" display="smg" usesFunction="false" />
	<symbol unicode="0xE123" display="sniper" usesFunction="false" />
	<symbol unicode="0xE124" display="beam_rifle" usesFunction="false" />
	<symbol unicode="0xE125" display="disintegrator" usesFunction="false" />
	<symbol unicode="0xE126" display="sentinel_beam_weapon" usesFunction="false" />
	<symbol unicode="0xE127" display="sentinel_needle_weapon" usesFunction="false" />
	<symbol unicode="0xE128" display="sentinel_grenade_weapon" usesFunction="false" />
	<symbol unicode="0xE129" display="sentinel_charge_weapon" usesFunction="false" />
	<symbol unicode="0xE12A" display="brute_plasma_rifle" usesFunction="false" />
	<symbol unicode="0xE12B" display="silenced_smg" usesFunction="false" />
	<symbol unicode="0xE132" display="keyboard_button_background0" usesFunction="false" />
	<symbol unicode="0xE133" display="keyboard_button_background1" usesFunction="false" />
	<symbol unicode="0xE134" display="keyboard_button_background2" usesFunction="false" />
	<symbol unicode="0xE135" display="keyboard_button_background3" usesFunction="false" />
	<symbol unicode="0xE136" display="footer_button_bg0_normal" usesFunction="false" />
	<symbol unicode="0xE137" display="footer_button_bg1_normal" usesFunction="false" />
	<symbol unicode="0xE138" display="footer_button_bg2_normal" usesFunction="false" />
	<symbol unicode="0xE139" display="footer_button_bg0_hovered" usesFunction="false" />
	<symbol unicode="0xE13A" display="footer_button_bg1_hovered" usesFunction="false" />
	<symbol unicode="0xE13B" display="footer_button_bg2_hovered" usesFunction="false" />
	<symbol unicode="0xE13C" display="gold-only" usesFunction="false" />
	<symbol unicode="0xE408" display="mapname" usesFunction="true" />
	<symbol unicode="0xE409" display="gametype" usesFunction="true" />
	<symbol unicode="0xE40A" display="variant" usesFunction="true" />
	<symbol unicode="0xE40B" display="motion_sensor_enabled" usesFunction="true" />
	<symbol unicode="0xE40C" display="teams_enabled" usesFunction="true" />
	<symbol unicode="0xE40D" display="vehicle_set" usesFunction="true" />
	<symbol unicode="0xE40E" display="weapon_set" usesFunction="true" />
	<symbol unicode="0xE40F" display="player0_profile_name" usesFunction="true" />
	<symbol unicode="0xE410" display="player1_profile_name" usesFunction="true" />
	<symbol unicode="0xE411" display="player2_profile_name" usesFunction="true" />
	<symbol unicode="0xE412" display="player3_profile_name" usesFunction="true" />
	<symbol unicode="0xE413" display="countdown" usesFunction="true" />
	<symbol unicode="0xE414" display="name_of_last_person_to_delay_countdown" usesFunction="true" />
	<symbol unicode="0xE415" display="build_number" usesFunction="true" />
	<symbol unicode="0xE416" display="leader" usesFunction="true" />
	<symbol unicode="0xE417" display="qprs" usesFunction="true" />
	<symbol unicode="0xE418" display="qprr" usesFunction="true" />
	<symbol unicode="0xE419" display="qpimi" usesFunction="true" />
	<symbol unicode="0xE41A" display="qpime" usesFunction="true" />
	<symbol unicode="0xE41B" display="qbwd" usesFunction="true" />
	<symbol unicode="0xE41C" display="qbwu" usesFunction="true" />
	<symbol unicode="0xE41D" display="qmaxm" usesFunction="true" />
	<symbol unicode="0xE41E" display="qnat" usesFunction="true" />
	<symbol unicode="0xE41F" display="active_multiplayer_protocol" usesFunction="true" />
	<symbol unicode="0xE420" display="live_ui_driver_gamertag" usesFunction="true" />
	<symbol unicode="0xE422" display="hud_quantity" usesFunction="true" />
	<symbol unicode="0xE423" display="ge_round_time_left" usesFunction="true" />
	<symbol unicode="0xE424" display="target_player_gamertag" usesFunction="true" />
	<symbol unicode="0xE425" display="game_player_count" usesFunction="true" />
	<symbol unicode="0xE426" display="coop_level_name" usesFunction="true" />
	<symbol unicode="0xE427" display="coop_level_description" usesFunction="true" />
	<symbol unicode="0xE428" display="coop_difficulty" usesFunction="true" />
	<symbol unicode="0xE429" display="player0_gamertag" usesFunction="true" />
	<symbol unicode="0xE42A" display="player1_gamertag" usesFunction="true" />
	<symbol unicode="0xE42B" display="player2_gamertag" usesFunction="true" />
	<symbol unicode="0xE42C" display="player3_gamertag" usesFunction="true" />
	<symbol unicode="0xE42D" display="hud_scoreboard_player_score" usesFunction="true" />
	<symbol unicode="0xE42E" display="hud_scoreboard_other_player_score" usesFunction="true" />
	<symbol unicode="0xE42F" display="hud_scoreboard_variant_name" usesFunction="true" />
	<symbol unicode="0xE430" display="hud_scoreboard_time_left" usesFunction="true" />
	<symbol unicode="0xE431" display="edit_player_profile_name" usesFunction="true" />
	<symbol unicode="0xE432" display="qebw" usesFunction="true" />
	<symbol unicode="0xE433" display="player_profile_blocks" usesFunction="true" />
	<symbol unicode="0xE434" display="game_variant_blocks" usesFunction="true" />
	<symbol unicode="0xE435" display="playlist_blocks" usesFunction="true" />
	<symbol unicode="0xE436" display="saved_film_blocks" usesFunction="true" />
	<symbol unicode="0xE437" display="target_player_clan_name" usesFunction="true" />
	<symbol unicode="0xE43A" display="hopper_name" usesFunction="true" />
	<symbol unicode="0xE43B" display="hopper_description" usesFunction="true" />
	<symbol unicode="0xE43E" display="hour_12" usesFunction="true" />
	<symbol unicode="0xE43F" display="hour_24" usesFunction="true" />
	<symbol unicode="0xE440" display="minute" usesFunction="true" />
	<symbol unicode="0xE441" display="day" usesFunction="true" />
	<symbol unicode="0xE442" display="month" usesFunction="true" />
	<symbol unicode="0xE443" display="year" usesFunction="true" />
	<symbol unicode="0xE444" display="saved_game_size" usesFunction="true" />
	<symbol unicode="0xE445" display="total_minimal_storage_blocks" usesFunction="true" />
	<symbol unicode="0xE446" display="button_jump" usesFunction="true" />
	<symbol unicode="0xE447" display="button_switch_grenade" usesFunction="true" />
	<symbol unicode="0xE448" display="button_action_reload" usesFunction="true" />
	<symbol unicode="0xE449" display="button_switch_weapon" usesFunction="true" />
	<symbol unicode="0xE44A" display="button_melee_attack" usesFunction="true" />
	<symbol unicode="0xE44B" display="button_flashlight" usesFunction="true" />
	<symbol unicode="0xE44C" display="button_throw_grenade" usesFunction="true" />
	<symbol unicode="0xE44D" display="button_fire" usesFunction="true" />
	<symbol unicode="0xE44E" display="button_start" usesFunction="true" />
	<symbol unicode="0xE44F" display="button_back" usesFunction="true" />
	<symbol unicode="0xE450" display="button_crouch" usesFunction="true" />
	<symbol unicode="0xE451" display="button_scope_zoom" usesFunction="true" />
	<symbol unicode="0xE452" display="button_scope_zoom_in" usesFunction="true" />
	<symbol unicode="0xE453" display="button_scope_zoom_out" usesFunction="true" />
	<symbol unicode="0xE454" display="button_lean_left" usesFunction="true" />
	<symbol unicode="0xE455" display="button_lean_right" usesFunction="true" />
	<symbol unicode="0xE456" display="button_accept" usesFunction="true" />
	<symbol unicode="0xE457" display="button_cancel" usesFunction="true" />
	<symbol unicode="0xE458" display="button_trick" usesFunction="true" />
	<symbol unicode="0xE459" display="button_brake" usesFunction="true" />
	<symbol unicode="0xE45A" display="button_pickup_weapon" usesFunction="true" />
	<symbol unicode="0xE45B" display="button_take_weapon" usesFunction="true" />
	<symbol unicode="0xE45C" display="button_speed_boost" usesFunction="true" />
	<symbol unicode="0xE45D" display="button_e_brake" usesFunction="true" />
	<symbol unicode="0xE45E" display="button_banshee_bomb" usesFunction="true" />
	<symbol unicode="0xE45F" display="button_stealth" usesFunction="true" />
	<symbol unicode="0xE460" display="button_chat" usesFunction="true" />
	<symbol unicode="0xE461" display="button_touch_device" usesFunction="true" />
	<symbol unicode="0xE466" display="button_flip_vehicle" usesFunction="true" />
	<symbol unicode="0xE467" display="button_enter_vehicle" usesFunction="true" />
	<symbol unicode="0xE468" display="button_board_vehicle" usesFunction="true" />
	<symbol unicode="0xE469" display="button_evict_from_vehicle" usesFunction="true" />
	<symbol unicode="0xE46A" display="button_pickup_dual_wield" usesFunction="true" />
	<symbol unicode="0xE46B" display="button_move_forward" usesFunction="true" />
	<symbol unicode="0xE46C" display="button_move_backward" usesFunction="true" />
	<symbol unicode="0xE46D" display="button_strafe_left" usesFunction="true" />
	<symbol unicode="0xE46E" display="button_strafe_right" usesFunction="true" />
	<symbol unicode="0xE46F" display="button_yaw_left" usesFunction="true" />
	<symbol unicode="0xE470" display="button_yaw_right" usesFunction="true" />
	<symbol unicode="0xE471" display="button_pitch_forward" usesFunction="true" />
	<symbol unicode="0xE472" display="button_pitch_backward" usesFunction="true" />
	<symbol unicode="0xE473" display="stick_move" usesFunction="true" />
	<symbol unicode="0xE474" display="stick_look" usesFunction="true" />
	<symbol unicode="0xE475" display="hud_betraying_player" usesFunction="true" />
	<symbol unicode="0xE476" display="animating_left_thumbstick" usesFunction="true" />
	<symbol unicode="0xE477" display="animating_right_thumbstick" usesFunction="true" />
	<symbol unicode="0xE478" display="matchmaking_countdown" usesFunction="true" />
	<symbol unicode="0xE479" display="new-content" usesFunction="true" />
	<symbol unicode="0xE47A" display="map_load_percent" usesFunction="true" />
	<symbol unicode="0xE47B" display="button_dual_fire" usesFunction="true" />
	<symbol unicode="0xE47C" display="button_verb1" usesFunction="true" />
	<symbol unicode="0xE47D" display="button_verb2" usesFunction="true" />
	<symbol unicode="0xE47E" display="button_verb3" usesFunction="true" />
	<symbol unicode="0xE47F" display="button_verb4" usesFunction="true" />
	<symbol unicode="0xE480" display="training_looklong_grouping" usesFunction="true" />
	<symbol unicode="0xE481" display="training_looklongH_grouping" usesFunction="true" />
	<symbol unicode="0xE482" display="training_move_grouping" usesFunction="true" />
	<symbol unicode="0xE483" display="training_moveURL_grouping" usesFunction="true" />
	<symbol unicode="0xE486" display="grouping_EOS" usesFunction="true" />
	<symbol unicode="0xE487" display="looklong_grouping_nested" usesFunction="true" />
	<symbol unicode="0xE488" display="move_grouping_nested" usesFunction="true" />
	<symbol unicode="0xE489" display="map-download-percent" usesFunction="true" />
	<symbol unicode="0xE48A" display="proposer" usesFunction="true" />
	<symbol unicode="0xE48B" display="yes_votes" usesFunction="true" />
	<symbol unicode="0xE48C" display="no_votes" usesFunction="true" />
	<symbol unicode="0xE48D" display="vote_booted" usesFunction="true" />
	<symbol unicode="0xE48E" display="vote_timer" usesFunction="true" />
	<symbol unicode="0xE48F" display="vote_variant" usesFunction="true" />
	<symbol unicode="0xE490" display="vote_mapname" usesFunction="true" />
	<symbol unicode="0xE491" display="pending_votes" usesFunction="true" />
	<symbol unicode="0xE492" display="resolution_change_seconds_remaining" usesFunction="true" />
	<symbol unicode="0xE493" display="button_roster" usesFunction="true" />
</symbols>