﻿<?xml version="1.0" encoding="utf-8"?>
<layouts>
	<!-- Scenario meta -->
	<layout for="scnr">
		<int32 name="script string table size" offset="0x3CC" />
		<uint32 name="script string table address" offset="0x3D8" />

		<int32 name="number of scripts" offset="0x3E0" />
		<uint32 name="script table address" offset="0x3E4" />

		<int32 name="number of script globals" offset="0x3EC" />
		<uint32 name="script global table address" offset="0x3F0" />

		<int32 name="number of script expressions" offset="0x490" />
		<uint32 name="script expression table address" offset="0x494" />

		<int32 name="number of script tag references" offset="0x3F8" />
		<uint32 name="script tag references table address" offset="0x3FC" />
	</layout>

	<layout for="script element" inherits="script element" />

	<layout for="script parameter element" inherits="script parameter element" />

	<layout for="script global element" inherits="script global element" />

	<layout for="script expression element" inherits="script expression element" />
</layouts>