﻿<?xml version="1.0" encoding="utf-8"?>
<symbols>
	<!-- To add a new locale symbol, just add it's hex value, and then it's friendly name -->

	<symbol code="0xEE8480" display="_a_button" />
	<symbol code="0xEE8481" display="_b_button" />
	<symbol code="0xEE8482" display="_x_button" />
	<symbol code="0xEE8483" display="_y_button" />
	<symbol code="0xEE8484" display="_left_bumper" />
	<symbol code="0xEE8485" display="_right_bumper" />
	<symbol code="0xEE8486" display="_left_trigger" />
	<symbol code="0xEE8487" display="_right_trigger" />
	<symbol code="0xEE8488" display="_dpad_up" />
	<symbol code="0xEE8489" display="_dpad_down" />
	<symbol code="0xEE848A" display="_dpad_left" />
	<symbol code="0xEE848B" display="_dpad_right" />
	<symbol code="0xEE848C" display="_start_button" />
	<symbol code="0xEE848D" display="_back_button" />
	<symbol code="0xEE848E" display="_left_thumb" />
	<symbol code="0xEE848F" display="_right_thumb" />

	<symbol code="0xEE8490" display="_left_stick" />
	<symbol code="0xEE8491" display="_right_stick" />
	<symbol code="0xEE8492" display="_assault_rifle" />
	<symbol code="0xEE8493" display="_ball" />
	<symbol code="0xEE8494" display="_battle_rifle" />
	<symbol code="0xEE8495" display="_bomb" />
	<symbol code="0xEE8496" display="_brute_shot" />
	<symbol code="0xEE8497" display="_carbine" />
	<symbol code="0xEE8498" display="_claymore_grenade" />
	<symbol code="0xEE8499" display="_energy_sword" />
	<symbol code="0xEE849A" display="_excavator" />
	<symbol code="0xEE849B" display="_firebomb_grenade" />
	<symbol code="0xEE849C" display="_flag" />
	<symbol code="0xEE849D" display="_flamethrower" />
	<symbol code="0xEE849E" display="_frag_grenade" />
	<symbol code="0xEE849F" display="_fuel_rod_gun" />

	<symbol code="0xEE84A0" display="_gravity_hammer" />
	<symbol code="0xEE84A1" display="_guardian_eye_beam" />
	<symbol code="0xEE84A2" display="_machinegun_turret" />
	<symbol code="0xEE84A3" display="_magnum" />
	<symbol code="0xEE84A4" display="_missile_launcher" />
	<symbol code="0xEE84A5" display="_needler" />
	<symbol code="0xEE84A6" display="_particle_beam_rifle" />
	<symbol code="0xEE84A7" display="_plasma_grenade" />
	<symbol code="0xEE84A8" display="_plasma_mortar_turret" />
	<symbol code="0xEE84A9" display="_plasma_pistol" />
	<symbol code="0xEE84AA" display="_plasma_rifle" />
	<symbol code="0xEE84AB" display="_plasma_turret" />
	<symbol code="0xEE84AC" display="_pump_laser" />
	<symbol code="0xEE84AD" display="_rocket_launcher" />
	<symbol code="0xEE84AE" display="_sentinel_beam" />
	<symbol code="0xEE84AF" display="_shotgun" />

	<symbol code="0xEE84B0" display="_smg" />
	<symbol code="0xEE84B1" display="_sniper_rifle" />
	<symbol code="0xEE84B2" display="_spike_rifle" />
	<symbol code="0xEE84B3" display="_button_left_thumb_a" />
	<symbol code="0xEE84B4" display="_button_left_thumb_b" />
	<symbol code="0xEE84B5" display="_button_left_thumb_c" />
	<symbol code="0xEE84B6" display="_button_right_thumb_a" />
	<symbol code="0xEE84B7" display="_button_right_thumb_b" />
	<symbol code="0xEE84B8" display="_button_right_thumb_c" />

	<symbol code="0xEE908B" display="_mapname" />
	<symbol code="0xEE908D" display="_variant" />
	<symbol code="0xEE908E" display="_motion_sensor_enabled" />
	<symbol code="0xEE908F" display="_teams_enabled" />

	<symbol code="0xEE9090" display="_vehicle_set" />
	<symbol code="0xEE9091" display="_weapon_set" />
	<symbol code="0xEE9092" display="_player0_profile_name" />
	<symbol code="0xEE9093" display="_player1_profile_name" />
	<symbol code="0xEE9094" display="_player2_profile_name" />
	<symbol code="0xEE9095" display="_player3_profile_name" />
	<symbol code="0xEE9096" display="_countdown" />
	<symbol code="0xEE9097" display="_name_of_last_person_to_delay_countdown" />
	<symbol code="0xEE9098" display="_build_number" />
	<symbol code="0xEE9099" display="_leader" />
	<symbol code="0xEE909A" display="_qprs" />
	<symbol code="0xEE909B" display="_qprr" />
	<symbol code="0xEE909C" display="_qpimi" />
	<symbol code="0xEE909D" display="_qpime" />
	<symbol code="0xEE909E" display="_qbwd" />
	<symbol code="0xEE909F" display="_qbwu" />

	<symbol code="0xEE90A0" display="_qmaxm" />
	<symbol code="0xEE90A1" display="_qnat" />
	<symbol code="0xEE90A5" display="_hud_quantity" />
	<symbol code="0xEE90A6" display="_ge_round_time_left" />
	<symbol code="0xEE90A7" display="_target_player_gamertag" />
	<symbol code="0xEE90A8" display="_game_player_count" />
	<symbol code="0xEE90A9" display="_coop_level_name" />
	<symbol code="0xEE90AA" display="_coop_level_description" />
	<symbol code="0xEE90AB" display="_coop_difficulty" />
	<symbol code="0xEE90AC" display="_player0_gamertag" />
	<symbol code="0xEE90AD" display="_player1_gamertag" />
	<symbol code="0xEE90AE" display="_player2_gamertag" />
	<symbol code="0xEE90AF" display="_player3_gamertag" />

	<symbol code="0xEE90B0" display="_hud_scoreboard_player_score" />
	<symbol code="0xEE90B1" display="_hud_scoreboard_other_player_score" />
	<symbol code="0xEE90B2" display="_hud_scoreboard_variant_name" />
	<symbol code="0xEE90B3" display="_hud_scoreboard_time_left" />
	<symbol code="0xEE90B5" display="_qebw" />
	<symbol code="0xEE90B9" display="_hopper_name" />
	<symbol code="0xEE90BA" display="_hopper_description" />
	<symbol code="0xEE90BD" display="_hour_12" />
	<symbol code="0xEE90BE" display="_hour_24" />
	<symbol code="0xEE90BF" display="_minute" />

	<symbol code="0xEE9180" display="_day" />
	<symbol code="0xEE9181" display="_month" />
	<symbol code="0xEE9182" display="_year" />
	<symbol code="0xEE9183" display="_button_jump" />
	<symbol code="0xEE9184" display="_button_switch_grenade" />
	<symbol code="0xEE9185" display="_button_action_reload" />
	<symbol code="0xEE9186" display="_button_switch_weapon" />
	<symbol code="0xEE9187" display="_button_melee_attack" />
	<symbol code="0xEE9188" display="_button_flashlight" />
	<symbol code="0xEE9189" display="_button_throw_grenade" />
	<symbol code="0xEE918A" display="_button_fire" />
	<symbol code="0xEE918B" display="_button_start" />
	<symbol code="0xEE918C" display="_button_back" />
	<symbol code="0xEE918D" display="_button_crouch" />
	<symbol code="0xEE918E" display="_button_scope_zoom" />
	<symbol code="0xEE918F" display="_button_lean_left" />

	<symbol code="0xEE9190" display="_button_lean_right" />
	<symbol code="0xEE9191" display="_button_accept" />
	<symbol code="0xEE9192" display="_button_cancel" />
	<symbol code="0xEE9193" display="_stick_move" />
	<symbol code="0xEE9194" display="_stick_look" />
	<symbol code="0xEE9195" display="_hud_betraying_player" />
	<symbol code="0xEE9196" display="_animating_left_thumbstick" />
	<symbol code="0xEE9197" display="_animating_right_thumbstick" />
	<symbol code="0xEE9198" display="_matchmaking_countdown" />
	<symbol code="0xEE919A" display="_map_load_percent" />
	<symbol code="0xEE919B" display="_button_dual_fire" />
	<symbol code="0xEE919C" display="_button_action_generic" />
	<symbol code="0xEE919D" display="_button_action_weapon_primary" />
	<symbol code="0xEE919E" display="_button_action_weapon_secondary" />
</symbols>