﻿<?xml version="1.0" encoding="utf-8"?>
<symbols>
	<!-- To add a new locale symbol, just add it's hex value, and then it's friendly name -->

	<symbol unicode="0xE100" display="a-button" usesFunction="false" />
	<symbol unicode="0xE101" display="b-button" usesFunction="false" />
	<symbol unicode="0xE102" display="x-button" usesFunction="false" />
	<symbol unicode="0xE103" display="y-button" usesFunction="false" />
	<symbol unicode="0xE104" display="black-button" usesFunction="false" />
	<symbol unicode="0xE105" display="white-button" usesFunction="false" />
	<symbol unicode="0xE106" display="left-trigger" usesFunction="false" />
	<symbol unicode="0xE107" display="right-trigger" usesFunction="false" />
	<symbol unicode="0xE108" display="dpad-up" usesFunction="false" />
	<symbol unicode="0xE109" display="dpad-down" usesFunction="false" />
	<symbol unicode="0xE10A" display="dpad-left" usesFunction="false" />
	<symbol unicode="0xE10B" display="dpad-right" usesFunction="false" />
	<symbol unicode="0xE10C" display="start-button" usesFunction="false" />
	<symbol unicode="0xE10D" display="back-button" usesFunction="false" />
	<symbol unicode="0xE10E" display="left-thumb" usesFunction="false" />
	<symbol unicode="0xE10F" display="right-thumb" usesFunction="false" />
	<symbol unicode="0xE110" display="left-stick" usesFunction="false" />
	<symbol unicode="0xE111" display="right-stick" usesFunction="false" />
	<symbol unicode="0xE112" display="battle_rifle" usesFunction="false" />
	<symbol unicode="0xE113" display="bomb" usesFunction="false" />
	<symbol unicode="0xE114" display="brute_shot" usesFunction="false" />
	<symbol unicode="0xE115" display="carbine" usesFunction="false" />
	<symbol unicode="0xE116" display="flag" usesFunction="false" />
	<symbol unicode="0xE117" display="flak_cannon" usesFunction="false" />
	<symbol unicode="0xE118" display="flamethrower" usesFunction="false" />
	<symbol unicode="0xE119" display="fuel_rod" usesFunction="false" />
	<symbol unicode="0xE11A" display="magnum" usesFunction="false" />
	<symbol unicode="0xE11B" display="needler" usesFunction="false" />
	<symbol unicode="0xE11C" display="oddball" usesFunction="false" />
	<symbol unicode="0xE11D" display="plasma_pistol" usesFunction="false" />
	<symbol unicode="0xE11E" display="plasma_rifle" usesFunction="false" />
	<symbol unicode="0xE11F" display="plasma_sword" usesFunction="false" />
	<symbol unicode="0xE120" display="rocket_launcher" usesFunction="false" />
	<symbol unicode="0xE121" display="shotgun" usesFunction="false" />
	<symbol unicode="0xE122" display="smg" usesFunction="false" />
	<symbol unicode="0xE123" display="sniper" usesFunction="false" />
	<symbol unicode="0xE124" display="beam_rifle" usesFunction="false" />
	<symbol unicode="0xE125" display="disintegrator" usesFunction="false" />
	<symbol unicode="0xE408" display="mapname" usesFunction="true" />
	<symbol unicode="0xE409" display="gametype" usesFunction="true" />
	<symbol unicode="0xE40A" display="variant" usesFunction="true" />
	<symbol unicode="0xE40B" display="motion_sensor_enabled" usesFunction="true" />
	<symbol unicode="0xE40C" display="teams_enabled" usesFunction="true" />
	<symbol unicode="0xE40D" display="vehicle_set" usesFunction="true" />
	<symbol unicode="0xE40E" display="weapon_set" usesFunction="true" />
	<symbol unicode="0xE40F" display="player0_profile_name" usesFunction="true" />
	<symbol unicode="0xE410" display="player1_profile_name" usesFunction="true" />
	<symbol unicode="0xE411" display="player2_profile_name" usesFunction="true" />
	<symbol unicode="0xE412" display="player3_profile_name" usesFunction="true" />
	<symbol unicode="0xE413" display="countdown" usesFunction="true" />
	<symbol unicode="0xE414" display="name_of_last_person_to_delay_countdown" usesFunction="true" />
	<symbol unicode="0xE415" display="build_number" usesFunction="true" />
	<symbol unicode="0xE416" display="leader" usesFunction="true" />
	<symbol unicode="0xE417" display="live_service_qos_probes_sent" usesFunction="true" />
	<symbol unicode="0xE418" display="live_service_qos_probes_received" usesFunction="true" />
	<symbol unicode="0xE419" display="live_service_qos_ping_minimum" usesFunction="true" />
	<symbol unicode="0xE41A" display="live_service_qos_ping_median" usesFunction="true" />
	<symbol unicode="0xE41B" display="live_service_qos_bandwidth_downstream" usesFunction="true" />
	<symbol unicode="0xE41C" display="live_service_qos_bandwidth_upstream" usesFunction="true" />
	<symbol unicode="0xE41D" display="live_max_machines" usesFunction="true" />
	<symbol unicode="0xE41E" display="live_nat_type" usesFunction="true" />
	<symbol unicode="0xE41F" display="active_multiplayer_protocol" usesFunction="true" />
	<symbol unicode="0xE420" display="live_ui_driver_gamertag" usesFunction="true" />
	<symbol unicode="0xE421" display="live_ui_driver_clan_name" usesFunction="true" />
	<symbol unicode="0xE422" display="hud_quantity" usesFunction="true" />
	<symbol unicode="0xE423" display="ge_round_time_left" usesFunction="true" />
	<symbol unicode="0xE424" display="target_player_gamertag" usesFunction="true" />
	<symbol unicode="0xE425" display="game_player_count" usesFunction="true" />
	<symbol unicode="0xE426" display="coop_level_name" usesFunction="true" />
	<symbol unicode="0xE427" display="coop_level_description" usesFunction="true" />
	<symbol unicode="0xE428" display="coop_difficulty" usesFunction="true" />
	<symbol unicode="0xE429" display="player0_gamertag" usesFunction="true" />
	<symbol unicode="0xE42A" display="player1_gamertag" usesFunction="true" />
	<symbol unicode="0xE42B" display="player2_gamertag" usesFunction="true" />
	<symbol unicode="0xE42C" display="player3_gamertag" usesFunction="true" />
	<symbol unicode="0xE42D" display="hud_scoreboard_player_score" usesFunction="true" />
	<symbol unicode="0xE42E" display="hud_scoreboard_other_player_score" usesFunction="true" />
	<symbol unicode="0xE42F" display="hud_scoreboard_variant_name" usesFunction="true" />
	<symbol unicode="0xE430" display="hud_scoreboard_time_left" usesFunction="true" />
	<symbol unicode="0xE431" display="edit_player_profile_name" usesFunction="true" />
	<symbol unicode="0xE432" display="live_estimated_bandwidth" usesFunction="true" />
</symbols>