﻿<?xml version="1.0" encoding="utf-8"?>
<layouts>
	<!-- Map header (minus version info) -->
	<layout for="header" inherits="header" />

	<!-- Index table header -->
	<layout for="index header" inherits="index header" />

	<!-- Tag group table entry -->
	<layout for="tag group element" inherits="tag group element" />

	<!-- Tag table entry -->
	<layout for="tag element" inherits="tag element" />
	
	<!-- Global tag table entry -->
	<layout for="global tag element" inherits="global tag element" />

	<!-- tag interop table entry -->
	<layout for="tag interop element" inherits="tag interop element" />

	<!-- Map globals meta -->
	<layout for="matg" inherits="matg" />

	<layout for="locale index table element" inherits="locale index table element" />

	<layout for="tag block" inherits="tag block" />

	<layout for="tag reference" inherits="tag reference" />

	<layout for="data reference" inherits="data reference" />

	<!-- unic (multilingual_unicode_string_list) -->
	<layout for="unic" inherits="unic" />

	<!-- sbsp (scenario_structure_bsp) -->
	<layout for="sbsp" inherits="sbsp" />

	<layout for="sbsp instanced geometry" inherits="sbsp instanced geometry" />
</layouts>