<?xml version="1.0" encoding="utf-8"?>
<tagGroups>
	<group magic="$#!+" name="cache_file_sound" />
	<group magic="*cen" name="scenario_scenery_resource" />
	<group magic="*eap" name="scenario_weapons_resource" />
	<group magic="*ehi" name="scenario_vehicles_resource" />
	<group magic="*igh" name="scenario_lights_resource" />
	<group magic="*ipd" name="scenario_bipeds_resource" />
	<group magic="*qip" name="scenario_equipment_resource" />
	<group magic="*rea" name="scenario_creature_resource" />
	<group magic="*sce" name="scenario_sound_scenery_resource" />
	<group magic="/**/" name="scenario_comments_resource" />
	<group magic="&lt;fx&gt;" name="sound_effect_template" />
	<group magic="adlg" name="ai_dialogue_globals" />
	<group magic="ai**" name="scenario_ai_resource" />
	<group magic="ant!" name="antenna" />
	<group magic="bipd" name="biped" />
	<group magic="bitm" name="bitmap" />
	<group magic="bloc" name="crate" />
	<group magic="BooM" name="stereo_system" />
	<group magic="bsdt" name="breakable_surface" />
	<group magic="char" name="character" />
	<group magic="cin*" name="scenario_cinematics_resource" />
	<group magic="clu*" name="scenario_cluster_data_resource" />
	<group magic="clwd" name="cloth" />
	<group magic="coll" name="collision_model" />
	<group magic="coln" name="colony" />
	<group magic="colo" name="color_table" />
	<group magic="cont" name="contrail" />
	<group magic="crea" name="creature" />
	<group magic="ctrl" name="device_control" />
	<group magic="dc*s" name="scenario_decorators_resource" />
	<group magic="dec*" name="scenario_decals_resource" />
	<group magic="deca" name="decal" />
	<group magic="DECP" name="decorators" />
	<group magic="DECR" name="decorator_set" />
	<group magic="devi" name="device" />
	<group magic="devo" name="cellular_automata" />
	<group magic="dgr*" name="scenario_devices_resource" />
	<group magic="dobc" name="detail_object_collection" />
	<group magic="effe" name="effect" />
	<group magic="egor" name="screen_effect" />
	<group magic="eqip" name="equipment" />
	<group magic="fog " name="planar_fog" />
	<group magic="foot" name="material_effects" />
	<group magic="fpch" name="patchy_fog" />
	<group magic="garb" name="garbage" />
	<group magic="gldf" name="chocolate_mountain" />
	<group magic="goof" name="multiplayer_variant_settings_interface_definition" />
	<group magic="grhi" name="grenade_hud_interface" />
	<group magic="hlmt" name="model" />
	<group magic="hmt " name="hud_message_text" />
	<group magic="hsc*" name="scenario_hs_source_file" />
	<group magic="hud#" name="hud_number" />
	<group magic="hudg" name="hud_globals" />
	<group magic="item" name="item" />
	<group magic="itmc" name="item_collection" />
	<group magic="jmad" name="model_animation_graph" />
	<group magic="jpt!" name="damage_effect" />
	<group magic="lens" name="lens_flare" />
	<group magic="lifi" name="device_light_fixture" />
	<group magic="ligh" name="light" />
	<group magic="lsnd" name="sound_looping" />
	<group magic="ltmp" name="scenario_structure_lightmap" />
	<group magic="mach" name="device_machine" />
	<group magic="matg" name="globals" />
	<group magic="mcsr" name="mouse_cursor_definition" />
	<group magic="mdlg" name="ai_mission_dialogue" />
	<group magic="metr" name="meter" />
	<group magic="MGS2" name="light_volume" />
	<group magic="mode" name="render_model" />
	<group magic="mpdt" name="material_physics" />
	<group magic="mply" name="multiplayer_scenario_description" />
	<group magic="mulg" name="multiplayer_globals" />
	<group magic="nhdt" name="new_hud_definition" />
	<group magic="obje" name="object" />
	<group magic="part" name="particle_old" /><!-- h2 alpha (from h1) -->
	<group magic="pctl" name="particle_system" /><!-- h2 alpha (from h1) -->
	<group magic="phmo" name="physics_model" />
	<group magic="phys" name="physics" />
	<group magic="pixl" name="pixel_shader" />
	<group magic="pmov" name="particle_physics" />
	<group magic="pphy" name="point_physics" />
	<group magic="proj" name="projectile" />
	<group magic="prt3" name="particle" />
	<group magic="PRTM" name="particle_model" />
	<group magic="sbsp" name="scenario_structure_bsp" />
	<group magic="scen" name="scenery" />
	<group magic="scnr" name="scenario" />
	<group magic="sfx+" name="sound_effect_collection" />
	<group magic="shad" name="shader" />
	<group magic="sily" name="text_value_pair_definition" />
	<group magic="skin" name="user_interface_list_skin_definition" />
	<group magic="sky " name="sky" />
	<group magic="slit" name="shader_light_response" />
	<group magic="sncl" name="sound_classes" />
	<group magic="snd!" name="sound" />
	<group magic="snde" name="sound_environment" />
	<group magic="snmx" name="sound_mix" />
	<group magic="spas" name="shader_pass" />
	<group magic="spk!" name="sound_dialogue_constants" />
	<group magic="ssce" name="sound_scenery" />
	<group magic="sslt" name="scenario_structure_lighting_resource" />
	<group magic="stem" name="shader_template" />
	<group magic="styl" name="style" />
	<group magic="tdtl" name="liquid" />
	<group magic="trak" name="camera_track" />
	<group magic="trg*" name="scenario_trigger_volumes_resource" />
	<group magic="udlg" name="dialogue" />
	<group magic="ugh!" name="sound_cache_file_gestalt" />
	<group magic="unhi" name="unit_hud_interface" />
	<group magic="unic" name="multilingual_unicode_string_list" />
	<group magic="unit" name="unit" />
	<group magic="vehc" name="vehicle_collection" />
	<group magic="vehi" name="vehicle" />
	<group magic="vrtx" name="vertex_shader" />
	<group magic="weap" name="weapon" />
	<group magic="weat" name="weather_system" />
	<group magic="wgit" name="user_interface_screen_widget_definition" />
	<group magic="wgtz" name="user_interface_globals_definition" />
	<group magic="whip" name="cellular_automata2d" />
	<group magic="wigl" name="user_interface_shared_globals_definition" />
	<group magic="wind" name="wind" />
	<group magic="wphi" name="weapon_hud_interface" />
</tagGroups>