<?xml version="1.0" encoding="utf-8"?>
<poking>
	<!-- To add a new build, just add the version number, and then depending on the game, the following;
	
				For engines that use a single pointer to the map header and the magic value just beyond:
				headerPointer       - The location of a pointer for a buffer containing the map header and magic. The offset (subtracting the header size) to the magic should be added to Engines.xml
				
				For engines where the above does not apply and the map header and magic are not pointers:
				headerAddress       - The location of the map header.
				magicAddress        - The location of the magic value to convert map addresses to runtime addresses.
				magicOffset         - The location inside headerAddress of the magic value to convert map addresses to runtime addresses. Should never change.
				sharedMagicAddress  - The location of the magic value to convert shared map addresses to runtime addresses. For Second Generation.-->

	<version name="1.1629.0.0" headerAddress="0xCC9998" magicAddress="0xD15118" />
	<version name="1.1658.0.0" headerAddress="0xCD80A8" magicAddress="0xD23838" />
	<version name="1.1698.0.0" headerAddress="0xCB3728" magicAddress="0xCFEEB8" />
	<version name="1.1716.0.0" headerAddress="0xCB3728" magicAddress="0xCFEEB8" />
	<version name="1.1767.0.0" headerAddress="0xBB1B2A8" magicAddress="0xB8E05F8" />
	<version name="1.1778.0.0" headerAddress="0xBB1B2A8" magicAddress="0xB8E05F8" />
	<version name="1.1792.0.0" headerAddress="0xBB1BA28" magicAddress="0xB8E0D78" />
	<version name="1.1829.0.0" headerAddress="0xBB30628" magicAddress="0xB8F5978" />
	<version name="1.1864.0.0" headerAddress="0xBB30628" magicAddress="0xB8F5978" />
	<version name="1.1871.0.0" headerAddress="0xBB30628" magicAddress="0xB8F5978" />
	<version name="1.1955.0.0" headerAddress="0x1CD7988" magicAddress="0x1A6D618" />
	<version name="1.2028.0.0" headerAddress="0x1CEC438" magicAddress="0x1A80AD8" />
	<version name="1.2094.0.0" headerAddress="0x1D15838" magicAddress="0x1AA9ED8" />
	<version name="1.2159.0.0" headerAddress="0x1D2D878" magicAddress="0x1ABB138" />
	<version name="1.2191.0.0" headerAddress="0x1D46118" magicAddress="0x1AD39B8" />
	<version name="1.2241.0.0" headerAddress="0x1D43F18" magicAddress="0x1AD17B8" />
	<version name="1.2282.0.0" headerAddress="0x1D43F18" magicAddress="0x1AD17E8" />
	<version name="1.2341.0.0" headerAddress="0x1D5A318" magicAddress="0x1AE7BE8" />
	<version name="1.2398.0.0" headerAddress="0x1D2C2C8" magicAddress="0x1AB9BA8" />
	<version name="1.2406.0.0" headerAddress="0x1D2C2C8" magicAddress="0x1AB9BA8" />
	<version name="1.2448.0.0" headerAddress="0x1D2C2C8" magicAddress="0x1AB9BA8" />
	<version name="1.2512.0.0" headerAddress="0x1E0B208" magicAddress="0x1B97098" />
	<version name="1.2523.0.0" headerAddress="0x1E0B208" magicAddress="0x1B97098" />
	<version name="1.2580.0.0" headerAddress="0x1E0D298" magicAddress="0x1B98FC8" />
	<version name="1.2589.0.0" headerAddress="0x1E0D298" magicAddress="0x1B98FC8" />
	<version name="1.2611.0.0" headerAddress="0x1E0D298" magicAddress="0x1B98FC8" />
	<version name="1.2645.0.0" headerAddress="0x1E0D298" magicAddress="0x1B98FC8" />
	<version name="1.2819.0.0" headerAddress="0x1E091A8" magicAddress="0x1B95158" />
	<version name="1.2835.0.0" headerAddress="0x1E09228" magicAddress="0x1B951D8" />
	<version name="1.2845.0.0" headerAddress="0x1E09228" magicAddress="0x1B951D8" />
	<version name="1.2862.0.0" headerAddress="0x1E09228" magicAddress="0x1B951D8" />
	<version name="1.2904.0.0" headerAddress="0x1E09228" magicAddress="0x1B951D8" />
	<version name="1.2969.0.0" headerAddress="0x1EABAB8" magicAddress="0x1C37288" />
	<version name="1.3065.0.0" headerAddress="0x1E929F8" magicAddress="0x1C2D698" />
	<version name="1.3073.0.0" headerAddress="0x1E929F8" magicAddress="0x1C2D698" />
	<version name="1.3232.0.0" headerAddress="0x20A8058" magicAddress="0x1FCE4C8" />
	<version name="1.3251.0.0" headerAddress="0x20A8058" magicAddress="0x1FCE4C8" />
	<version name="1.3272.0.0" headerAddress="0x20A8058" magicAddress="0x1FCE4C8" />
	<version name="1.3385.0.0" headerAddress="0x20A8058" magicAddress="0x1FCE4C8" />
	<version name="1.3495.0.0" headerAddress="0x20A9058" magicAddress="0x1FCF4C8" />
	<version name="1.3498.0.0" headerAddress="0x20A9058" magicAddress="0x1FCF4C8" />
	<version name="1.3528.0.0" headerAddress="0x20A9058" magicAddress="0x1FCF4C8" />
</poking>