﻿<?xml version="1.0" encoding="utf-8"?>
<vertexTypes game="Reach">
	<vertex type="0x00" name="s_world_vertex">
		<value stream="0" offset="0x0" type="float4" usage="position" usageIndex="0" />
		<value stream="0" offset="0x10" type="float16_2" usage="texcoords" usageIndex="0" />
		<value stream="0" offset="0x14" type="dhen3n" usage="normal" usageIndex="0" />
		<value stream="0" offset="0x18" type="dhen3n" usage="tangent" usageIndex="0" />
	</vertex>
	<vertex type="0x01" name="s_rigid_vertex">
		<value stream="0" offset="0x0" type="ushort4n" usage="position" usageIndex="0" />
		<value stream="0" offset="0x8" type="ushort2n" usage="texcoords" usageIndex="0" />
		<value stream="0" offset="0xC" type="dhen3n" usage="normal" usageIndex="0" />
		<value stream="0" offset="0x10" type="dhen3n" usage="tangent" usageIndex="0" />
	</vertex>
	<vertex type="0x02" name="s_skinned_vertex">
		<value stream="0" offset="0x0" type="ushort4n" usage="position" usageIndex="0" />
		<value stream="0" offset="0x8" type="ushort2n" usage="texcoords" usageIndex="0" />
		<value stream="0" offset="0xC" type="dhen3n" usage="normal" usageIndex="0" />
		<value stream="0" offset="0x10" type="dhen3n" usage="tangent" usageIndex="0" />
		<value stream="0" offset="0x14" type="ubyte4" usage="blendindices" usageIndex="0" />
		<value stream="0" offset="0x18" type="ubyte4n" usage="blendweight" usageIndex="0" />
	</vertex>
	<vertex type="0x03" name="s_particle_model_vertex">
		<value stream="0" offset="0x0" type="ushort4n" usage="position" usageIndex="0" />
		<value stream="0" offset="0x8" type="ushort2n" usage="texcoords" usageIndex="0" />
		<value stream="0" offset="0xC" type="dhen3n" usage="normal" usageIndex="0" />
	</vertex>
	<vertex type="0x04" name="s_flat_world_vertex">
		<value stream="0" offset="0x0" type="float4" usage="position" usageIndex="0" />
		<value stream="0" offset="0x10" type="float16_2" usage="texcoords" usageIndex="0" />
		<value stream="0" offset="0x14" type="dhen3n" usage="normal" usageIndex="0" />
		<value stream="0" offset="0x18" type="dhen3n" usage="tangent" usageIndex="0" />
	</vertex>
	<vertex type="0x05" name="s_flat_rigid_vertex">
		<value stream="0" offset="0x0" type="ushort4n" usage="position" usageIndex="0" />
		<value stream="0" offset="0x8" type="ushort2n" usage="texcoords" usageIndex="0" />
		<value stream="0" offset="0xC" type="dhen3n" usage="normal" usageIndex="0" />
		<value stream="0" offset="0x10" type="dhen3n" usage="tangent" usageIndex="0" />
	</vertex>
	<vertex type="0x06" name="s_flat_skinned_vertex">
		<value stream="0" offset="0x0" type="ushort4n" usage="position" usageIndex="0" />
		<value stream="0" offset="0x8" type="ushort2n" usage="texcoords" usageIndex="0" />
		<value stream="0" offset="0xC" type="dhen3n" usage="normal" usageIndex="0" />
		<value stream="0" offset="0x10" type="dhen3n" usage="tangent" usageIndex="0" />
		<value stream="0" offset="0x14" type="ubyte4" usage="blendindices" usageIndex="0" />
		<value stream="0" offset="0x18" type="ubyte4n" usage="blendweight" usageIndex="0" />
	</vertex>
	<vertex type="0x07" name="s_screen_vertex">
		<value stream="0" offset="0x0" type="float2" usage="position" usageIndex="0" />
		<value stream="0" offset="0x8" type="float2" usage="texcoords" usageIndex="0" />
		<value stream="0" offset="0x10" type="d3dcolor" usage="color" usageIndex="0" />
	</vertex>
	<vertex type="0x08" name="s_debug_vertex">
		<value stream="0" offset="0x0" type="float3" usage="position" usageIndex="0" />
		<value stream="0" offset="0xC" type="d3dcolor" usage="color" usageIndex="0" />
	</vertex>
	<vertex type="0x09" name="s_transparent_vertex">
		<value stream="0" offset="0x0" type="float3" usage="position" usageIndex="0" />
		<value stream="0" offset="0xC" type="float2" usage="texcoords" usageIndex="0" />
		<value stream="0" offset="0x14" type="d3dcolor" usage="color" usageIndex="0" />
	</vertex>
	<vertex type="0x0A" name="s_particle_vertex" />
	<vertex type="0x0B" name="s_contrail_vertex" />
	<vertex type="0x0C" name="s_light_volume_vertex" />
	<vertex type="0x0D" name="s_chud_vertex_simple">
		<value stream="0" offset="0x0" type="float2" usage="position" usageIndex="0" />
		<value stream="0" offset="0x8" type="float2" usage="texcoords" usageIndex="0" />
	</vertex>
	<vertex type="0x0E" name="s_chud_vertex_fancy">
		<value stream="0" offset="0x0" type="float3" usage="position" usageIndex="0" />
		<value stream="0" offset="0xC" type="d3dcolor" usage="color" usageIndex="0" />
		<value stream="0" offset="0x10" type="float2" usage="texcoords" usageIndex="0" />
	</vertex>
	<vertex type="0x0F" name="s_decorator_vertex">
		<value stream="0" offset="0x0" type="ushort4n" usage="position" usageIndex="0" />
		<value stream="0" offset="0x8" type="ushort2n" usage="texcoords" usageIndex="0" />
		<value stream="0" offset="0xC" type="dhen3n" usage="normal" usageIndex="0" />
		<value stream="1" offset="0x0" type="uhend3n" usage="position" usageIndex="1" />
		<value stream="1" offset="0x4" type="ubyte4" usage="color" usageIndex="2" />
		<value stream="1" offset="0x8" type="byte4n" usage="normal" usageIndex="1" />
		<value stream="1" offset="0xC" type="ubyte4n" usage="color" usageIndex="1" />
		<value stream="2" offset="0x0" type="ushort2" usage="position" usageIndex="2" />
	</vertex>
	<vertex type="0x10" name="s_tiny_position_vertex">
		<value stream="0" offset="0x0" type="short4n" usage="position" usageIndex="0" />
	</vertex>
	<vertex type="0x11" name="s_patchy_fog_vertex">
		<value stream="0" offset="0x0" type="float4" usage="position" usageIndex="0" />
	</vertex>
	<vertex type="0x12" name="s_water_vertex">
		<value stream="0" offset="0x0" type="float4" usage="position" usageIndex="0" />
		<value stream="0" offset="0x10" type="float16_2" usage="texcoords" usageIndex="0" />
		<value stream="0" offset="0x14" type="dhen3n" usage="normal" usageIndex="0" />
		<value stream="0" offset="0x18" type="dhen3n" usage="tangent" usageIndex="0" />
		<value stream="4" offset="0x0" type="ushort2n" usage="texcoords" usageIndex="1" />
		<value stream="2" offset="0x0" type="ushort2" usage="color" usageIndex="0" />
		<value stream="2" offset="0x4" type="ushort2" usage="color" usageIndex="1" />
		<value stream="2" offset="0x8" type="ushort2" usage="color" usageIndex="2" />
		<value stream="3" offset="0x0" type="float16_2" usage="position" usageIndex="1" />
	</vertex>
	<vertex type="0x13" name="s_ripple_vertex">
		<value stream="0" offset="0x0" type="float4" usage="position" usageIndex="0" />
		<value stream="0" offset="0x10" type="float4" usage="texcoords" usageIndex="0" />
		<value stream="0" offset="0x20" type="float4" usage="texcoords" usageIndex="1" />
		<value stream="0" offset="0x30" type="float4" usage="texcoords" usageIndex="2" />
		<value stream="0" offset="0x40" type="float4" usage="texcoords" usageIndex="3" />
		<value stream="0" offset="0x50" type="float4" usage="texcoords" usageIndex="4" />
		<value stream="0" offset="0x60" type="float4" usage="color" usageIndex="0" />
		<value stream="0" offset="0x70" type="float4" usage="color" usageIndex="1" />
	</vertex>
	<vertex type="0x14" name="s_implicit_vertex">
		<value stream="0" offset="0x0" type="float3" usage="position" usageIndex="0" />
		<value stream="0" offset="0xC" type="float2" usage="texcoords" usageIndex="0" />
	</vertex>
	<vertex type="0x15" name="s_beam_vertex" />
	<vertex type="0x16" name="s_world_tessellated_vertex">
		<value stream="0" offset="0x0" type="float4" usage="position" usageIndex="0" />
		<value stream="0" offset="0xC" type="float2" usage="texcoords" usageIndex="0" />
		<value stream="0" offset="0x14" type="dhen3n" usage="normal" usageIndex="0" />
		<value stream="0" offset="0x18" type="dhen3n" usage="tangent" usageIndex="0" />
	</vertex>
	<vertex type="0x17" name="s_rigid_tessellated_vertex">
		<value stream="0" offset="0x0" type="ushort4n" usage="position" usageIndex="0" />
		<value stream="0" offset="0x8" type="ushort2n" usage="texcoords" usageIndex="0" />
		<value stream="0" offset="0xC" type="dhen3n" usage="normal" usageIndex="0" />
		<value stream="0" offset="0x10" type="dhen3n" usage="tangent" usageIndex="0" />
	</vertex>
	<vertex type="0x18" name="s_skinned_tessellated_vertex">
		<value stream="0" offset="0x0" type="ushort4n" usage="position" usageIndex="0" />
		<value stream="0" offset="0x8" type="ushort2n" usage="texcoords" usageIndex="0" />
		<value stream="0" offset="0xC" type="dhen3n" usage="normal" usageIndex="0" />
		<value stream="0" offset="0x10" type="dhen3n" usage="tangent" usageIndex="0" />
		<value stream="0" offset="0x14" type="ubyte4" usage="blendindices" usageIndex="0" />
		<value stream="0" offset="0x18" type="ubyte4n" usage="blendweight" usageIndex="0" />
	</vertex>
	<vertex type="0x19" name="s_shader_cache_vertex">
		<value stream="0" offset="0x0" type="float16_4" usage="position" usageIndex="0" />
		<value stream="0" offset="0x8" type="float16_4" usage="texcoords" usageIndex="0" />
		<value stream="0" offset="0x10" type="float16_4" usage="normal" usageIndex="0" />
		<value stream="0" offset="0x18" type="float16_4" usage="tangent" usageIndex="0" />
		<value stream="0" offset="0x20" type="float16_4" usage="binormal" usageIndex="0" />
		<value stream="0" offset="0x28" type="float16_4" usage="texcoords" usageIndex="1" />
	</vertex>
	<vertex type="0x1A" name="s_instance_imposter_vertex">
		<value stream="0" offset="0x0" type="uhend3n" usage="position" usageIndex="0" />
		<value stream="0" offset="0x4" type="ubyte4n" usage="color" usageIndex="0" />
	</vertex>
	<vertex type="0x1B" name="s_object_imposter_vertex">
		<value stream="0" offset="0x0" type="ubyte4n" usage="position" usageIndex="0" />
		<value stream="0" offset="0x4" type="dhen3n" usage="normal" usageIndex="0" />
		<value stream="2" offset="0x0" type="ubyte4n" usage="texcoords" usageIndex="1" />
		<value stream="2" offset="0x4" type="ubyte4n" usage="texcoords" usageIndex="2" />
		<value stream="2" offset="0x8" type="ubyte4n" usage="texcoords" usageIndex="3" />
		<value stream="2" offset="0xC" type="ubyte4n" usage="texcoords" usageIndex="4" />
		<value stream="2" offset="0x10" type="ubyte4n" usage="texcoords" usageIndex="5" />
	</vertex>
	<vertex type="0x1C" name="s_rigid_vertex">
		<value stream="0" offset="0x0" type="udec4n" usage="position" usageIndex="0" />
		<value stream="0" offset="0x4" type="ushort2n" usage="texcoords" usageIndex="0" />
		<value stream="0" offset="0x8" type="dhen3n" usage="normal" usageIndex="0" />
		<value stream="0" offset="0xC" type="dhen3n" usage="tangent" usageIndex="0" />
	</vertex>
	<vertex type="0x1D" name="s_skinned_vertex">
		<value stream="0" offset="0x0" type="udec4n" usage="position" usageIndex="0" />
		<value stream="0" offset="0x4" type="ushort2n" usage="texcoords" usageIndex="0" />
		<value stream="0" offset="0x8" type="dhen3n" usage="normal" usageIndex="0" />
		<value stream="0" offset="0xC" type="dhen3n" usage="tangent" usageIndex="0" />
		<value stream="0" offset="0x10" type="ubyte4" usage="blendindices" usageIndex="0" />
		<value stream="0" offset="0x14" type="ubyte4n" usage="blendweight" usageIndex="0" />
	</vertex>
	<vertex type="0x1E" name="s_light_volume_pre_vertex">
		<value stream="0" offset="0x0" type="float16_4" usage="texcoords" usageIndex="0" />
	</vertex>
</vertexTypes>