<?xml version="1.0" encoding="utf-8"?>
<layouts>
	<!-- snd! (sound)-->
	<layout for="sound" inherits="sound" />

	<!-- ugh! (sound_cache_file_gestalt) -->
	<layout for="sound resource gestalt">
		<int32 name="number of codecs" offset="0x4" />
		<uint32 name="codec table address" offset="0x8" />
		
		<int32 name="number of playbacks" offset="0x10" />
		<uint32 name="playback table address" offset="0x14" />

		<int32 name="number of scales" offset="0x1C" />
		<uint32 name="scales table address" offset="0x20" />
		
		<int32 name="number of sound names" offset="0x28" />
		<uint32 name="sound name table address" offset="0x2C" />
		
		<int32 name="number of pitch range distances" offset="0x34" />
		<uint32 name="pitch range distance table address" offset="0x38" />
		
		<int32 name="number of pitch range parameters" offset="0x40" />
		<uint32 name="pitch range parameters table address" offset="0x44" />

		<int32 name="number of pitch ranges" offset="0x4C" />
		<uint32 name="pitch range table address" offset="0x50" />

		<int32 name="number of permutations" offset="0x58" />
		<uint32 name="permutation table address" offset="0x5C" />

		<int32 name="number of language permutations" offset="0x64" />
		<uint32 name="language permutation table address" offset="0x68" />
		
		<int32 name="number of custom playbacks" offset="0x70" />
		<uint32 name="custom playback table address" offset="0x74" />
		
		<int32 name="number of language durations" offset="0x7C" />
		<uint32 name="language duration table address" offset="0x80" />
		
		<int32 name="number of runtime permutation flags" offset="0x88" />
		<uint32 name="runtime permutation flag table address" offset="0x8C" />
		
		<int32 name="number of chunks" offset="0xB0" />
		<uint32 name="chunk table address" offset="0xB4" />
		
		<int32 name="number of promotions" offset="0xBC" />
		<uint32 name="promotion table address" offset="0xC0" />
		
		<int32 name="number of extra infos" offset="0xC8" />
		<uint32 name="extra info table address" offset="0xCC" />
	</layout>

	<layout for="sound codec" inherits="sound codec" />

	<layout for="sound playback" inherits="sound playback" />

	<layout for="sound scale" inherits="sound scale" />

	<layout for="sound name" inherits="sound name" />

	<layout for="sound pitch range distance" inherits="sound pitch range distance" />

	<layout for="sound pitch range parameter" inherits="sound pitch range parameter" />

	<layout for="sound pitch range" inherits="sound pitch range" />

	<layout for="sound permutation" inherits="sound permutation" />

	<layout for="sound language permutation" size="0x94">
		<int32 name="parent permutation index" offset="0x0" />

		<array name="languages" offset="0x4" count="12" entrySize="0xC">
			<int32 name="sample size" offset="0x0" />
			<int32 name="first chunk" offset="0x4" />
			<int32 name="chunk count" offset="0x8" />
		</array>
	</layout>

	<layout for="sound custom playback" inherits="sound custom playback" />
	<layout for="sound custom playback mix" inherits="sound custom playback mix" />
	<layout for="sound custom playback filter" inherits="sound custom playback filter" />
	<layout for="sound custom playback pitch lfo" inherits="sound custom playback pitch lfo" />
	<layout for="sound custom playback filter lfo" inherits="sound custom playback filter lfo" />

	<layout for="sound language duration" inherits="sound language duration" />
	<layout for="sound language permutation duration" inherits="sound language permutation duration" />
	<layout for="sound language pitch range" inherits="sound language pitch range" />

	<layout for="sound runtime permutation flag" inherits="sound runtime permutation flag" />

	<layout for="sound chunk" size="0x20">
		<uint32 name="offset" offset="0x0" />
		<uint32 name="encoded size" offset="0x4" />
		<int32 name="cache index" offset="0x8" />
		<int32 name="xma buffer start" offset="0xC" />
		<int32 name="xma buffer end" offset="0x10" />
		<int32 name="unknown1" offset="0x14" />
		<int32 name="unknown2" offset="0x18" />
		<int32 name="fmod bank suffix string id" offset="0x1C" />
	</layout>

	<layout for="sound promotion" inherits="sound promotion" />
	<layout for="sound promotion rule" inherits="sound promotion rule" />
	<layout for="sound promotion runtime timer" inherits="sound promotion runtime timer" />

	<layout for="sound extra info" inherits="sound extra info" />
	<layout for="sound encoded permutation section" inherits="sound encoded permutation section" />
	<layout for="sound dialogue info" inherits="sound dialogue info" />
	<layout for="sound extra info unknown1" inherits="sound extra info unknown1" />
	<layout for="sound extra info unknown2" inherits="sound extra info unknown2" />
	<layout for="sound extra info unknown3" inherits="sound extra info unknown3" />
	<layout for="sound extra info unknown4" inherits="sound extra info unknown4" />
</layouts>