﻿<?xml version="1.0" encoding="utf-8"?>
<layouts>
	<!-- Map header (minus version info) -->
	<layout for="header" size="0x3000">
		<uint32 name="file size" offset="0x8" />
		<uint32 name="index header address" offset="0x10" />
		<uint32 name="tag buffer offset" offset="0x14" />
		<uint32 name="virtual size" offset="0x18" />

		<asciiz name="build string" offset="0x11C" />
		<int16 name="type" offset="0x13C" />

		<int32 name="string table count" offset="0x160" />
		<int32 name="string table size" offset="0x164" />
		<int32 name="string index table offset" offset="0x168" />
		<int32 name="string table offset" offset="0x16C" />

		<int32 name="cache build date high" offset ="0x174" />
		<int32 name="cache build date low" offset ="0x178" />

		<asciiz name="internal name" offset="0x194" />
		<asciiz name="scenario name" offset="0x1B8" />

		<int32 name="file table count" offset="0x2BC" />
		<int32 name="file table offset" offset="0x2C0" />
		<int32 name="file table size" offset="0x2C4" />
		<int32 name="file index table offset" offset="0x2C8" />
		<int32 name="checksum" offset="0x2CC" />

		<uint32 name="virtual base address" offset="0x2F0" />
		<uint32 name="xdk version" offset="0x2F4" />
		<array name="partitions" offset="0x2F8" count="4" entrySize="0x8">
			<uint32 name="load address" offset="0x0" />
			<uint32 name="size" offset="0x4" />
		</array>

		<!-- Interop data -->
		<array name="offset masks" offset="0x48C" count="4" entrySize="0x4">
			<uint32 name="mask" offset="0x0" />
		</array>
		<array name="sections" offset="0x49C" count="4" entrySize="0x8">
			<uint32 name="virtual address" offset="0x0" />
			<uint32 name="size" offset="0x4" />
		</array>
	</layout>

	<!-- Index table header -->
	<layout for="index header" inherits="index header" />

	<!-- Tag group table entry -->
	<layout for="tag group element" inherits="tag group element" />

	<!-- Tag table entry -->
	<layout for="tag element" inherits="tag element" />

	<!-- Global tag table entry -->
	<layout for="global tag element" inherits="global tag element" />

	<!-- tag interop table entry -->
	<layout for="tag interop element" inherits="tag interop element" />

	<!-- Map globals meta -->
	<layout for="matg" inherits="matg" />

	<layout for="locale index table element" inherits="locale index table element" />

	<layout for="tag block" inherits="tag block" />

	<layout for="tag reference" inherits="tag reference" />

	<layout for="data reference" inherits="data reference" />

	<!-- unic (multilingual_unicode_string_list) -->
	<layout for="unic" inherits="unic" />

	<!-- sbsp (scenario_structure_bsp) -->
	<layout for="sbsp" inherits="sbsp" />

	<layout for="sbsp instanced geometry" inherits="sbsp instanced geometry" />
</layouts>