﻿<?xml version="1.0" encoding="utf-8"?>
<layouts>
	<!-- Map header (minus version info) -->
	<layout for="header" size="0x3000">
		<uint64 name="file size" offset="0x8" />
		<uint64 name="index header address" offset="0x10" />
		<uint32 name="tag buffer offset" offset="0x18" />
		<uint32 name="virtual size" offset="0x1C" />

		<asciiz name="build string" offset="0x120" />
		<int16 name="type" offset="0x140" />

		<int32 name="string table count" offset="0x15C" />
		<int32 name="string table size" offset="0x160" />
		<int32 name="string index table offset" offset="0x164" />
		<int32 name="string table offset" offset="0x168" />

		<int32 name="cache build date high" offset ="0x170" />
		<int32 name="cache build date low" offset ="0x174" />

		<asciiz name="internal name" offset="0x198" />
		<asciiz name="scenario name" offset="0x1BC" />

		<int32 name="file table count" offset="0x2C0" />
		<int32 name="file table offset" offset="0x2C4" />
		<int32 name="file table size" offset="0x2C8" />
		<int32 name="file index table offset" offset="0x2CC" />
		<int32 name="checksum" offset="0x2D0" />

		<uint64 name="virtual base address" offset="0x2F8" />
		<uint32 name="xdk version" offset="0x300" />
		<array name="partitions" offset="0x308" count="6" entrySize="0x10">
			<uint64 name="load address" offset="0x0" />
			<uint64 name="size" offset="0x8" />
		</array>

		<!-- Interop data -->
		<array name="offset masks" offset="0x4B4" count="4" entrySize="0x4">
			<uint32 name="mask" offset="0x0" />
		</array>
		<array name="sections" offset="0x4C4" count="4" entrySize="0x8">
			<uint32 name="virtual address" offset="0x0" />
			<uint32 name="size" offset="0x4" />
		</array>

		<array name="compressed section offsets" offset="0x2AD4" count="4" entrySize="0x4">
			<uint32 name="offset" offset="0x0" />
		</array>
		<array name="compressed section sizes" offset="0x2AE4" count="4" entrySize="0x4">
			<uint32 name="compressed size" offset="0x0" />
		</array>
		<array name="compressed section types" offset="0x2AF4" count="4" entrySize="0x1">
			<byte name="type" offset="0x0" />
		</array>

		<int32 name="footer magic" offset="0x2FF8" />
	</layout>

	<!-- Index table header -->
	<layout for="index header" inherits="index header" />

	<!-- Tag group table entry -->
	<layout for="tag group element" inherits="tag group element" />

	<!-- Tag table entry -->
	<layout for="tag element" inherits="tag element" />

	<!-- Global tag table entry -->
	<layout for="global tag element" inherits="global tag element" />

	<!-- tag interop table entry -->
	<layout for="tag interop element" inherits="tag interop element" />

	<!-- Map globals meta -->
	<layout for="matg" inherits="matg" />

	<layout for="locale index table element" inherits="locale index table element" />

	<layout for="tag block" inherits="tag block" />

	<layout for="tag reference" inherits="tag reference" />

	<layout for="data reference" inherits="data reference" />

	<!-- unic (multilingual_unicode_string_list) -->
	<layout for="unic" inherits="unic" />

	<!-- sbsp (scenario_structure_bsp) -->
	<layout for="sbsp" inherits="sbsp" />

	<layout for="sbsp instanced geometry" inherits="sbsp instanced geometry" />
</layouts>