<?xml version="1.0" encoding="utf-8"?>
<layouts>
	<!-- Scenario Context -->
	<layout for="scnr_script_context">
		<tagblock name="zone_set" offset="0x54" entrySize="0x24">
			<stringId name="Name" offset="0x0"/>
		</tagblock>
		<tagblock name="object_name" offset="0xB0" entrySize="0x24">
			<asciiz name="Name" offset="0x0"/>
		</tagblock>
		<tagblock name="device_group" offset="0x134" entrySize="0x28">
			<asciiz name="Name" offset="0x0"/>
		</tagblock>
		<tagblock name="starting_profile" offset="0x248" entrySize="0x58">
			<asciiz name="Name" offset="0x0"/>
		</tagblock>
		<tagblock name="trigger_volume" offset="0x260" entrySize="0x44">
			<stringId name="Name" offset="0x0"/>
		</tagblock>
		<tagblock name="ai_squad_group" offset="0x380" entrySize="0x28">
			<asciiz name="Name" offset="0x0"/>
		</tagblock>
		<tagblock name="ai_squad" offset="0x38C" entrySize="0x40">
			<asciiz name="Name" offset="0x0"/>
			<tagblock name="ai_base_squad" offset="0x30" entrySize="0x60">
				<tagblock name="ai_starting_location" offset="0x54" entrySize="0x88">
					<stringId name="Name" offset="0x4"/>
				</tagblock>
			</tagblock>
		</tagblock>
		<tagblock name="scripting_data" offset="0x424" entrySize="0x84">
			<tagblock name="point_set" offset="0x0" entrySize="0x34">
				<asciiz name="Name" offset="0x0" />
				<tagblock name="point_set_point" offset="0x20" entrySize="0x3C">
					<asciiz name="Name" offset="0x0" />
				</tagblock>
			</tagblock>
		</tagblock>
		<tagblock name="cutscene_flag" offset="0x430" entrySize="0x20">
			<stringId name="Name" offset="0x4"/>
		</tagblock>
		<tagblock name="cutscene_camera_point" offset="0x43C" entrySize="0x40">
			<asciiz name="Name" offset="0x4"/>
		</tagblock>
		<tagblock name="cutscene_title" offset="0x448" entrySize="0x28">
			<stringId name="Name" offset="0x0"/>
		</tagblock>
		<tagblock name="unit_seat_mapping" offset="0x480" entrySize="0xC">
			<tagRef name="Unit" withGroup="false" offset="0x0"/>
			<int32 name="Seats 1" offset="0x4" />
			<int32 name="Seats 2" offset="0x8" />
		</tagblock>
		<tagblock name="folder" offset="0x640" entrySize="0x104">
			<asciiz name="Name" offset="0x4"/>
		</tagblock>
		<tagblock name="ai_objective" offset="0x710" entrySize="0x14">
			<stringId name="Name" offset="0x0"/>
			<tagblock name="ai_role" offset="0x8" entrySize="0xCC">
				<stringId name="Name" offset="0x88"/>
			</tagblock>
		</tagblock>
		<tagblock name="designer_zone" offset="0x71C" entrySize="0xBC">
			<stringId name="Name" offset="0x0"/>
		</tagblock>
		<tagblock name="cinematic_lightprobe" offset="0x74C" entrySize="0x14">
			<stringId name="Name" offset="0x0"/>
		</tagblock>
	</layout>

	<!-- Mission Dialogue Context -->
	<layout for="mdlg_script_context" inherits="mdlg_script_context" />

	<!-- Vehicle Seats (Required For Unit Seat Mappings) -->
	<layout for="vehi_seats" inherits="vehi_seats" />
</layouts>