﻿<?xml version="1.0" encoding="utf-8"?>
<layouts>
	<layout for="header" size="0x380">
		<uint32 name="file size" offset="0x8" />
		<uint32 name="meta offset" offset="0x10" />
		<int32 name="meta size" offset="0x14" />

		<int16 name="type" offset="0x18" />
		<int16 name="flags" offset="0x1C" />

		<int32 name="file table count" offset="0x20" />
		<uint32 name="file table offset" offset="0x24" />
		<int32 name="file table size" offset="0x28" />
		<uint32 name="file index table offset" offset="0x2C" />

		<int32 name="string table count" offset="0x30" />
		<uint32 name="string table offset" offset="0x34" />
		<int32 name="string table size" offset="0x38" />
		<uint32 name="string index table offset" offset="0x3C" />

		<int32 name="cache build date high" offset ="0x48" />
		<int32 name="cache build date low" offset ="0x4C" />
		
		<asciiz name="build string" offset="0x90" />

		<asciiz name="internal name" offset="0xB0" />
		<asciiz name="scenario name" offset="0xD0" />

		<uint32 name="meta offset mask" offset="0x2D0" />
		<uint32 name="tag data offset" offset="0x2D4" />
		<int32 name="tag data size" offset="0x2D8" />

		<uint32 name="locale globals offset" offset="0x2E4" />
		<uint32 name="locale globals size" offset="0x2E8" />

		<uint32 name="sound gestalt datum index" offset="0x2EC" />

		<uint32 name="raw table offset" offset="0x2F0" />
		<int32 name="raw table size" offset="0x2F4" />

		<uint32 name="checksum" offset="0x2F8" />

		<uint32 name="compression data chunk size" offset="0x308" />
		<uint32 name="compression data offset" offset="0x30C" />
		<uint32 name="compression chunk table offset" offset="0x310" />
		<uint32 name="compression chunk table count" offset="0x314" />
	</layout>

	<layout for="meta header" inherits="meta header" />

	<layout for="tag group element" inherits="tag group element" />

	<layout for="tag element" inherits="tag element" />

	<layout for="locale globals" inherits="locale globals" />

	<!-- Map globals meta -->
	<layout for="matg" inherits="matg" />

	<layout for="locale index table element" inherits="locale index table element" />

	<layout for="tag block" inherits="tag block" />

	<layout for="tag reference" inherits="tag reference" />

	<layout for="data reference" inherits="data reference" />

	<!-- unic (multilingual_unicode_string_list) -->
	<layout for="unic" inherits="unic" />

	<!-- sbsp (scenario_structure_bsp) -->
	<layout for="sbsp" inherits="sbsp" />

	<layout for="sbsp instanced geometry" inherits="sbsp instanced geometry" />
</layouts>